label,Attribute_name,total_vals,num_nans,num_of_dist_val,mean,std_dev,min_val,max_val,%_dist_val,%_nans,sample_1,sample_2,sample_3,sample_4,sample_5,has_delimiters,has_url,has_email,has_date,mean_word_count,std_dev_word_count,mean_stopword_total,stdev_stopword_total,mean_char_count,stdev_char_count,mean_whitespace_count,stdev_whitespace_count,mean_delim_count,stdev_delim_count,is_list,is_long_sentence
1,Month,4574,0,12,6.360734587,3.427071038,1,12,0.262352427,0,2,11,3,6,10,FALSE,FALSE,FALSE,TRUE,1,0,0,0,1.4,0.489897949,0,0,0,0,FALSE,FALSE
1,Year,4574,0,15,2012.071491,4.385242335,2005,2019,0.327940533,0,2005,2011,2015,2010,2018,FALSE,FALSE,FALSE,TRUE,1,0,0,0,4,0,0,0,0,0,FALSE,FALSE
0,CRM Index,4574,0,16,1.897529515,0.335835918,0,2,0.349803236,0,2,0,1.3,1.6,0.8,FALSE,FALSE,FALSE,TRUE,1,0,0,0,3,0,0,0,0,0,FALSE,FALSE
0,ERM Index,4574,0,16,1.605553126,0.69905598,0,2,0.349803236,0,2,0.8,1.4,1.5,1.9,FALSE,FALSE,FALSE,TRUE,1,0,0,0,3,0,0,0,0,0,FALSE,FALSE
0,PCM Index,4574,0,16,0.651770879,1.494735014,-9,1,0.349803236,0,1,0.9,0.7,0,0.8,FALSE,FALSE,FALSE,TRUE,1,0,0,0,3,0,0,0,0,0,FALSE,FALSE
0,CSM Index,4574,0,50,3.704809794,1.127973812,0,5,1.093135111,0,4.8,3.3,2.9,3.2,4.5,FALSE,FALSE,FALSE,TRUE,1,0,0,0,3,0,0,0,0,0,FALSE,FALSE
0,CSRI,4574,0,95,7.916222125,1.961773753,0,10,2.076956712,0,9.8,8.3,7.9,5.1,6.9,FALSE,FALSE,FALSE,TRUE,1,0,0,0,3,0,0,0,0,0,FALSE,FALSE
0,Escalated Complaints,4574,0,108,8.531482291,16.96138111,0,297,2.361171841,0,1,4,5,2,9,FALSE,FALSE,FALSE,TRUE,1,0,0,0,1,0,0,0,0,0,FALSE,FALSE
1,Service Provider,4574,0,199,0,0,0,0,4.350677744,0,New York State Electric & Gas Corp. ,AT&T,XChange Telecom,National Grid - L I,Aqua New York,FALSE,FALSE,FALSE,FALSE,3.8,2.481934729,0,0,17.4,10.51855503,2.8,2.481934729,2.8,2.481934729,FALSE,FALSE
0,Complaint Response Time,4574,0,338,9.586029733,6.954466457,-1.1,121.4,7.389593354,0,6.1,11.1,4,28.3,21,FALSE,FALSE,FALSE,TRUE,1,0,0,0,3.6,0.489897949,0,0,0,0,FALSE,FALSE
0,Initial Complaints,4574,0,465,72.17009182,116.3572459,10,1387,10.16615654,0,44,23,19,29,11,FALSE,FALSE,FALSE,TRUE,1,0,0,0,2,0,0,0,0,0,FALSE,FALSE
0,Escalated Complaint Response Time,4574,0,612,13.58823787,24.87264724,0,556.1,13.37997376,0,6,5.6,5.1,21.3,16.4,FALSE,FALSE,FALSE,TRUE,1,0,0,0,3.4,0.489897949,0,0,0,0,FALSE,FALSE
0,Avg Age of Cases Pending,4574,0,671,17.03139484,24.10989058,0,289,14.6698732,0,12.2,7.4,7,3,12.6,FALSE,FALSE,FALSE,TRUE,1,0,0,0,3.4,0.489897949,0,0,0,0,FALSE,FALSE