Service Provider,times_entered,total,percent_of_entries,group,reason,group_new
"Accent Energy Midwest, LLC ",41,4574,0.008963708,1,,
Adelphia Cable - Buffalo ,1,4574,0.000218627,2,,
"Agway Energy Services, LLC.",8,4574,0.001749016,3,,
"ALL AMERICAN POWER & GAS, LLC",1,4574,0.000218627,4,,
"Alpha Gas And Electric, Llc",7,4574,0.001530389,5,,
Ambit Energy,37,4574,0.0080892,6,,
Ambit Energy ,5,4574,0.001093135,6,,
"American Power & Gas, LLC",25,4574,0.005465676,7,,
"Amplified Power & Gas, LLC",2,4574,0.000437254,7,,
Aqua New York,2,4574,0.000437254,8,,
Astral Energy LLC,7,4574,0.001530389,9,,
AT&T,76,4574,0.016615654,10,,
AT&T ,62,4574,0.013554875,10,,
AT&T (C),1,4574,0.000218627,10,,
AT&T of New York ,4,4574,0.000874508,11,,
"Atlantic Energy, LLC",2,4574,0.000437254,12,,
Atlantic Power & Gas LLC,1,4574,0.000218627,13,,
"BridgeCom International, Ltd. ",3,4574,0.000655881,14,,
Broadview Networks,24,4574,0.005247049,15,,
Broadview Networks ,56,4574,0.012243113,15,,
Brown's Fuel,1,4574,0.000218627,16,,
"BTI Communications, Inc. d/b/a TELZEQ Communications",7,4574,0.001530389,17,,
"BUY ENERGY DIRECT, LLC",1,4574,0.000218627,18,,
Cablevision of Long Island,50,4574,0.010931351,19,,
Cablevision of Long Island ,38,4574,0.008307827,19,,
Cablevision of New York City,69,4574,0.015085265,20,,
Cablevision of New York City ,55,4574,0.012024486,20,,
Cablevision of Westchester,4,4574,0.000874508,21,,
Cablevision of Westchester ,1,4574,0.000218627,21,,
Central Hudson Gas & Electric Corp.,110,4574,0.024048972,22,,
Central Hudson Gas & Electric Corp. ,64,4574,0.013992129,22,,
Charter Communications ,1,4574,0.000218627,23,,
Citizens Communications,74,4574,0.0161784,24,,
Citizens Communications ,2,4574,0.000437254,24,,
Citizens Communications (ILEC),1,4574,0.000218627,24,,
City of Jamestown Board of Public Utilities ,1,4574,0.000218627,25,,
"City Power & Gas, LLC",1,4574,0.000218627,26,,
Columbia Energy Services Company ,3,4574,0.000655881,27,,
"Columbia Utilities Power, Llc (electric) ",15,4574,0.003279405,28,,
"Columbia Utilities Power, Llc (gas) ",1,4574,0.000218627,29,,
Comcast Cable of New York - CATV ,1,4574,0.000218627,30,,
"Communicate Technological Systems, CTS, LLC. ",1,4574,0.000218627,31,,
Con Edison Of New York,59,4574,0.012898994,32,,
Con Edison of New York,51,4574,0.011149978,32,,
Con Edison of New York ,67,4574,0.01464801,32,,
Constellation NewEnergy,1,4574,0.000218627,33,,
Cordia Communications Company ,16,4574,0.003498032,34,,
Cordia Communications Corp,4,4574,0.000874508,34,,
Cordia Communications Corp ,23,4574,0.005028422,34,,
Corning Natural Gas Corp. ,1,4574,0.000218627,35,,
CTC Communications Corp. ,1,4574,0.000218627,36,,
Direct Energy Services LLC,47,4574,0.01027547,37,,
Direct Energy Services LLC ,2,4574,0.000437254,37,,
Econnergy ,17,4574,0.003716659,38,,
"Eligo Energy Ny, Llc",9,4574,0.001967643,39,,
"Energetix, Inc.",2,4574,0.000437254,40,,
"Energetix, Inc. ",1,4574,0.000218627,40,,
Energy Plus Holdings LLC,9,4574,0.001967643,41,,
Energy Plus Holdings LLC ,2,4574,0.000437254,41,,
"Entrust Energy East, Inc.",1,4574,0.000218627,42,,
"Family Energy, Inc.",39,4574,0.008526454,43,,
"Family Energy, Inc. ",1,4574,0.000218627,43,,
Flanders Energy LLC,10,4574,0.00218627,44,,
Forest Park Water Co. Inc.,1,4574,0.000218627,45,,
Frontier Communications of NY/aka Highland Tel,5,4574,0.001093135,46,,
"Frontier Communications of Rochester, ",1,4574,0.000218627,47,,
"Frontier Communications of Rochester, Inc.",5,4574,0.001093135,47,,
"Frontier Telephone of Rochester, Inc.",39,4574,0.008526454,138,,
"Frontier Telephone Of Rochester, Inc.",24,4574,0.005247049,138,,
"Frontier Telephone of Rochester, Inc. ",51,4574,0.011149978,138,,
Frontier Utilities Northeast LLC,3,4574,0.000655881,48,,
Gateway Energy Services Corp.,12,4574,0.002623524,49,,
"Hiko Energy, Llc",17,4574,0.003716659,50,,
"Hudson Energy Services, Llc",2,4574,0.000437254,51,,
"Hudson Energy Services, LLC ",40,4574,0.008745081,51,,
Hudson Valley Water Co.,1,4574,0.000218627,52,,
IDT America Corp. ,40,4574,0.008745081,53,,
"IDT America, Corp.",1,4574,0.000218627,53,,
"IDT Energy, Inc.",29,4574,0.006340184,54,,
"Idt Energy, Inc.",20,4574,0.00437254,54,,
"IDT Energy, Inc. ",41,4574,0.008963708,54,,
"Infinite Energy, Inc. ",1,4574,0.000218627,55,,
Josco Energy Corp,26,4574,0.005684303,56,,
Just Energy New York Corp,40,4574,0.008745081,57,,
Just Energy New York Corp ,8,4574,0.001749016,57,,
KeySpan of Long Island ,40,4574,0.008745081,58,,
KeySpan of New York ,40,4574,0.008745081,59,,
Kiwi Energy Inc.,17,4574,0.003716659,60,,
Knolls Water Co.,1,4574,0.000218627,61,,
Liberty Power Corp.,10,4574,0.00218627,62,,
Liberty Power Corp. ,24,4574,0.005247049,62,,
Long Island Water Corporation D/b/a Long Island American Water,37,4574,0.0080892,63,,
Major Energy Services LLC,26,4574,0.005684303,64,,
MCI ,50,4574,0.010931351,65,,
Metropolitan Telecommunications ,5,4574,0.001093135,66,,
Mpower Energy LLC,30,4574,0.006558811,67,,
Mpower Energy LLC ,1,4574,0.000218627,67,,
MXenergy,16,4574,0.003498032,68,,
MXenergy ,6,4574,0.001311762,68,,
"My Tel Co, Inc. ",3,4574,0.000655881,69,,
National Fuel Gas Distribution,110,4574,0.024048972,70,,
National Fuel Gas Distribution ,67,4574,0.01464801,70,,
National Grid - L I,111,4574,0.024267599,71,,
National Grid - L I ,26,4574,0.005684303,71,,
National Grid - Metro Ny,110,4574,0.024048972,72,,
National Grid - Metro Ny ,24,4574,0.005247049,72,,
National Grid - Upstate,110,4574,0.024048972,73,,
National Grid - Upstate ,27,4574,0.00590293,73,,
National Grid -Metro Ny ,3,4574,0.000655881,74,,
"National Grid, Inc.",26,4574,0.005684303,75,,
"National Grid, Inc. ",5,4574,0.001093135,75,,
New Rochelle Telephone Company ,5,4574,0.001093135,76,,
New York American Water,30,4574,0.006558811,77,,
New York State Electric & Gas Corp.,111,4574,0.024267599,78,,
New York State Electric & Gas Corp. ,66,4574,0.014429383,78,,
Next Gen Telephone Co. ,1,4574,0.000218627,79,,
Niagara Mohawk - A National Grid Company,1,4574,0.000218627,80,,
Niagara Mohawk - A National Grid Company ,8,4574,0.001749016,80,,
Non-Jurisdictional / Deleted Complaint,2,4574,0.000437254,81,,
North American Power & Gas LLC,14,4574,0.003060778,82,,
North Energy LLC,2,4574,0.000437254,83,,
"NYSEG Solutions, Inc.",15,4574,0.003279405,78,,
Optimum - Long Island,1,4574,0.000218627,84,,
Optimum - New York City,1,4574,0.000218627,85,,
Optimum Voice,36,4574,0.007870573,86,,
Optimum Voice ,17,4574,0.003716659,86,,
Orange & Rockland,111,4574,0.024267599,87,,
Orange & Rockland ,66,4574,0.014429383,88,,
Plymouth Rock Energy LLC,2,4574,0.000437254,89,,
PSEG Long Island,51,4574,0.011149978,90,,
Pseg Long Island,18,4574,0.003935286,90,,
Rochester Gas & Electric Corp.,110,4574,0.024048972,91,,
Rochester Gas & Electric Corp. ,67,4574,0.01464801,91,,
"SBR Energy, LLC",1,4574,0.000218627,92,,
South Bay Energy Corp.,1,4574,0.000218627,93,,
"Spark Energy, L.P.",15,4574,0.003279405,94,,
"Spark Energy, L.P. ",27,4574,0.00590293,94,,
Spectrum - Albany,31,4574,0.006777438,95,,
Spectrum - Buffalo,16,4574,0.003498032,96,,
Spectrum - New York City,31,4574,0.006777438,97,,
Spectrum - Rochester,18,4574,0.003935286,98,,
Spectrum - Syracuse,28,4574,0.006121557,99,,
Spectrum - Syracuse Division,1,4574,0.000218627,99,,
Spectrum - Telephone,24,4574,0.005247049,100,,
Sperian Energy Corp.,1,4574,0.000218627,101,,
Sprague Operating Resources,1,4574,0.000218627,102,,
Sprint Communications ,13,4574,0.002842151,103,,
"Starion Energy NY, Inc.",2,4574,0.000437254,104,,
"Starion Energy NY, Inc. ",1,4574,0.000218627,104,,
Suez Water New York Inc.,30,4574,0.006558811,105,,
Susquehanna Communications ,1,4574,0.000218627,106,,
"Talk America, Inc. ",3,4574,0.000655881,107,,
Time Warner - Albany,71,4574,0.015522519,108,,
Time Warner - Albany ,35,4574,0.007651946,108,,
Time Warner - Buffalo,39,4574,0.008526454,109,,
Time Warner - Buffalo ,11,4574,0.002404897,109,,
Time Warner - New York City,81,4574,0.017708789,110,,
Time Warner - New York City ,65,4574,0.014210756,110,,
Time Warner - Rochester,18,4574,0.003935286,111,,
Time Warner - Rochester ,2,4574,0.000437254,111,,
Time Warner - Syracuse Division,52,4574,0.011368605,112,,
Time Warner - Syracuse Division ,12,4574,0.002623524,112,,
Time Warner -Syracuse Division ,1,4574,0.000218627,112,,
"Time Warner Cable Information Services (New York), LLC",22,4574,0.004809794,113,,
"Time Warner ResCom of New York,LLC",29,4574,0.006340184,114,,
"Time Warner ResCom of New York,LLC ",37,4574,0.0080892,114,,
Trinsic ,8,4574,0.001749016,115,,
Trinsic f/k/a Z-Tel ,1,4574,0.000218627,115,,
Tristate Bell Inc,6,4574,0.001311762,116,,
Tristate Bell Inc ,2,4574,0.000437254,116,,
U.S. Energy Savings Corp ,37,4574,0.0080892,117,,
"U.S. Gas & Electric, Inc.",9,4574,0.001967643,118,,
"U.S. Gas & Electric, Inc. ",2,4574,0.000437254,118,,
United Water Westchester Inc.,3,4574,0.000655881,119,,
United Water-New Rochelle,3,4574,0.000655881,120,,
United Water-New Rochelle ,2,4574,0.000437254,120,,
United Water-New York,31,4574,0.006777438,121,,
United Water-New York ,4,4574,0.000874508,121,,
Utility Expense Reduction LLC,5,4574,0.001093135,122,,
"VarTec Telecom, Inc. ",4,4574,0.000874508,123,,
"Verde Energy USA New York, LLC",5,4574,0.001093135,124,,
"Verizon Advanced Data, Inc. ",9,4574,0.001967643,125,,
Verizon Communications,109,4574,0.023830345,126,,
Verizon Communications ,66,4574,0.014429383,126,,
Verizon Communications (LD) ,1,4574,0.000218627,127,,
Verizon Communications (LEC),2,4574,0.000437254,128,,
Verizon Communications (PayPhones) ,2,4574,0.000437254,129,,
Verizon Digital Voice,73,4574,0.015959773,130,,
Verizon Digital Voice ,2,4574,0.000437254,130,,
Verizon New York Inc.,80,4574,0.017490162,131,,
Verizon New York Inc. ,2,4574,0.000437254,131,,
"Viridian Energy Ny, Llc",4,4574,0.000874508,132,,
"Viridian Energy NY, LLC",3,4574,0.000655881,132,,
"World-Link Solutions, Inc ",5,4574,0.001093135,133,,
XChange Telecom,64,4574,0.013992129,134,,
XChange Telecom ,5,4574,0.001093135,134,,
"XO Communications, Inc. ",1,4574,0.000218627,135,,
"XOOM Energy New York, LLC",6,4574,0.001311762,136,,
"Zoom-I-Net Communications, Inc. ",2,4574,0.000437254,137,,