Service Provider,times_entered,total,percent_of_entries,group,class
"Accent Energy Midwest, LLC ",41,4574,0.008963708,1,
Adelphia Cable - Buffalo ,1,4574,0.000218627,2,
"Agway Energy Services, LLC.",8,4574,0.001749016,3,
"ALL AMERICAN POWER & GAS, LLC",1,4574,0.000218627,4,
"Alpha Gas And Electric, Llc",7,4574,0.001530389,5,
Ambit Energy,37,4574,0.0080892,6,-1
Ambit Energy ,5,4574,0.001093135,6,4
"American Power & Gas, LLC",25,4574,0.005465676,7,-1
"Amplified Power & Gas, LLC",2,4574,0.000437254,7,7
Aqua New York,2,4574,0.000437254,8,
Astral Energy LLC,7,4574,0.001530389,9,
AT&T,76,4574,0.016615654,10,-1
AT&T ,62,4574,0.013554875,10,4
AT&T (C),1,4574,0.000218627,10,7
AT&T of New York ,4,4574,0.000874508,11,
"Atlantic Energy, LLC",2,4574,0.000437254,12,
Atlantic Power & Gas LLC,1,4574,0.000218627,13,
"BridgeCom International, Ltd. ",3,4574,0.000655881,14,
Broadview Networks ,56,4574,0.012243113,15,-1
Broadview Networks,24,4574,0.005247049,15,4
Brown's Fuel,1,4574,0.000218627,16,
"BTI Communications, Inc. d/b/a TELZEQ Communications",7,4574,0.001530389,17,
"BUY ENERGY DIRECT, LLC",1,4574,0.000218627,18,
Cablevision of Long Island,50,4574,0.010931351,19,-1
Cablevision of Long Island ,38,4574,0.008307827,19,4
Cablevision of New York City,69,4574,0.015085265,20,-1
Cablevision of New York City ,55,4574,0.012024486,20,4
Cablevision of Westchester,4,4574,0.000874508,21,-1
Cablevision of Westchester ,1,4574,0.000218627,21,4
Central Hudson Gas & Electric Corp.,110,4574,0.024048972,22,-1
Central Hudson Gas & Electric Corp. ,64,4574,0.013992129,22,
Charter Communications ,1,4574,0.000218627,23,
Citizens Communications,74,4574,0.0161784,24,-1
Citizens Communications ,2,4574,0.000437254,24,4
Citizens Communications (ILEC),1,4574,0.000218627,24,7
City of Jamestown Board of Public Utilities ,1,4574,0.000218627,25,
"City Power & Gas, LLC",1,4574,0.000218627,26,
Columbia Energy Services Company ,3,4574,0.000655881,27,
"Columbia Utilities Power, Llc (electric) ",15,4574,0.003279405,28,
"Columbia Utilities Power, Llc (gas) ",1,4574,0.000218627,29,
Comcast Cable of New York - CATV ,1,4574,0.000218627,30,
"Communicate Technological Systems, CTS, LLC. ",1,4574,0.000218627,31,
Con Edison of New York ,67,4574,0.01464801,32,-1
Con Edison Of New York,59,4574,0.012898994,32,14
Con Edison of New York,51,4574,0.011149978,32,4
Constellation NewEnergy,1,4574,0.000218627,33,
Cordia Communications Corp ,23,4574,0.005028422,34,-1
Cordia Communications Company ,16,4574,0.003498032,34,7
Cordia Communications Corp,4,4574,0.000874508,34,4
Corning Natural Gas Corp. ,1,4574,0.000218627,35,
CTC Communications Corp. ,1,4574,0.000218627,36,
Direct Energy Services LLC,47,4574,0.01027547,37,-1
Direct Energy Services LLC ,2,4574,0.000437254,37,4
Econnergy ,17,4574,0.003716659,38,
"Eligo Energy Ny, Llc",9,4574,0.001967643,39,
"Energetix, Inc.",2,4574,0.000437254,40,-1
"Energetix, Inc. ",1,4574,0.000218627,40,4
Energy Plus Holdings LLC,9,4574,0.001967643,41,-1
Energy Plus Holdings LLC ,2,4574,0.000437254,41,4
"Entrust Energy East, Inc.",1,4574,0.000218627,42,
"Family Energy, Inc.",39,4574,0.008526454,43,-1
"Family Energy, Inc. ",1,4574,0.000218627,43,4
Flanders Energy LLC,10,4574,0.00218627,44,
Forest Park Water Co. Inc.,1,4574,0.000218627,45,
Frontier Communications of NY/aka Highland Tel,5,4574,0.001093135,46,
"Frontier Communications of Rochester, Inc.",5,4574,0.001093135,47,-1
"Frontier Communications of Rochester, ",1,4574,0.000218627,47,7
Frontier Utilities Northeast LLC,3,4574,0.000655881,48,
Gateway Energy Services Corp.,12,4574,0.002623524,49,
"Hiko Energy, Llc",17,4574,0.003716659,50,
"Hudson Energy Services, LLC ",40,4574,0.008745081,51,-1
"Hudson Energy Services, Llc",2,4574,0.000437254,51,1
Hudson Valley Water Co.,1,4574,0.000218627,52,
IDT America Corp. ,40,4574,0.008745081,53,-1
"IDT America, Corp.",1,4574,0.000218627,53,4
"IDT Energy, Inc. ",41,4574,0.008963708,54,-1
"IDT Energy, Inc.",29,4574,0.006340184,54,4
"Idt Energy, Inc.",20,4574,0.00437254,54,1
"Infinite Energy, Inc. ",1,4574,0.000218627,55,
Josco Energy Corp,26,4574,0.005684303,56,
Just Energy New York Corp,40,4574,0.008745081,57,-1
Just Energy New York Corp ,8,4574,0.001749016,57,4
KeySpan of Long Island ,40,4574,0.008745081,58,
KeySpan of New York ,40,4574,0.008745081,59,
Kiwi Energy Inc.,17,4574,0.003716659,60,
Knolls Water Co.,1,4574,0.000218627,61,
Liberty Power Corp. ,24,4574,0.005247049,62,-1
Liberty Power Corp.,10,4574,0.00218627,62,4
Long Island Water Corporation D/b/a Long Island American Water,37,4574,0.0080892,63,
Major Energy Services LLC,26,4574,0.005684303,64,
MCI ,50,4574,0.010931351,65,
Metropolitan Telecommunications ,5,4574,0.001093135,66,
Mpower Energy LLC,30,4574,0.006558811,67,-1
Mpower Energy LLC ,1,4574,0.000218627,67,4
MXenergy,16,4574,0.003498032,68,-1
MXenergy ,6,4574,0.001311762,68,4
"My Tel Co, Inc. ",3,4574,0.000655881,69,
National Fuel Gas Distribution,110,4574,0.024048972,70,-1
National Fuel Gas Distribution ,67,4574,0.01464801,70,4
National Grid - L I,111,4574,0.024267599,71,-1
National Grid - L I ,26,4574,0.005684303,71,4
National Grid - Metro Ny,110,4574,0.024048972,72,-1
National Grid - Metro Ny ,24,4574,0.005247049,72,4
National Grid - Upstate,110,4574,0.024048972,73,-1
National Grid - Upstate ,27,4574,0.00590293,73,4
National Grid -Metro Ny ,3,4574,0.000655881,74,
"National Grid, Inc.",26,4574,0.005684303,75,-1
"National Grid, Inc. ",5,4574,0.001093135,75,4
New Rochelle Telephone Company ,5,4574,0.001093135,76,
New York American Water,30,4574,0.006558811,77,
New York State Electric & Gas Corp.,111,4574,0.024267599,78,-1
New York State Electric & Gas Corp. ,66,4574,0.014429383,78,4
"NYSEG Solutions, Inc.",15,4574,0.003279405,78,7
Next Gen Telephone Co. ,1,4574,0.000218627,79,
Niagara Mohawk - A National Grid Company ,8,4574,0.001749016,80,-1
Niagara Mohawk - A National Grid Company,1,4574,0.000218627,80,4
Non-Jurisdictional / Deleted Complaint,2,4574,0.000437254,81,
North American Power & Gas LLC,14,4574,0.003060778,82,
North Energy LLC,2,4574,0.000437254,83,
Optimum - Long Island,1,4574,0.000218627,84,
Optimum - New York City,1,4574,0.000218627,85,
Optimum Voice,36,4574,0.007870573,86,-1
Optimum Voice ,17,4574,0.003716659,86,7
Orange & Rockland,111,4574,0.024267599,87,
Orange & Rockland ,66,4574,0.014429383,88,
Plymouth Rock Energy LLC,2,4574,0.000437254,89,
PSEG Long Island,51,4574,0.011149978,90,-1
Pseg Long Island,18,4574,0.003935286,90,1
Rochester Gas & Electric Corp.,110,4574,0.024048972,91,-1
Rochester Gas & Electric Corp. ,67,4574,0.01464801,91,4
"SBR Energy, LLC",1,4574,0.000218627,92,
South Bay Energy Corp.,1,4574,0.000218627,93,
"Spark Energy, L.P. ",27,4574,0.00590293,94,-1
"Spark Energy, L.P.",15,4574,0.003279405,94,4
Spectrum - Albany,31,4574,0.006777438,95,
Spectrum - Buffalo,16,4574,0.003498032,96,
Spectrum - New York City,31,4574,0.006777438,97,
Spectrum - Rochester,18,4574,0.003935286,98,
Spectrum - Syracuse,28,4574,0.006121557,99,-1
Spectrum - Syracuse Division,1,4574,0.000218627,99,7
Spectrum - Telephone,24,4574,0.005247049,100,
Sperian Energy Corp.,1,4574,0.000218627,101,
Sprague Operating Resources,1,4574,0.000218627,102,
Sprint Communications ,13,4574,0.002842151,103,
"Starion Energy NY, Inc.",2,4574,0.000437254,104,-1
"Starion Energy NY, Inc. ",1,4574,0.000218627,104,4
Suez Water New York Inc.,30,4574,0.006558811,105,
Susquehanna Communications ,1,4574,0.000218627,106,
"Talk America, Inc. ",3,4574,0.000655881,107,
Time Warner - Albany,71,4574,0.015522519,108,-1
Time Warner - Albany ,35,4574,0.007651946,108,4
Time Warner - Buffalo,39,4574,0.008526454,109,-1
Time Warner - Buffalo ,11,4574,0.002404897,109,4
Time Warner - New York City,81,4574,0.017708789,110,-1
Time Warner - New York City ,65,4574,0.014210756,110,4
Time Warner - Rochester,18,4574,0.003935286,111,-1
Time Warner - Rochester ,2,4574,0.000437254,111,4
Time Warner - Syracuse Division,52,4574,0.011368605,112,-1
Time Warner - Syracuse Division ,12,4574,0.002623524,112,4
Time Warner -Syracuse Division ,1,4574,0.000218627,112,4
"Time Warner Cable Information Services (New York), LLC",22,4574,0.004809794,113,
"Time Warner ResCom of New York,LLC ",37,4574,0.0080892,114,-1
"Time Warner ResCom of New York,LLC",29,4574,0.006340184,114,4
Trinsic ,8,4574,0.001749016,115,-1
Trinsic f/k/a Z-Tel ,1,4574,0.000218627,115,7
Tristate Bell Inc,6,4574,0.001311762,116,-1
Tristate Bell Inc ,2,4574,0.000437254,116,4
U.S. Energy Savings Corp ,37,4574,0.0080892,117,
"U.S. Gas & Electric, Inc.",9,4574,0.001967643,118,-1
"U.S. Gas & Electric, Inc. ",2,4574,0.000437254,118,4
United Water Westchester Inc.,3,4574,0.000655881,119,
United Water-New Rochelle,3,4574,0.000655881,120,-1
United Water-New Rochelle ,2,4574,0.000437254,120,4
United Water-New York,31,4574,0.006777438,121,-1
United Water-New York ,4,4574,0.000874508,121,4
Utility Expense Reduction LLC,5,4574,0.001093135,122,
"VarTec Telecom, Inc. ",4,4574,0.000874508,123,
"Verde Energy USA New York, LLC",5,4574,0.001093135,124,
"Verizon Advanced Data, Inc. ",9,4574,0.001967643,125,
Verizon Communications,109,4574,0.023830345,126,-1
Verizon Communications ,66,4574,0.014429383,126,4
Verizon Communications (LD) ,1,4574,0.000218627,127,
Verizon Communications (LEC),2,4574,0.000437254,128,
Verizon Communications (PayPhones) ,2,4574,0.000437254,129,
Verizon Digital Voice,73,4574,0.015959773,130,-1
Verizon Digital Voice ,2,4574,0.000437254,130,4
Verizon New York Inc.,80,4574,0.017490162,131,-1
Verizon New York Inc. ,2,4574,0.000437254,131,4
"Viridian Energy Ny, Llc",4,4574,0.000874508,132,-1
"Viridian Energy NY, LLC",3,4574,0.000655881,132,1
"World-Link Solutions, Inc ",5,4574,0.001093135,133,
XChange Telecom,64,4574,0.013992129,134,-1
XChange Telecom ,5,4574,0.001093135,134,4
"XO Communications, Inc. ",1,4574,0.000218627,135,
"XOOM Energy New York, LLC",6,4574,0.001311762,136,
"Zoom-I-Net Communications, Inc. ",2,4574,0.000437254,137,
"Frontier Telephone of Rochester, Inc. ",51,4574,0.011149978,138,-1
"Frontier Telephone of Rochester, Inc.",39,4574,0.008526454,138,4
"Frontier Telephone Of Rochester, Inc.",24,4574,0.005247049,138,1