What school(s) do you work in?,times_entered,total,percent_of_entries,group,reason,group_new
GSPH,7,238,0.029411765,1,,
Public Health,6,238,0.025210084,1,,
Graduate School of Public Health,3,238,0.012605042,1,,
Health Sciences,2,238,0.008403361,1,,
gsph,1,238,0.004201681,1,,
health sciences,1,238,0.004201681,1,,
Pitt Public Health,1,238,0.004201681,1,,
public health,1,238,0.004201681,1,,
School of Health and Sciences,1,238,0.004201681,1,,
Magee,1,238,0.004201681,2,,
MWRI,1,238,0.004201681,2,,
Medicine,95,238,0.399159664,3,,
medicine,22,238,0.092436975,3,,
School of Medicine,19,238,0.079831933,3,,
Medical,5,238,0.021008403,3,,
SOM,3,238,0.012605042,3,,
medical,1,238,0.004201681,3,,
Medical School,1,238,0.004201681,3,,
Medical school,1,238,0.004201681,3,,
medical school,1,238,0.004201681,3,,
Pitt SOM,1,238,0.004201681,3,,
school of medicine,1,238,0.004201681,3,,
som,1,238,0.004201681,3,,
University of Pittsburgh School of Medicine,1,238,0.004201681,3,,
University of PIttsburgh School of Medicine,1,238,0.004201681,3,,
"University of Pittsburgh, School of Medicine",1,238,0.004201681,3,,
"medical, arts and sciences",1,238,0.004201681,4,,
"Medicine, Dental, Public Health, Engineering, Arts and Sciences",1,238,0.004201681,5,,
"Medicine, Engineering",1,238,0.004201681,6,,
"Medicine, Health and Rehabilitation Science",1,238,0.004201681,7,,
"Medicine, Nursing, Public Health",1,238,0.004201681,8,,
"Medicine, Public Health, Engineering",1,238,0.004201681,9,,
Nursing,8,238,0.033613445,10,,
nursing,4,238,0.016806723,10,,
School of Nursing,1,238,0.004201681,10,,
OORHS,1,238,0.004201681,11,,
Open-Ended Response,1,238,0.004201681,12,,
Pharmacy,6,238,0.025210084,13,,
pharmacy,1,238,0.004201681,13,,
school of pharmacy,1,238,0.004201681,13,,
"Pharmacy, Medicine",1,238,0.004201681,14,,
University of Pittsburgh,5,238,0.021008403,15,,
pitt,1,238,0.004201681,15,,
Pitt,1,238,0.004201681,15,,
PITT,1,238,0.004201681,15,,
Pittsburgh university,1,238,0.004201681,15,,
SHRS,10,238,0.042016807,16,,
School of Health and Rehabilitation Sciences,1,238,0.004201681,16,,
shrs,1,238,0.004201681,16,,
SHRS and GSPH,1,238,0.004201681,17,,
"SHRS, SSE",1,238,0.004201681,18,,
SOM and GSPH,1,238,0.004201681,19,,
Upci,1,238,0.004201681,20,,
UPMC,2,238,0.008403361,21,,
UPMC/Pitt,1,238,0.004201681,21,,
xx,1,238,0.004201681,22,,