label,Attribute_name,total_vals,num_nans,num_of_dist_val,mean,std_dev,min_val,max_val,%_dist_val,%_nans,sample_1,sample_2,sample_3,sample_4,sample_5,has_delimiters,has_url,has_email,has_date,mean_word_count,std_dev_word_count,mean_stopword_total,stdev_stopword_total,mean_char_count,stdev_char_count,mean_whitespace_count,stdev_whitespace_count,mean_delim_count,stdev_delim_count,is_list,is_long_sentence
7,salary_id,1655,0,1655,1684.100906,932.6195042,1,3298,100,0,2590,1620,3130,2259,252,FALSE,FALSE,FALSE,TRUE,1,0,0,0,3.8,0.4,0,0,0,0,FALSE,FALSE
7,employer_name,1655,4,1068,0,0,0,0,64.53172205,0.241691843,gameforge,staples,canonical,shopify,newspaper company,FALSE,FALSE,FALSE,FALSE,1.2,0.4,0,0,9.8,3.709447398,0.2,0.4,0.2,0.4,FALSE,FALSE
1,location_name,1655,0,647,0,0,0,0,39.09365559,0,germany,san francisco,usa,canada,california,FALSE,FALSE,FALSE,FALSE,1.2,0.4,0,0,7.8,3.42928564,0.2,0.4,0.2,0.4,FALSE,FALSE
7,location_state,1655,1097,44,0,0,0,0,2.658610272,66.28398792,,CA,WA,CO,TX,FALSE,FALSE,FALSE,FALSE,1,0,0,0,2.2,0.4,0,0,0,0,FALSE,FALSE
1,location_country,1655,863,54,0,0,0,0,3.262839879,52.14501511,DE,,CA,US,IN,FALSE,FALSE,FALSE,FALSE,1,0,0,0,2.2,0.4,0,0,0,0,FALSE,FALSE
0,location_latitude,1655,863,182,37.75439394,16.7303332,-41,65,10.99697885,52.14501511,51,,60,38,47.68,FALSE,FALSE,FALSE,TRUE,1,0,0,0,4,0.632455532,0,0,0,0,FALSE,FALSE
0,location_longitude,1655,863,190,-64.71227273,67.04799535,-123.27,174,11.48036254,52.14501511,9,,-95,-97,-122.12,FALSE,FALSE,FALSE,TRUE,1,0,0,0,4.6,1.496662955,0,0,0,0,FALSE,FALSE
1,job_title,1655,0,675,0,0,0,0,40.78549849,0,lead developer,jr software engineer,software engineer,software developer,cto,FALSE,FALSE,FALSE,FALSE,2,0.632455532,0,0,14.4,6.019966777,1,0.632455532,1,0.632455532,FALSE,FALSE
1,job_title_category,1655,0,8,0,0,0,0,0.483383686,0,Software,Management,Other,Engineering,Web,FALSE,FALSE,FALSE,FALSE,1,0,0,0,7.4,3.006659276,0,0,0,0,FALSE,FALSE
7,job_title_rank,1655,1230,7,0,0,0,0,0.422960725,74.32024169,,Junior,2,1,Senior,FALSE,FALSE,FALSE,FALSE,1,0,0,0,3.4,2.244994432,0,0,0,0,FALSE,FALSE
0,total_experience_years,1655,47,49,6.756113184,5.685235734,0,56,2.960725076,2.839879154,15,2,16,0,8,FALSE,FALSE,FALSE,TRUE,1,0,0,0,3.4,0.489897949,0,0,0,0,FALSE,FALSE
0,employer_experience_years,1655,47,47,2.656162935,3.300806854,0,58,2.839879154,2.839879154,,1,5,0,2,FALSE,FALSE,FALSE,TRUE,1,0,0,0,3,0,0,0,0,0,FALSE,FALSE
0,annual_base_pay,1655,4,441,6325003.747,246060724.3,0,9999999999,26.64652568,0.241691843,72000,85000,150000,75000,100000,FALSE,FALSE,FALSE,TRUE,1,0,0,0,7.4,0.489897949,0,0,0,0,FALSE,FALSE
0,signing_bonus,1655,323,83,22405.62688,309682.6931,0,8999999,5.01510574,19.51661631,0,10000,,8999999,2500,FALSE,FALSE,FALSE,TRUE,1,0,0,0,5.6,2.332380758,0,0,0,0,FALSE,FALSE
0,annual_bonus,1655,319,152,11775.5247,69189.7856,0,2000000,9.18429003,19.27492447,0,10000,,30000,800,FALSE,FALSE,FALSE,TRUE,1,0,0,0,5,1.788854382,0,0,0,0,FALSE,FALSE
5,stock_value_bonus,1655,402,234,0,0,0,0,14.13897281,24.29003021,0,"25,000",30000,,5000,FALSE,FALSE,FALSE,FALSE,1,0,0,0,3.8,1.720465053,0,0,0,0,FALSE,FALSE
7,comments,1655,1363,283,0,0,0,0,17.09969789,82.35649547,,New Grad,Contracting at Microsoft,Annual stock value will be much lower after 4 years,"perks include onsite barristas, free drinks several expense paid corporate events a year (party cruise, etc.)",FALSE,FALSE,FALSE,FALSE,6.4,5.748043145,1,1.095445115,39,38.79690709,5.4,5.748043145,5.4,5.748043145,FALSE,FALSE
2,submitted_at,1655,0,744,0,0,0,0,44.95468278,0,3/21/16 22:54,3/21/16 15:28,3/22/16 10:30,3/21/16 19:31,3/21/16 13:25,FALSE,FALSE,FALSE,TRUE,2,0,0,0,13,0,1,0,1,0,FALSE,FALSE