preparer_info_title,times_entered,total,percent_of_entries,group,reason,group_new,class
A,6,374362,1.60E-05,1,zzz,1,
Attorney at Law,26670,374362,0.071241205,2,a,2,
ATTORNEY AT LAW,4256,374362,0.011368675,2,a,2,1
ATTORNEY-AT-LAW,1996,374362,0.005331738,2,a,2,14
Attorney-at-Law,1482,374362,0.003958735,2,a,2,4
Attorney At Law,1385,374362,0.003699628,2,a,2,4
Attorney at law,797,374362,0.002128955,2,a,2,1
Attorney-at-law,253,374362,0.000675816,2,a,2,14
Attorney at  Law,201,374362,0.000536913,2,a,2,14
Attorney-At-Law,198,374362,0.0005289,2,a,2,14
attorney at law,70,374362,0.000186985,2,a,2,14
Attoney at Law,64,374362,0.000170958,2,a,2,14
ATTORNET AT LAW,15,374362,4.01E-05,2,a,2,124
Attorney-At- Law,15,374362,4.01E-05,2,i,2,14
ATTY AT LAW,11,374362,2.94E-05,2,a,2,13
Attoreny at Law,5,374362,1.34E-05,2,a,2,2
Attornet at Law,5,374362,1.34E-05,2,a,2,2
Atorney at Law,4,374362,1.07E-05,2,a,2,2
Attorney At law,4,374362,1.07E-05,2,a,2,1
attorney at Law,4,374362,1.07E-05,2,a,2,1
Attorney at Law,4,374362,1.07E-05,2,h,2,24
Attroney At Law,4,374362,1.07E-05,2,a,2,12
Attroney at Law,4,374362,1.07E-05,2,a,2,12
Atttorney at Law,4,374362,1.07E-05,2,a,2,12
Atty at Law,4,374362,1.07E-05,2,a,2,3
Attorney- At- Law,3,374362,8.01E-06,2,a,2,14
Attorney- at- Law,3,374362,8.01E-06,2,a,2,14
ATTORNEY- AT- LAW,3,374362,8.01E-06,2,a,2,14
Attorney-At-law,3,374362,8.01E-06,2,a,2,14
ATTORNY AT LAW,3,374362,8.01E-06,2,a,2,124
ATORNEY AT LAW,2,374362,5.34E-06,2,a,2,124
Attonrey at Law,2,374362,5.34E-06,2,zzz,2,124
ATTORENY-AT-LAW,2,374362,5.34E-06,2,i,2,124
Attornay at Law,2,374362,5.34E-06,2,zzz,2,124
Attornery at Law,2,374362,5.34E-06,2,zzz,2,124
Attornet at law,2,374362,5.34E-06,2,a,2,124
Attorney - at - law,2,374362,5.34E-06,2,a,2,124
ATTORNEY - AT - LAW,2,374362,5.34E-06,2,a,2,124
Attorney At  Law,2,374362,5.34E-06,2,a,2,124
Attorney of law,2,374362,5.34E-06,2,a,2,124
Attorney- At-Law,2,374362,5.34E-06,2,a,2,124
ATTORNEY- AT-LAW,2,374362,5.34E-06,2,a,2,124
Attorney- at-Law,2,374362,5.34E-06,2,a,2,124
Attorney-At -Law,2,374362,5.34E-06,2,a,2,124
Attorney-of-Law,2,374362,5.34E-06,2,i,2,1246
Attorneys at Law,2,374362,5.34E-06,2,zzz,2,1248
Aattorney at law,1,374362,2.67E-06,2,zzz,2,124
Arrotney at Law,1,374362,2.67E-06,2,zzz,2,124
Atorney-at-Law,1,374362,2.67E-06,2,a,2,124
Atorney-At-Law,1,374362,2.67E-06,2,a,2,124
Atrorney at Law,1,374362,2.67E-06,2,zzz,2,124
ATTONEY AT LAW,1,374362,2.67E-06,2,a,2,124
Attoney-at-law,1,374362,2.67E-06,2,zzz,2,124
ATTONREY-AT-LAW,1,374362,2.67E-06,2,zzz,2,124
Attoreny At  Law,1,374362,2.67E-06,2,zzz,2,124
ATTORENY AT LAW,1,374362,2.67E-06,2,a,2,124
ATTOREY AT LAW,1,374362,2.67E-06,2,zzz,2,124
Attorne at Law,1,374362,2.67E-06,2,zzz,2,124
Attornet-At-Law,1,374362,2.67E-06,2,zzz,2,124
Attorney  at Law,1,374362,2.67E-06,2,h,2,124
Attorney - At - Law,1,374362,2.67E-06,2,a,2,124
ATTORNEY -AT - LAW,1,374362,2.67E-06,2,i,2,124
Attorney -At-Law,1,374362,2.67E-06,2,i,2,124
Attorney a Law,1,374362,2.67E-06,2,zzz,2,124
Attorney ar Law,1,374362,2.67E-06,2,zzz,2,124
ATTORNEY AT ALW,1,374362,2.67E-06,2,zzz,2,124
Attorney at aw,1,374362,2.67E-06,2,zzz,2,124
Attorney at Lalw,1,374362,2.67E-06,2,zzz,2,124
ATTORNEY at Law,1,374362,2.67E-06,2,a,2,124
Attorney at Lawa,1,374362,2.67E-06,2,zzz,2,124
Attorney at Lawg,1,374362,2.67E-06,2,zzz,2,124
Attorney at-Law,1,374362,2.67E-06,2,i,2,124
ATTORNEY IN LAW,1,374362,2.67E-06,2,zzz,2,124
Attorney Law,1,374362,2.67E-06,2,zzz,2,124
attorney law law,1,374362,2.67E-06,2,zzz,2,124
Attorney of Law,1,374362,2.67E-06,2,a,2,124
Attorney-at -Law,1,374362,2.67E-06,2,a,2,124
ATTORNEY-AT LAW,1,374362,2.67E-06,2,i,2,124
Attorney-at_law,1,374362,2.67E-06,2,i,2,124
Attorney-at--Law,1,374362,2.67E-06,2,i,2,124
attorney-At-Law,1,374362,2.67E-06,2,a,2,124
Attorney-AT-Law,1,374362,2.67E-06,2,a,2,124
Attorney-atLaw,1,374362,2.67E-06,2,i,2,124
"Attorney, 3i Law",1,374362,2.67E-06,2,zzz,2,124
Attorneya at Law,1,374362,2.67E-06,2,zzz,2,124
Attorneyt at Law,1,374362,2.67E-06,2,zzz,2,124
Attorny at law,1,374362,2.67E-06,2,a,2,124
Attornye at Law,1,374362,2.67E-06,2,zzz,2,124
Attoryney at law,1,374362,2.67E-06,2,i,2,124
Attoryney-at-law,1,374362,2.67E-06,2,i,2,124
Attrorney at Law,1,374362,2.67E-06,2,zzz,2,124
Atttorney At Law,1,374362,2.67E-06,2,a,2,124
Atttorney-at-Law,1,374362,2.67E-06,2,i,2,124
ATTY-AT-LAW,1,374362,2.67E-06,2,i,2,1234
ATTY. AT LAW,1,374362,2.67E-06,2,i,2,1234
ACCOUNTANT,4,374362,1.07E-05,3,zzz,3,
Accounting Manager,1,374362,2.67E-06,4,zzz,4,
Accounts Receivable Manager,2,374362,5.34E-06,5,zzz,5,
ADMIN ADVISOR,1,374362,2.67E-06,6,zzz,6,
ADMINISTRATOR,2,374362,5.34E-06,7,a,7,
ADMIN.,1,374362,2.67E-06,7,zzz,7,3
Administrator,1,374362,2.67E-06,7,a,7,1
Admin. Manager,1,374362,2.67E-06,8,zzz,8,
ADMINISTRATIVE ASSISTANT,2,374362,5.34E-06,9,zzz,9,
ADMINISTRATIVE SECRETARY,6,374362,1.60E-05,10,zzz,10,
ADMINISTRATIVE SERVICES,3,374362,8.01E-06,11,zzz,11,
AGENT,1323,374362,0.003534013,12,a,12,
agent,1069,374362,0.002855525,12,a,12,1
Agent,161,374362,0.000430065,12,a,12,1
agentt,1,374362,2.67E-06,12,zzz,12,12
agetn,1,374362,2.67E-06,12,zzz,12,12
"AGENT FOR AL-WADI RESTAURANT, LLC",1,374362,2.67E-06,13,zzz,13,
AGENT ON BEHALF OF ALTRA CONSULTING SERVICES LLC,6,374362,1.60E-05,14,i,14,
AGENT ON BEHALF OF ALTRA CONSULTING SERVICES LLC.,1,374362,2.67E-06,14,i,14,4
AGENT ON BEHALF OF ATRA CONSULTING SERVICES LLC,1,374362,2.67E-06,14,zzz,14,2
AGENT OR REPRESENTATIVE,1,374362,2.67E-06,15,zzz,15,
AGENT/ IMIMGRATION SPECIALIST,1,374362,2.67E-06,16,zzz,16,
AGENT/ATTORNEY,2,374362,5.34E-06,17,zzz,17,
ATTORNEY / AGENT,1,374362,2.67E-06,17,i,17,45
ATTORNEY/ AGENT,1,374362,2.67E-06,17,i,17,5
aholland@fragomen.com,1,374362,2.67E-06,18,zzz,18,
"Ajay K. Arora, Attorney-at-Law",1,374362,2.67E-06,19,zzz,19,
Alien Worker Applicant,1,374362,2.67E-06,20,zzz,20,
"Alston & Bird, LLP",2,374362,5.34E-06,21,zzz,21,
AMAZONIMMIGRATION@EBGLAW.COM,3,374362,8.01E-06,22,zzz,22,
An Attorney at Law of NJ,12,374362,3.21E-05,23,zzz,23,
Attorney for Employer,62,374362,0.000165615,24,a,24,
ATTORNEY FOR EMPLOYER,21,374362,5.61E-05,24,a,24,1
Attorney for employer,14,374362,3.74E-05,24,a,24,1
Attorney for the Employer,11,374362,2.94E-05,24,a,24,8
Attorney for the employer,5,374362,1.34E-05,24,a,24,18
Attorneys for Employer,4,374362,1.07E-05,24,zzz,24,8
An Attorney for Employer,3,374362,8.01E-06,24,zzz,24,8
attorney for the employer,2,374362,5.34E-06,24,a,24,18
Attorney For Employer,1,374362,2.67E-06,24,a,24,1
Analyst,1,374362,2.67E-06,25,zzz,25,
Ansbach + Ghouse,1,374362,2.67E-06,26,zzz,26,
Antonia,1,374362,2.67E-06,27,zzz,27,
Asher,2,374362,5.34E-06,28,zzz,28,
Associate Attorney,10327,374362,0.027585599,29,a,29,
ASSOCIATE ATTORNEY,408,374362,0.001089854,29,a,29,1
Assocaite Attorney,5,374362,1.34E-05,29,zzz,29,2
Assoicate Attorney,4,374362,1.07E-05,29,zzz,29,2
Associate Attoney,3,374362,8.01E-06,29,zzz,29,2
Associate attorney,2,374362,5.34E-06,29,a,29,12
ASSCOCIATE ATTORNEY,1,374362,2.67E-06,29,zzz,29,12
Assiciate Attorney,1,374362,2.67E-06,29,zzz,29,2
Associate  Attorney,1,374362,2.67E-06,29,h,29,24
Associate Atorney,1,374362,2.67E-06,29,zzz,29,2
Associate Attonrey,1,374362,2.67E-06,29,zzz,29,2
Associate Attoreny,1,374362,2.67E-06,29,zzz,29,2
Associate Attormey,1,374362,2.67E-06,29,zzz,29,2
Associate Attroney,1,374362,2.67E-06,29,zzz,29,2
Associtate Attorney,1,374362,2.67E-06,29,zzz,29,2
Assosciate Attorney,1,374362,2.67E-06,29,zzz,29,2
Asset Manager,1,374362,2.67E-06,30,zzz,30,
Assistant,18,374362,4.81E-05,31,zzz,31,
Assisstant,1,374362,2.67E-06,31,zzz,31,2
Assistant - HR,105,374362,0.000280477,32,h,32,
Assitant - HR,3,374362,8.01E-06,32,zzz,32,2
Assistant  - HR,2,374362,5.34E-06,32,h,32,2
Assistant- HR,2,374362,5.34E-06,32,h,32,4
Assistant -  HR,1,374362,2.67E-06,32,h,32,4
Assistant -HR,1,374362,2.67E-06,32,i,32,4
Assistant-  HR,1,374362,2.67E-06,32,h,32,4
Assistant-HR,1,374362,2.67E-06,32,i,32,4
Asst. - HR,1,374362,2.67E-06,32,zzz,32,3
Associate,4075,374362,0.010885186,33,a,33,
ASSOCIATE,82,374362,0.000219039,33,a,33,1
"ASSISTANT DIRECTOR-ISSS, UT AUSTIN",3,374362,8.01E-06,33,zzz,33,7
ASSISTANT/ATTORNEY,2,374362,5.34E-06,33,zzz,33,7
Assocaite,2,374362,5.34E-06,33,zzz,33,2
Assoiciate,1,374362,2.67E-06,33,zzz,33,2
"Associate - Fragomen, Del Rey, Bernsen & Loewy LLP",52,374362,0.000138903,34,a,34,
"Associate -Fragomen, Del Rey, Bernsen & Loewy, LLP",13,374362,3.47E-05,34,a,34,4
"Associate, Fragomen, Del Rey, Bernsen & Loewy, LLP",13,374362,3.47E-05,34,i,34,4
"Associate- Fragomen, Del Rey, Bernsen & Loewy, LLP",5,374362,1.34E-05,34,a,34,4
Assistant General Counsel,4,374362,1.07E-05,34,zzz,34,7
"Associate-FRAGOMEN, DEL REY, BERNSEN & LOEWY, LLP",3,374362,8.01E-06,34,a,34,14
"Associate, Fragomen, Del Rey, Bernsen & Loewy LLP",3,374362,8.01E-06,34,i,34,14
"ASSOCIATE - FRAGOMEN, DEL REY, BERNSEN & LOEWY LLP",2,374362,5.34E-06,34,a,34,14
"Associate-Fragomen, Del Rey, Bernsen & Loewy LLP",2,374362,5.34E-06,34,i,34,14
"Attorney - Fragomen, Del Rey, Bernsen & Loewy LLP",2,374362,5.34E-06,34,zzz,34,14
"Associate - Fragomen, Del Rey, Bernsen & Loewy, LL",1,374362,2.67E-06,34,zzz,34,14
"Associate - Fragomen, Del Rey, Bersen & Loewy LLP",1,374362,2.67E-06,34,i,34,14
"Associate -Fragomen, Del Rey, Bernsen & Loewy, LLp",1,374362,2.67E-06,34,a,34,14
"Associate- FRAGOMEN, DEL REY, BERNSEN & LOEWY, LLP",1,374362,2.67E-06,34,a,34,14
"Associate- Fragomen, Del Rey, Bernsen, & Loewy LLP",1,374362,2.67E-06,34,i,34,14
"Associate-Fragomen, Del Rey, Bernsen & Loewy, LLP",1,374362,2.67E-06,34,a,34,14
"ASSOCIATE-FRAGOMEN, DEL REY, BERNSEN, & LOEWY LLP",1,374362,2.67E-06,34,i,34,14
"Associate, Fragomen, Del Rey, Bensen & Loewy, LLP",1,374362,2.67E-06,34,zzz,34,14
"ASSOCIATE, FRAGOMEN, DEL REY, BERSEN & LOEWY LLP",1,374362,2.67E-06,34,zzz,34,14
"Associate, Fragomen, Del Rey, Bersen & Loewy, LLP",1,374362,2.67E-06,34,i,34,14
"Assistant General Counsel, The Ohio State Univ.",22,374362,5.88E-05,35,zzz,35,
"Assistant General Counsel, The Ohio State Universi",3,374362,8.01E-06,35,zzz,35,2
"Associate Attorney, Kuzmin & Associates, PC",2,374362,5.34E-06,35,i,35,
"Associate Attorney, Kuzmin & Associates, P.C.",1,374362,2.67E-06,35,i,35,4
Associate Council,1,374362,2.67E-06,36,zzz,36,
Associate Counsel,1,374362,2.67E-06,37,a,36,6
ASSOCIATE COUNSEL,1,374362,2.67E-06,37,a,36,16
Associate General Counsel,18,374362,4.81E-05,38,zzz,38,
"Associate General Counsel, The Ohio State Univ.",4,374362,1.07E-05,39,zzz,39,
"ASSOCIATE VICE PRESIDENT, HUMAN RESOURCES & ADMIN",1,374362,2.67E-06,40,zzz,40,
"Associate, Attorney at Law",76,374362,0.000203012,41,a,41,
"ASSOCIATE, ATTORNEY AT LAW",2,374362,5.34E-06,41,a,41,14
"Associate, Gibney, Anthony & Flaherty, LLP",3,374362,8.01E-06,42,i,42,
"Associate, Gibney, Anthony & Flaherty LLP",2,374362,5.34E-06,42,i,42,4
Associate/Legal Representative,1,374362,2.67E-06,43,zzz,43,
Attorney,103473,374362,0.276398246,44,a,44,
ATTORNEY,15691,374362,0.041913976,44,a,44,1
attorney,659,374362,0.001760328,44,a,44,1
Attoney,18,374362,4.81E-05,44,a,44,2
Atorney,13,374362,3.47E-05,44,a,44,2
Attoreny,12,374362,3.21E-05,44,a,44,2
Attroney,11,374362,2.94E-05,44,a,44,2
Atttorney,10,374362,2.67E-05,44,zzz,44,2
ATORNEY,6,374362,1.60E-05,44,a,44,12
Attormey,6,374362,1.60E-05,44,zzz,44,2
Attrorney,6,374362,1.60E-05,44,zzz,44,2
ATTORNY,5,374362,1.34E-05,44,a,44,12
Attornery,3,374362,8.01E-06,44,zzz,44,2
Attorny,3,374362,8.01E-06,44,a,44,2
ATTY,3,374362,8.01E-06,44,zzz,44,3
Attnorney,2,374362,5.34E-06,44,zzz,44,2
Attonrey,2,374362,5.34E-06,44,zzz,44,2
attoreny,2,374362,5.34E-06,44,a,44,12
Attorneny,2,374362,5.34E-06,44,zzz,44,2
ATTORONEY,2,374362,5.34E-06,44,zzz,44,12
Attorrney,2,374362,5.34E-06,44,zzz,44,2
Attrney,2,374362,5.34E-06,44,zzz,44,2
Attirney,1,374362,2.67E-06,44,zzz,44,2
Atto,1,374362,2.67E-06,44,zzz,44,2
ATTOENRY,1,374362,2.67E-06,44,zzz,44,12
Attonerny,1,374362,2.67E-06,44,zzz,44,2
ATTONEY,1,374362,2.67E-06,44,a,44,12
ATTORENY,1,374362,2.67E-06,44,a,44,12
Attornay,1,374362,2.67E-06,44,zzz,44,2
ATTORNE,1,374362,2.67E-06,44,zzz,44,12
Attorner,1,374362,2.67E-06,44,zzz,44,2
Attorney.,1,374362,2.67E-06,44,i,44,2
Attorneyy,1,374362,2.67E-06,44,zzz,44,2
Attornney,1,374362,2.67E-06,44,zzz,44,2
Attornoey,1,374362,2.67E-06,44,zzz,44,2
ATTRONEY,1,374362,2.67E-06,44,a,44,12
Atty.,1,374362,2.67E-06,44,zzz,44,3
The Attorney,1,374362,2.67E-06,44,zzz,44,8
Attorney for Petitioner,50,374362,0.000133561,45,a,45,
Attorney for petitioner,39,374362,0.000104177,45,a,45,1
ATTORNEY FOR THE PETITIONER,39,374362,0.000104177,45,a,45,8
ATTORNEY FOR PETITIONER,5,374362,1.34E-05,45,a,45,1
Attorney for the Petitioner,4,374362,1.07E-05,45,a,45,8
Attoreny for Petitioner,1,374362,2.67E-06,45,zzz,45,2
Attorney for pettioner,1,374362,2.67E-06,45,zzz,45,12
Attorney of the petitioner,1,374362,2.67E-06,45,zzz,45,28
Attorney - Baker & McKenize LLP,1,374362,2.67E-06,46,zzz,46,
Attorney - Shareholder,5,374362,1.34E-05,47,zzz,47,
Attorney of Record,758,374362,0.002024778,48,a,48,
ATTORNEY OF RECORD,129,374362,0.000344586,48,a,48,1
Attorney-of-Record,23,374362,6.14E-05,48,a,48,14
Attorney of record,15,374362,4.01E-05,48,a,48,1
ATTORNEY-OF-RECORD,6,374362,1.60E-05,48,a,48,14
Attorney at Record,3,374362,8.01E-06,48,zzz,48,8
attorney of record,3,374362,8.01E-06,48,a,48,1
Attorney of Records,2,374362,5.34E-06,48,a,48,8
Attorney (of Record),1,374362,2.67E-06,48,i,48,4
ATTORNEY OF RECORDS,1,374362,2.67E-06,48,a,48,18
ATTORNEY OF THE RECORD,1,374362,2.67E-06,48,zzz,48,18
Attornye of Record,1,374362,2.67E-06,48,zzz,48,2
Attorney (Ohio Supreme Court Bar #0074982),1,374362,2.67E-06,49,zzz,49,
Attorney / Legal Representative,1,374362,2.67E-06,50,zzz,50,
Attorney / Partner,38,374362,0.000101506,51,i,51,
Attorney Partner,25,374362,6.68E-05,51,i,51,4
Attorney & Partner,18,374362,4.81E-05,51,zzz,51,4
"Attorney, Partner",10,374362,2.67E-05,51,i,51,4
Attorney/Partner,7,374362,1.87E-05,51,i,51,4
Attorney Representative,108,374362,0.000288491,52,a,52,
Attorney/Representative,58,374362,0.00015493,52,a,52,4
ATTORNEY REPRESENTATIVE,34,374362,9.08E-05,52,a,52,4
ATTORNEY/REPRESENTATIVE,17,374362,4.54E-05,52,a,52,14
Attorney / Representative,5,374362,1.34E-05,52,a,52,4
ATTORNEY / REPRESENTATIVE,2,374362,5.34E-06,52,a,52,14
Attorney representatibe,1,374362,2.67E-06,52,zzz,52,1
Attorney-Representative,1,374362,2.67E-06,52,i,52,4
Attorney & Counselor at Law,30,374362,8.01E-05,53,a,53,
Attorney and Counselor at Law,26,374362,6.95E-05,53,a,53,3
ATTORNEY & COUNSELOR AT LAW,13,374362,3.47E-05,53,a,53,12
attorney and counselor at law,2,374362,5.34E-06,53,a,53,13
Attorney & Couselor at Law,1,374362,2.67E-06,53,zzz,53,12
Attorney and Counsellor at Law,1,374362,2.67E-06,53,zzz,53,123
ATTORNEY & GENERAL COUNSEL,313,374362,0.000836089,54,i,54,
ATTORNEY &GENERAL COUNSEL,21,374362,5.61E-05,54,i,54,4
ATTORNEY ?NERAL COUNSEL,3,374362,8.01E-06,54,zzz,54,2
Attorney & Managing Partner,8,374362,2.14E-05,55,zzz,55,
Attorney and Counselor,2,374362,5.34E-06,56,zzz,56,
Attorney and Principal,1,374362,2.67E-06,56,zzz,56,2
ATTORNEY ASSISTANT,1,374362,2.67E-06,57,zzz,57,
"ATTORNEY, CASA LAS AMERICAS IMMIGRATION SOLUTIONS,",2,374362,5.34E-06,58,zzz,58,
ATTORNEY AT CASA LAS AMERICAS IMMIGRATION SOLUTION,1,374362,2.67E-06,58,zzz,58,48
Attorney at Gukasyan Law Firm,1,374362,2.67E-06,59,zzz,59,
Attorney at Khol,1,374362,2.67E-06,60,zzz,60,
Attorney at Law (Immigration Law),1,374362,2.67E-06,61,zzz,61,
ATTORNEY AT LAW / STATE OF NEW JERSEY,1,374362,2.67E-06,62,zzz,62,
"Attorney at Law, Curtis Law Firm PLLC",1,374362,2.67E-06,63,zzz,63,
"ATTORNEY AT LAW, P.C.",1,374362,2.67E-06,64,zzz,64,
Attorney at Law/Partner,11,374362,2.94E-05,65,i,65,
"Attorney at Law, Partner",1,374362,2.67E-06,65,i,65,4
Attorney-at-Law/Partner,1,374362,2.67E-06,65,i,65,4
"Attorney at Law, US Immigration & Nationality Law",1,374362,2.67E-06,66,zzz,66,
"Attorney at Law, US Immigration Law",1,374362,2.67E-06,67,zzz,67,
attorney at law/corporate counsel,3,374362,8.01E-06,68,zzz,68,
Attorney for Applicant,1,374362,2.67E-06,69,zzz,69,
ATTORNEY FOR ARCHWAY,1,374362,2.67E-06,70,zzz,70,
ATTORNEY FOR ARCHWAY MARKETING,1,374362,2.67E-06,71,zzz,71,
ATTORNEY FOR ARCHWAY MARKETING SRVC,1,374362,2.67E-06,72,zzz,72,
Attorney for CoreMedia Corp,1,374362,2.67E-06,73,zzz,73,
Attorney for Foley & Lardner LLP,1,374362,2.67E-06,74,zzz,74,
ATTORNEY FOR GHAFARI ASSOCIATES LLC,1,374362,2.67E-06,75,zzz,75,
ATTORNEY TO GHAFARI ASSOCIATES,1,374362,2.67E-06,75,zzz,75,6
ATTORNEY TO GHAFARI ASSOCIATES LLC,1,374362,2.67E-06,75,zzz,75,6
ATTORNEY FOR HATCI,1,374362,2.67E-06,76,zzz,76,
Attorney for Hill International Inc.,2,374362,5.34E-06,77,zzz,77,
Attorney for M. Reza Mizani MD PA,1,374362,2.67E-06,78,zzz,78,
"ATTORNEY FOR M. REZA MIZANI, M.D., P.A.",1,374362,2.67E-06,78,zzz,78,14
"Attorney for MLB Advanced Media, L.P.",3,374362,8.01E-06,79,zzz,79,
ATTORNEY FOR MSX AMERICAS INC,21,374362,5.61E-05,80,i,80,
ATTORNEY FOR MSX AMERICAS INC.,4,374362,1.07E-05,80,i,80,4
ATTORNEY FOR MSX AMERICAS,1,374362,2.67E-06,80,zzz,80,6
Attorney for Rohm Semiconductor USA LLC,1,374362,2.67E-06,81,zzz,81,
"Attorney, Mountain States Employers Council",5,374362,1.34E-05,82,i,82,
Attorney Mountain States Employers Council,3,374362,8.01E-06,82,i,82,4
"Attorney, Mountain States Employers Council, Inc.",2,374362,5.34E-06,82,i,82,6
Attorney Mountain States Emplyrs Council,1,374362,2.67E-06,82,zzz,82,234
"Attorney, Mountain States Employers Council Inc",1,374362,2.67E-06,82,i,82,6
"Attorney, Mtn States Employers Council",1,374362,2.67E-06,82,zzz,82,24
Attorney of file,13,374362,3.47E-05,83,a,83,
ATTORNEY OF FILE,10,374362,2.67E-05,83,a,83,1
Attorney-Goulder Immigration Law Firm,1,374362,2.67E-06,84,zzz,84,
"Attorney, Alfano Immigration Law, P.A.",5,374362,1.34E-05,85,zzz,85,
"Attorney, Associate at Law",1,374362,2.67E-06,86,zzz,86,
"Attorney, Berry Appleman & Leiden, LLP",75,374362,0.000200341,87,i,87,
"Attorney, Berry Appleman & Leiden LLP",37,374362,9.88E-05,87,i,87,4
"Attorney, Berry Appleman & Leiden",2,374362,5.34E-06,87,zzz,87,6
"Attorney, Berry Applemen & Leiden, LLP",2,374362,5.34E-06,87,zzz,87,4
Attorney; Berry Appleman & Leiden LLP,2,374362,5.34E-06,87,i,87,4
"Attorney, Berry Appleman and Leiden LLP",1,374362,2.67E-06,87,i,87,3
"Attorney, Berry Appleman Lieden LLP",1,374362,2.67E-06,87,zzz,87,4
"Attorney, Berry, Appleman & Leiden LLP",1,374362,2.67E-06,87,i,87,4
"Attorney, Berry, Appleman & Leiden, LLP",1,374362,2.67E-06,87,i,87,4
"Attorney; Berry, Appleman & Leiden, LLP",1,374362,2.67E-06,87,i,87,4
"Attorney, DeLuca Law Group PLLC",1,374362,2.67E-06,88,zzz,88,
"Attorney, Kramer & Alfano, P.C.",76,374362,0.000203012,89,a,89,
"ATTORNEY, KRAMER & ALFANO, P.C.",1,374362,2.67E-06,89,a,89,1
"Attorney, Kramer & Associates, P.C.",1,374362,2.67E-06,90,zzz,90,
"Attorney, Law Office of Serafina Sands",11,374362,2.94E-05,91,zzz,91,
"Attorney, Law Offce of Serafina Sands",1,374362,2.67E-06,91,zzz,91,4
"Attorney, Legal Counsel",1,374362,2.67E-06,92,zzz,92,
"Attorney, Michael A. Zwaig PA",1,374362,2.67E-06,93,zzz,93,
"Attorney, O'Neill & Gilmore",1,374362,2.67E-06,94,zzz,94,
"Attorney, Of Counsel",6,374362,1.60E-05,95,zzz,95,
"Attorney, Specialized Legal Services",2,374362,5.34E-06,96,zzz,96,
"Attorney, Tocci & Lee, LLC",34,374362,9.08E-05,97,a,97,
"ATTORNEY, TOCCI & LEE, LLC",1,374362,2.67E-06,97,a,97,1
"Attorney, Tocci, Goss & Lee, PC",2,374362,5.34E-06,98,zzz,98,
"Attorney, U.S. Immigration & Nationality Law",1,374362,2.67E-06,99,zzz,99,
Attorney/DM,1,374362,2.67E-06,100,zzz,100,
Attorney/MBA,3,374362,8.01E-06,101,zzz,101,
ATTORNEY/VICE PRESIDENT & DIRECTOR,2,374362,5.34E-06,102,zzz,102,
AUTHORIZED AGENT,2,374362,5.34E-06,103,zzz,103,
AVAZIAN AND AVAZIAN,1,374362,2.67E-06,104,zzz,104,
B,1,374362,2.67E-06,105,zzz,105,
BAGGETT,1,374362,2.67E-06,106,zzz,106,
BANKER,2,374362,5.34E-06,107,zzz,107,
Barry Schneps Attorney at Law,1,374362,2.67E-06,108,zzz,108,
bernardlurie@ralphehrenpreis.com,1,374362,2.67E-06,109,zzz,109,
"Berry Appleman & Leiden, LLP",1,374362,2.67E-06,110,zzz,110,
BHAGAT & ASSOCIATES,1,374362,2.67E-06,111,zzz,111,
BOARD AGENT,1,374362,2.67E-06,112,zzz,112,
Board Certified Immigration Lawyer,1,374362,2.67E-06,113,zzz,113,
BONDED IMMIGRATION CONSULTANT,7,374362,1.87E-05,114,zzz,114,
BONDED IMMIGRATION PROCESSOR,20,374362,5.34E-05,115,zzz,115,
BOOKKEEPER,3,374362,8.01E-06,116,zzz,116,
BOSS,2,374362,5.34E-06,117,zzz,117,
BUSINESS & IMMIGRATION CONSULTANT,2,374362,5.34E-06,118,zzz,118,
BUSINESS ADVISOR,3,374362,8.01E-06,119,zzz,119,
Business Immigration Analyst,1,374362,2.67E-06,120,zzz,120,
Business Immigration Attorney,2,374362,5.34E-06,121,zzz,121,
Business Visa Consultant,3,374362,8.01E-06,122,zzz,122,
bweiss@ggw.com,1,374362,2.67E-06,123,zzz,123,
Caplan and Earnest LLC,1,374362,2.67E-06,124,zzz,124,
CAREGIVER-PARENT,1,374362,2.67E-06,125,zzz,125,
Case Manager/Paralegal,46,374362,0.000122876,126,a,126,
CASE MANAGER/PARALEGAL,4,374362,1.07E-05,126,a,126,1
Case Manager/Paraegal,2,374362,5.34E-06,126,zzz,126,4
Case Manage/Paralegal,1,374362,2.67E-06,126,zzz,126,2
Case Manager//Paralegal,1,374362,2.67E-06,126,i,126,4
Case Manager,2,374362,5.34E-06,127,a,127,
CASE MANAGER,1,374362,2.67E-06,127,a,127,1
CelinaCho@KCLLAWFIRM.COM,1,374362,2.67E-06,128,zzz,128,
CEO  /OWNER,1,374362,2.67E-06,129,zzz,129,
CFO,1,374362,2.67E-06,130,zzz,130,
Chairman,2,374362,5.34E-06,131,zzz,131,
Chairman/ Attorney,2,374362,5.34E-06,132,zzz,132,
Chairman (attorney),1,374362,2.67E-06,132,zzz,132,4
Chief Legal Counsel,3,374362,8.01E-06,133,zzz,133,
CHIEF OPERATING OFFICER,2,374362,5.34E-06,134,zzz,134,
Christopher,1,374362,2.67E-06,135,zzz,135,
The Chugh Firm,2,374362,5.34E-06,136,zzz,136,
"The Chugh Firm, APC",2,374362,5.34E-06,136,zzz,136,6
CHUGH LLP,1,374362,2.67E-06,136,i,136,6
"Chugh, LLP",1,374362,2.67E-06,136,a,136,6
"CHUGH, LLP",1,374362,2.67E-06,136,a,136,6
"THE CHUGH FRIM, APC",1,374362,2.67E-06,136,zzz,136,6
"Chun & Associates, LLC",1,374362,2.67E-06,137,zzz,137,
"Claudia P. Moreno-Diaz, P.A.",1,374362,2.67E-06,138,zzz,138,
CLERK,1,374362,2.67E-06,139,zzz,139,
Cobb,1,374362,2.67E-06,140,zzz,140,
"Cohen & Grigsby, PC",1,374362,2.67E-06,141,zzz,141,
COMPANY ATTORNEY,1,374362,2.67E-06,142,zzz,142,
COMPUTERS 24 OWNER,2,374362,5.34E-06,143,zzz,143,
Consultant,6,374362,1.60E-05,144,a,144,
CONSULTANT,5,374362,1.34E-05,144,a,144,1
"Consultant, Global Immigration Services",1,374362,2.67E-06,145,zzz,145,
COO/Attorney at Law,3,374362,8.01E-06,146,i,146,
COO/ Attorney at Law,1,374362,2.67E-06,146,i,146,4
COODINATOR/LIAISON OFFICIAL,1,374362,2.67E-06,147,zzz,147,
Cook,1,374362,2.67E-06,148,zzz,148,
Corporate Attorney,139,374362,0.000371298,149,a,149,
CORPORATE ATTORNEY,77,374362,0.000205683,149,a,149,1
Coorporate Attorney,1,374362,2.67E-06,149,zzz,149,2
Corporate Counsel,3,374362,8.01E-06,150,a,150,
CORPORATE COUNSEL,2,374362,5.34E-06,150,a,150,1
"Corbin, Schaffer & Aviles",1,374362,2.67E-06,150,zzz,150,
Corporate Immigration Attorney,4,374362,1.07E-05,151,zzz,151,
CORP. SECRETARY,1,374362,2.67E-06,151,zzz,151,
CORPORATE SECRETARY,1,374362,2.67E-06,151,zzz,151,3
Corp. Secretary / Officer,1,374362,2.67E-06,152,zzz,152,
Corporate Secretary / Officer,1,374362,2.67E-06,152,zzz,152,3
Corporate Lawyer,2,374362,5.34E-06,153,zzz,153,
Counsel,292,374362,0.000779994,154,a,154,
COUNSEL,26,374362,6.95E-05,154,a,154,1
counsel,5,374362,1.34E-05,154,a,154,1
"Counsel for ICS, Inc.",1,374362,2.67E-06,155,zzz,155,
"Counsel for Integrated Computer Solutions, Inc.",1,374362,2.67E-06,155,zzz,155,6
Counsel for the Employer,2,374362,5.34E-06,156,zzz,156,
Counsel of Record,6,374362,1.60E-05,157,zzz,157,
Cowan Miller & Lederman,5,374362,1.34E-05,158,i,158,
Cowan Miller and Lederman,1,374362,2.67E-06,158,i,158,3
CPA,1,374362,2.67E-06,159,zzz,159,
D,1,374362,2.67E-06,160,i,160,
D.,1,374362,2.67E-06,160,i,160,4
Daphne M Query PA,1,374362,2.67E-06,161,zzz,161,
Daughter of the President of PrimeBilt,1,374362,2.67E-06,162,zzz,162,
David L Yavner,1,374362,2.67E-06,163,zzz,163,
DEAN,1,374362,2.67E-06,164,zzz,164,
"DELGADO & DELGADO, ESQS.",1,374362,2.67E-06,165,zzz,165,
DEPUTY DIRECTOR,1,374362,2.67E-06,166,zzz,166,
dfrenkel@fhsllp.com,1,374362,2.67E-06,167,zzz,167,
DIBARTOLOMEO LAW FIRM,1,374362,2.67E-06,168,zzz,168,
Director,56,374362,0.000149588,169,a,169,
DIRECTOR,30,374362,8.01E-05,169,a,169,1
DIRECTOR OF HUMAN RESOURCES,14,374362,3.74E-05,170,a,170,
DIRECTOR HUMAN RESOURCES,2,374362,5.34E-06,170,zzz,170,5
Director of Human Resources,1,374362,2.67E-06,170,a,170,1
HUMAN RESOURCES DIRECTOR,1,374362,2.67E-06,170,zzz,170,5
Director of Immigration Resources,2,374362,5.34E-06,171,a,171,
DIRECTOR OF IMMIGRATION RESOURCES,1,374362,2.67E-06,171,a,171,1
Director of Immigration Services,1,374362,2.67E-06,171,zzz,171,6
DIRECTOR OF SPECIAL PROJECTS,1,374362,2.67E-06,172,zzz,172,
"Director, Global Immigration Services",1,374362,2.67E-06,173,zzz,173,
"Director, ISSS",10,374362,2.67E-05,174,zzz,174,
"Director, Intl Student and Scholar Services",1,374362,2.67E-06,174,i,174,6
"Director, Intl. Student & Scholar Services",1,374362,2.67E-06,174,i,174,6
"Director, People Strategies",1,374362,2.67E-06,175,zzz,175,
DISABLED WITH SOCIAL SECURITTY,1,374362,2.67E-06,176,zzz,176,
Ellsworth,1,374362,2.67E-06,177,zzz,177,
"EMANDI LAW FIRM, P.C.",1,374362,2.67E-06,178,zzz,178,
EMCE ATTORNEY,1,374362,2.67E-06,179,zzz,179,
EMPLOYER,4,374362,1.07E-05,180,zzz,180,
EMPLOYER / OWNER,1,374362,2.67E-06,181,zzz,181,
EMPLOYER'S AGENT,41,374362,0.00010952,182,i,182,
EMPLOYERS AGENT,1,374362,2.67E-06,182,i,182,4
ENVIRONMENTAL ENGINEER,1,374362,2.67E-06,183,zzz,183,
"Epstein Becker Green, PC",1,374362,2.67E-06,184,zzz,184,
Equire,1,374362,2.67E-06,185,zzz,185,
Erickson Immigration Group,3,374362,8.01E-06,186,zzz,186,
erik.anderson@goellaw.com,1,374362,2.67E-06,187,zzz,187,
Esquire,404,374362,0.001079169,188,a,188,
Esq.,276,374362,0.000737254,188,a,188,3
ESQ.,28,374362,7.48E-05,188,a,188,134
ESQ,6,374362,1.60E-05,188,a,188,13
ESQUIRE,6,374362,1.60E-05,188,a,188,1
Esq,4,374362,1.07E-05,188,a,188,13
Esqiure,1,374362,2.67E-06,188,zzz,188,4
ESQ./ATTORNEY,50,374362,0.000133561,189,a,189,
ESQ. / ATTORNEY,12,374362,3.21E-05,189,a,189,4
Esq. / Attorney,8,374362,2.14E-05,189,a,189,14
ESQ. /ATTORNEY,7,374362,1.87E-05,189,a,189,4
Esq./Attorney,2,374362,5.34E-06,189,a,189,1
Esq. /Attorney,1,374362,2.67E-06,189,a,189,14
"Esq., Attorney-At-Law",3,374362,8.01E-06,190,a,190,
"Esq., Attorney at Law",2,374362,5.34E-06,190,i,190,4
"Esq., Attorney-at-Law",1,374362,2.67E-06,190,a,190,1
ESQUIRE (ATTORNEY AT LAW),1,374362,2.67E-06,190,zzz,190,134
"Esq., Owner",1,374362,2.67E-06,191,zzz,191,
ESTIMATING,1,374362,2.67E-06,192,zzz,192,
EXEC. DIRECTOR WHIZZ KIDS ACADEMY,1,374362,2.67E-06,193,zzz,193,
EXECUTIVE ACCOUNTANT,1,374362,2.67E-06,194,zzz,194,
EXECUTIVE ASSISTANT,1,374362,2.67E-06,195,zzz,195,
EXECUTIVE CHEF,2,374362,5.34E-06,196,zzz,196,
Executive Director,26,374362,6.95E-05,197,a,197,
EXECUTIVE DIRECTOR,5,374362,1.34E-05,197,a,197,1
Executive director,1,374362,2.67E-06,197,a,197,1
Executive Director (Agent),1,374362,2.67E-06,198,i,198,
Executive Director- Agent,1,374362,2.67E-06,198,i,198,4
EXECUTIVE DIRECTOR LAW OFFICES AND FORECLOSURE JUS,1,374362,2.67E-06,199,zzz,199,
Executive Office,1,374362,2.67E-06,200,zzz,200,
EY Law LLP,1,374362,2.67E-06,201,zzz,201,
Faculty Immigration Coordinator,5,374362,1.34E-05,202,zzz,202,
Fanning,1,374362,2.67E-06,203,zzz,203,
Faust,1,374362,2.67E-06,204,zzz,204,
FERREIRA & VAZQUEZ,1,374362,2.67E-06,205,zzz,205,
Ferro and Cuccia,1,374362,2.67E-06,206,zzz,206,
File Administrator,3,374362,8.01E-06,207,zzz,207,
File Manager,1,374362,2.67E-06,208,zzz,208,
Financial Controller,1,374362,2.67E-06,209,zzz,209,
FLEPORE@GIBNEY.COM,1,374362,2.67E-06,210,zzz,210,
FO FREIGHT MOVER ' HANDLER,1,374362,2.67E-06,211,zzz,211,
Foster LLP,3,374362,8.01E-06,212,zzz,212,
Founder,17,374362,4.54E-05,213,zzz,213,
Founder/Attorney,1,374362,2.67E-06,214,zzz,214,
FOUNDING ARTISITC DIRECTOR,1,374362,2.67E-06,215,zzz,215,
FOUNDING ARTISTIC DIRECTOR,1,374362,2.67E-06,215,zzz,215,
Founding Attorney,1,374362,2.67E-06,216,zzz,216,
"Fragomen, Del Rey, Bernsen & Loewy, LLP",6,374362,1.60E-05,217,zzz,217,
"Fragomen, Del Rey, Bersen & Loewy LLP",1,374362,2.67E-06,217,i,217,4
"Fragomen, Del Rey, Bersen & Loewy, LLP",1,374362,2.67E-06,217,i,217,4
FREIGHT HANDLER,2,374362,5.34E-06,218,zzz,218,
FRIEND,1,374362,2.67E-06,219,zzz,219,
G-28 Atty,3,374362,8.01E-06,220,i,220,
G-28 Attorney,2,374362,5.34E-06,220,i,220,3
G 28 Attorney,1,374362,2.67E-06,220,i,220,34
G 28 Atty,1,374362,2.67E-06,220,i,220,4
Galer Law Firm PLLC,1,374362,2.67E-06,221,zzz,221,
GARABET,1,374362,2.67E-06,222,zzz,222,
"Gardner and Taylor, PLLC",1,374362,2.67E-06,223,zzz,223,
Genera,1,374362,2.67E-06,224,zzz,224,
General Counsel,85,374362,0.000227053,225,zzz,225,
"GENERAL COUNSEL, VICE PRESIDENT AND CORPORATE SECR",1,374362,2.67E-06,226,zzz,226,
"General Counsel, WorldLink, Inc.",1,374362,2.67E-06,227,zzz,227,
GENERAL MANAGER,1,374362,2.67E-06,228,zzz,228,
GM,1,374362,2.67E-06,228,zzz,228,3
General Manager/Vice President,1,374362,2.67E-06,229,zzz,229,
"George E Crimarco, P.A.",1,374362,2.67E-06,230,zzz,230,
"Gibney, Anthony & Flaherty, LLP",1,374362,2.67E-06,231,zzz,231,
Glassman & Gadaleta,2,374362,5.34E-06,232,zzz,232,
"Global Immigration Partners, Inc.",1,374362,2.67E-06,233,zzz,233,
"Global Immigration Services, Consultant",1,374362,2.67E-06,234,zzz,234,
Global Managing Partner,2,374362,5.34E-06,235,zzz,235,
Global Mobility & Immigration,5,374362,1.34E-05,236,zzz,236,
Gokare,1,374362,2.67E-06,237,zzz,237,
GURNANI & GURNANI,1,374362,2.67E-06,238,zzz,238,
Harry Gee & Associates PLLC,1,374362,2.67E-06,239,zzz,239,
HECKLER,2,374362,5.34E-06,240,zzz,240,
HERDSMAN/MANAGER,1,374362,2.67E-06,241,zzz,241,
Hinshaw & Culbertson LLP,2,374362,5.34E-06,242,zzz,242,
Hite,2,374362,5.34E-06,243,zzz,243,
Hocking,1,374362,2.67E-06,244,zzz,244,
HR,2,374362,5.34E-06,245,zzz,245,
Human Resources,2,374362,5.34E-06,245,zzz,245,3
HR Adminstrator,1,374362,2.67E-06,246,zzz,246,
HR COORDINATOR,1,374362,2.67E-06,247,zzz,247,
HR GENERALIST,1,374362,2.67E-06,248,a,248,
HR Generalist,1,374362,2.67E-06,248,a,248,1
Human Resources Manager,3,374362,8.01E-06,249,zzz,249,
HR MANAGER,2,374362,5.34E-06,249,a,249,13
HR Manager,2,374362,5.34E-06,249,a,249,13
HUMAN RESOURCE MANAGER,2,374362,5.34E-06,249,a,249,12
Human Resource Manager,1,374362,2.67E-06,249,a,249,2
HR Specialist II,2,374362,5.34E-06,250,zzz,250,
Human Resources Assistant,510,374362,0.001362318,251,zzz,251,
Human Resource Assistant,3,374362,8.01E-06,251,zzz,251,2
Human Resources of Assistant,1,374362,2.67E-06,251,zzz,251,28
HUMAN RESOURCES AND ADMINISTRATION MANAGER,1,374362,2.67E-06,252,zzz,252,
Human Resources Operations Specialist,1,374362,2.67E-06,253,zzz,253,
Hunton & Williams LLP,1,374362,2.67E-06,254,zzz,254,
HWANG,1,374362,2.67E-06,255,zzz,255,
I,1,374362,2.67E-06,256,zzz,256,
ILINDRA,1,374362,2.67E-06,257,zzz,257,
IMG Inc - Manager,3,374362,8.01E-06,258,zzz,258,
"Imm Services, Mountain States Employers Council",1,374362,2.67E-06,259,zzz,259,
Immigration Counsel,1423,374362,0.003801134,260,a,260,
IMMIGRATION COUNSEL,17,374362,4.54E-05,260,a,260,1
Immigration Council,8,374362,2.14E-05,260,zzz,260,6
IMMIGRTION COUNSEL,2,374362,5.34E-06,260,zzz,260,1
Immgiration Counsel,1,374362,2.67E-06,260,zzz,260,4
Immigratiion Counsel,1,374362,2.67E-06,260,zzz,260,2
Immigratin Counsel,1,374362,2.67E-06,260,zzz,260,2
immigration Counsel,1,374362,2.67E-06,260,a,260,12
IMMIGATIONS SPECIALIST,1,374362,2.67E-06,261,zzz,261,
Immigration Attorney,615,374362,0.001642795,262,a,262,
IMMIGRATION ATTORNEY,54,374362,0.000144245,262,a,262,1
Immigration attorney,3,374362,8.01E-06,262,a,262,1
Immigraiton Attorney,2,374362,5.34E-06,262,zzz,262,12
Immigration ATtorney,1,374362,2.67E-06,262,a,262,12
Immigration ATTORNEY,1,374362,2.67E-06,262,a,262,1
Immigration Associate,90,374362,0.000240409,263,a,263,
IMMIGRATION ASSOCIATE,1,374362,2.67E-06,263,a,263,1
Immigration Compliance,5,374362,1.34E-05,264,zzz,264,
Immigration Consultant,9,374362,2.40E-05,265,a,265,
IMMIGRATION CONSULTANT,5,374362,1.34E-05,265,a,265,1
Immigration consultant,1,374362,2.67E-06,265,a,265,1
IMMIGRATION CONSULTANT/LAWYER,1,374362,2.67E-06,266,zzz,266,
Immigration Coordinator,1,374362,2.67E-06,267,zzz,267,
Immigration Counsel for JU,1,374362,2.67E-06,268,zzz,268,
Immigration Group,1,374362,2.67E-06,269,zzz,269,
Immigration Law Center PC,1,374362,2.67E-06,270,zzz,270,
Immigration Lawyer,103,374362,0.000275135,271,a,271,
immigration lawyer,7,374362,1.87E-05,271,a,271,1
Immigration lawyer,4,374362,1.07E-05,271,a,271,1
Immigration Legal Counsel,1,374362,2.67E-06,272,zzz,272,
Immigration Manager,2,374362,5.34E-06,273,zzz,273,
Immigration Paralegal,2,374362,5.34E-06,274,a,274,
IMMIGRATION PARALEGAL,1,374362,2.67E-06,274,a,274,1
Immigration Partner,28,374362,7.48E-05,275,zzz,275,
IMMIGRATION PROCESSOR,1,374362,2.67E-06,276,zzz,276,
IMMIGRATION PROCESSOR FOR LAW OFFICE KEVIN TRACY,1,374362,2.67E-06,277,zzz,277,
IMMIGRATION SERVICES COORDINATOR,2,374362,5.34E-06,278,a,278,
Immigration Services Coordinator,1,374362,2.67E-06,278,a,278,1
Immigration Shareholder,3,374362,8.01E-06,279,a,279,
IMMIGRATION SHAREHOLDER,1,374362,2.67E-06,279,a,279,1
Immigration Specialist,88,374362,0.000235067,280,a,280,
IMMIGRATION SPECIALIST,9,374362,2.40E-05,280,a,280,1
IMMIGRATIONS SPECIALIST,4,374362,1.07E-05,280,zzz,280,18
Immigration specialist,1,374362,2.67E-06,280,a,280,1
Immigration Staff Attorney,2,374362,5.34E-06,281,zzz,281,
IN HOUSE COUNSEL,10,374362,2.67E-05,282,zzz,282,
In house counsel for employer,1,374362,2.67E-06,282,a,282,
In House Counsel for Employer,1,374362,2.67E-06,282,a,282,1
In House counsel for Employer,1,374362,2.67E-06,282,a,282,1
In-House Attorney,1,374362,2.67E-06,283,zzz,283,
Income Partner,1,374362,2.67E-06,284,zzz,284,
INS & LABOR SPECIALIST,1,374362,2.67E-06,285,zzz,285,
Installer,1,374362,2.67E-06,286,zzz,286,
International Student & Scholar Advisor,1,374362,2.67E-06,287,zzz,287,
"J.D. Clerk, at Law Firm",1,374362,2.67E-06,288,zzz,288,
jacob.cherry@ogletreedeakins.com,1,374362,2.67E-06,289,zzz,289,
James C.T. Hsia & Associates,1,374362,2.67E-06,290,zzz,290,
Jeffries & Corigliano LLP,1,374362,2.67E-06,291,zzz,291,
Jensen,1,374362,2.67E-06,292,zzz,292,
John,1,374362,2.67E-06,293,zzz,293,
Joseph,3,374362,8.01E-06,294,zzz,294,
jpflanz@fragomen.com,1,374362,2.67E-06,295,zzz,295,
jquinn@wkgj.com,1,374362,2.67E-06,296,zzz,296,
Junior Associate,1,374362,2.67E-06,297,zzz,297,
K&L Gates LLP,1,374362,2.67E-06,298,zzz,298,
"Kathy W. Goss, Attorney at Law",4,374362,1.07E-05,299,zzz,299,
katie.carreau@legal.utah.edu,1,374362,2.67E-06,300,zzz,300,
kavitha.akula@akulalaw.com,1,374362,2.67E-06,301,zzz,301,
Khamis,1,374362,2.67E-06,302,zzz,302,
"Kidambi & Associates, P.C.",2,374362,5.34E-06,303,zzz,303,
Kim,2,374362,5.34E-06,304,zzz,304,
Kirit,1,374362,2.67E-06,305,zzz,305,
Labor Certification Specialist,1,374362,2.67E-06,306,zzz,306,
Lamboley,1,374362,2.67E-06,307,zzz,307,
Landscape worker/Assistant,1,374362,2.67E-06,308,zzz,308,
"Laner Muchin, Ltd.",1,374362,2.67E-06,309,zzz,309,
Law Clerk,6,374362,1.60E-05,310,zzz,310,
Law Crerk,1,374362,2.67E-06,310,zzz,310,2
Law Office of A. Banerjee,3,374362,8.01E-06,311,a,311,
Law office of A. Banerjee,1,374362,2.67E-06,311,a,311,1
Law Office of Aycan Iskent,1,374362,2.67E-06,312,zzz,312,
"LAW OFFICE OF CHANGHWAN LEE, P.C.",1,374362,2.67E-06,313,zzz,313,
Law Office of Christine Troy,1,374362,2.67E-06,314,zzz,314,
Law Office of Clark M. Trevor,3,374362,8.01E-06,315,zzz,315,
LAW OFFICE OF DAVID R. CHASE,1,374362,2.67E-06,316,zzz,316,
LAW OFFICE OF DOMINICK S. CARDINALE,1,374362,2.67E-06,317,zzz,317,
Law Office of Frederick B Benson,1,374362,2.67E-06,318,zzz,318,
Law office of Gabriel S Dela Merced,4,374362,1.07E-05,319,zzz,319,
Law Office of Garrett White,3,374362,8.01E-06,320,zzz,320,
Law Office of Helen B. Jiang,1,374362,2.67E-06,321,zzz,321,
LAW OFFICE OF JOSEPH PARK,1,374362,2.67E-06,322,zzz,322,
Law office of Kavitha Ramasami,1,374362,2.67E-06,323,zzz,323,
LAW OFFICE OF KEVIN M. TRACY AND NO. COUNTY LEGALI,1,374362,2.67E-06,324,zzz,324,
Law Office of Ning Gan,1,374362,2.67E-06,325,zzz,325,
Law Office of Rupal G. Kothari P.C.,1,374362,2.67E-06,326,zzz,326,
Law Office of Samira Recob,2,374362,5.34E-06,327,zzz,327,
Law Office of Tony T. Gao,1,374362,2.67E-06,328,zzz,328,
"Law Offices of Andrew Y. Jin & Associates, PC",2,374362,5.34E-06,329,zzz,329,
Law Offices of Bobby C. Lih,2,374362,5.34E-06,330,zzz,330,
LAW OFFICES OF BRIAN W. OH,1,374362,2.67E-06,331,zzz,331,
Law Offices of Christopher Jarvis,1,374362,2.67E-06,332,zzz,332,
Law Offices of Dakshini R. Sen,1,374362,2.67E-06,333,zzz,333,
Law Offices of Edward R White,1,374362,2.67E-06,334,zzz,334,
Law Offices of Edward R White PC,1,374362,2.67E-06,334,i,334,6
Law Offices of Edward R. White PC,1,374362,2.67E-06,334,i,334,6
Law Offices of James S. Hong,1,374362,2.67E-06,335,zzz,335,
Law Offices of Jonathan Liang,1,374362,2.67E-06,336,zzz,336,
Law Offices of Kaiser and Roten,1,374362,2.67E-06,337,zzz,337,
"Law Offices of Kamlesh Tewary, P.C.",1,374362,2.67E-06,338,zzz,338,
Law Offices of Matthew I Bernstein,1,374362,2.67E-06,339,zzz,339,
Law Offices of Melanie M Yang,1,374362,2.67E-06,340,zzz,340,
"Law Offices of Prashanthi Reddy, PLLC",2,374362,5.34E-06,341,a,341,
"Law Offices Of Prashanthi Reddy, PLLC",1,374362,2.67E-06,341,a,341,1
Law Offices of Robert Nadalin,1,374362,2.67E-06,342,zzz,342,
Law Offices of Romney Wright,2,374362,5.34E-06,343,zzz,343,
Law Offices of Rupal Aristimuno,1,374362,2.67E-06,344,zzz,344,
"Law Offices of Sara Coen, P.A.",1,374362,2.67E-06,345,zzz,345,
Law Offices of Sumeet Lall,1,374362,2.67E-06,346,zzz,346,
Law Offices of Susheela Verma,1,374362,2.67E-06,347,zzz,347,
Law Offices of Weicheng Wang,2,374362,5.34E-06,348,zzz,348,
Law Offices of Yohan Lee,3,374362,8.01E-06,349,zzz,349,
LAW OFFICES THOMAS E MOSELEY,1,374362,2.67E-06,350,zzz,350,
Law Offices Thomas E. Moseley,1,374362,2.67E-06,351,zzz,351,
Lawyer,1433,374362,0.003827846,352,a,352,
LAWYER,190,374362,0.00050753,352,a,352,1
lawyer,38,374362,0.000101506,352,a,352,1
Lawyer of Record,1,374362,2.67E-06,353,zzz,353,
LDA/Immigration Consultant,25,374362,6.68E-05,354,zzz,354,
LEAD,1,374362,2.67E-06,355,zzz,355,
Lead Attorney,58,374362,0.00015493,356,a,356,
LEAD ATTORNEY,2,374362,5.34E-06,356,a,356,1
LEGAL ADMINISTRATOR,1,374362,2.67E-06,357,zzz,357,
Legal Analyst,2,374362,5.34E-06,358,zzz,358,
Legal Assistant,127,374362,0.000339244,359,a,359,
LEGAL ASSISTANT,17,374362,4.54E-05,359,a,359,1
LEGAL ASISTANT,1,374362,2.67E-06,359,zzz,359,1
legal assistant,1,374362,2.67E-06,359,a,359,1
"Legal Assistant - Rambana & Ricci, P.A.",1,374362,2.67E-06,360,zzz,360,
Legal Assistant Supervisor,1,374362,2.67E-06,361,zzz,361,
LEGAL ASSISTANT/DOCUMENT PREPARER,2,374362,5.34E-06,362,zzz,362,
Legal Consultant / Agent,1,374362,2.67E-06,363,zzz,363,
Legal Correspondent,5,374362,1.34E-05,364,zzz,364,
Legal Counsel,21,374362,5.61E-05,365,a,365,
LEGAL COUNSEL,5,374362,1.34E-05,365,a,365,1
LEGAL COUNSELOR,2,374362,5.34E-06,366,zzz,366,
"Legal Document Assistant, PP55-01",1,374362,2.67E-06,367,zzz,367,
LEGAL REPRESENTATIVE,5,374362,1.34E-05,368,a,368,
Legal Representative,4,374362,1.07E-05,368,a,368,1
LEGAL REPRESANTIVE,2,374362,5.34E-06,368,zzz,368,2
LEGAL REPRESSONTATIVE,1,374362,2.67E-06,368,zzz,368,2
Legal Staff,1,374362,2.67E-06,369,zzz,369,
"Littler Mendelson, P.C.",1,374362,2.67E-06,370,zzz,370,
"LLM, LLMC, PARALEGAL",5,374362,1.34E-05,371,a,371,
"LLM, LLMC, Paralegal",2,374362,5.34E-06,371,a,371,1
"LLMC, PARALEGAL",2,374362,5.34E-06,371,zzz,371,6
LLX,1,374362,2.67E-06,372,zzz,372,
LOCAL ASSISTANT,1,374362,2.67E-06,373,zzz,373,
"LORI BAGGOT, ATTORNEY",1,374362,2.67E-06,374,zzz,374,
"Maged & Rost, PC",1,374362,2.67E-06,375,zzz,375,
mail@visawolf.com,1,374362,2.67E-06,376,zzz,376,
Management Counsel,6,374362,1.60E-05,377,a,377,
MANAGEMENT COUNSEL,2,374362,5.34E-06,377,a,377,1
MANAGER,9,374362,2.40E-05,378,a,378,
Manager,4,374362,1.07E-05,378,a,378,1
MANAGER               08/18/2016,2,374362,5.34E-06,379,zzz,378,7
MANAGER OF FARMING & HABITAT,1,374362,2.67E-06,380,zzz,380,
MANAGER/ MEMBER,1,374362,2.67E-06,381,zzz,381,
MANAGER/CO-OWNER,1,374362,2.67E-06,382,zzz,382,
Managing Attorney,241,374362,0.000643762,383,a,383,
MANAGING ATTORNEY,22,374362,5.88E-05,383,a,383,1
Manging Partner,1,374362,2.67E-06,383,zzz,383,
Managing Director,39,374362,0.000104177,384,zzz,384,
Managing Director and COO,1,374362,2.67E-06,385,zzz,385,
Managing Member,1,374362,2.67E-06,386,zzz,386,
MANAGING PARALEGAL,9,374362,2.40E-05,387,a,387,
Managing Paralegal,8,374362,2.14E-05,387,a,387,1
Managing Partner,295,374362,0.000788007,388,a,388,
MANAGING PARTNER,12,374362,3.21E-05,388,a,388,1
MARINE OPERATIONS MANAGER,1,374362,2.67E-06,388,zzz,388,
Managing Partner - New York,63,374362,0.000168286,389,a,389,
MANAGING PARTNER - NEW YORK,5,374362,1.34E-05,389,a,389,1
MANAGING PARTNER INTERIORS UNLIMITED,1,374362,2.67E-06,390,zzz,390,
"Managing Partner, Fayad Law, PC",1,374362,2.67E-06,391,zzz,391,
Managing Principal,12,374362,3.21E-05,392,zzz,392,
Managing Shareholder,108,374362,0.000288491,393,zzz,393,
Mananaging Attorney,1,374362,2.67E-06,394,zzz,394,
"Martinez & Sordo, PA",1,374362,2.67E-06,395,zzz,395,
McGuireWoods LLP -Attys for Employer,1,374362,2.67E-06,396,zzz,396,
MD,2,374362,5.34E-06,397,zzz,397,
Mei,1,374362,2.67E-06,398,zzz,398,
Member,200,374362,0.000534242,399,a,399,
MEMBER,1,374362,2.67E-06,399,a,399,1
mespinal@fragomen.com,1,374362,2.67E-06,400,zzz,400,
Michael J Liberatore PA,1,374362,2.67E-06,401,zzz,401,
Microsoft In-House Attorney,2,374362,5.34E-06,402,zzz,402,
"Miley & Brown, P.C.",1,374362,2.67E-06,403,zzz,403,
Mitchell and Dunn,2,374362,5.34E-06,404,zzz,404,
Mitchell Silberberg & Knupp LLP,1,374362,2.67E-06,405,i,405,
"Mitchell, Silberberg & Knupp LLP",1,374362,2.67E-06,405,i,405,4
"Morse, Barnes-Brown & Pendleton PC",1,374362,2.67E-06,406,zzz,406,
Mr.,16,374362,4.27E-05,407,a,407,
MR.,3,374362,8.01E-06,407,a,407,1
Mr,1,374362,2.67E-06,407,i,407,4
MRS,1,374362,2.67E-06,408,zzz,408,
Mrs.,1,374362,2.67E-06,408,zzz,408,4
Ms.,6,374362,1.60E-05,409,a,409,
Ms,1,374362,2.67E-06,409,i,409,4
MS.,1,374362,2.67E-06,409,a,409,1
"Myers Thompson, P.A.",2,374362,5.34E-06,410,zzz,410,
Naughton,1,374362,2.67E-06,411,zzz,411,
Neil A. Weinrib & Associates  PARALEGAL,2,374362,5.34E-06,412,h,412,
"Neil A, Weinrib & Associates PARALEGAL",1,374362,2.67E-06,412,i,412,4
Neil A. Weinrib & Associates PARALEGAL,1,374362,2.67E-06,412,h,412,4
NON-ATTORNEY,1,374362,2.67E-06,413,zzz,413,
None,1,374362,2.67E-06,414,zzz,414,
O'Brien Law LLC,1,374362,2.67E-06,415,zzz,415,
Of Counsel,888,374362,0.002372036,416,a,416,
of Counsel,8,374362,2.14E-05,416,a,416,1
OF COUNSEL,6,374362,1.60E-05,416,a,416,1
Of-Counsel,5,374362,1.34E-05,416,i,416,4
Of Cousel,2,374362,5.34E-06,416,zzz,416,2
Of Counsel (Attorney),4,374362,1.07E-05,417,zzz,417,
Of Counsel / Attorney at Law,3,374362,8.01E-06,418,zzz,418,
Of-Counsel (Attorney-of-Record),1,374362,2.67E-06,419,zzz,419,
"Of-Counsel, Odin Feldman & Pittleman PC",2,374362,5.34E-06,420,i,420,
"Of-Counsel, Odin Feldman & Pittleman, PC",1,374362,2.67E-06,420,i,420,2
OFFICE COORDINATOR,1,374362,2.67E-06,421,zzz,421,
OFFICE MANAGER,11,374362,2.94E-05,422,a,422,
Office Manager,1,374362,2.67E-06,422,a,422,1
"OFFICE MANAGER, TOP GUN ROOFING",2,374362,5.34E-06,423,zzz,423,
Office Managing Principal,22,374362,5.88E-05,424,zzz,424,
Office Managing Shareholder,5,374362,1.34E-05,425,zzz,425,
ON BEHALF OF ALTRA CONSULTING SERVICES LLC.,1,374362,2.67E-06,426,zzz,426,
ONE STOP IMMIGRATION PARALEGAL,1,374362,2.67E-06,427,zzz,427,
Outside Attorney,1,374362,2.67E-06,428,zzz,428,
Outside Immigration Counsel,48,374362,0.000128218,429,a,429,
Outside immigration counsel,1,374362,2.67E-06,429,a,429,1
OVERAS,1,374362,2.67E-06,430,zzz,430,
OWNER,20,374362,5.34E-05,431,a,431,
owner,2,374362,5.34E-06,431,a,431,1
Owner,2,374362,5.34E-06,431,a,431,1
OWNER / PARTNER,3,374362,8.01E-06,432,i,432,
OWNER/PARTNER,2,374362,5.34E-06,432,i,432,4
OWNER / PRESIDENT,1,374362,2.67E-06,433,zzz,433,
"OWNER OF MC NEW MED., TRANS., & IMMIG. HELP SERVIC",1,374362,2.67E-06,434,zzz,434,
OWNER-ADMINISTRATOR,1,374362,2.67E-06,435,zzz,435,
OWNER-PLUMBER,1,374362,2.67E-06,436,zzz,436,
"Owner, Esq.",1,374362,2.67E-06,437,zzz,437,
"Owner, Law Office of A. Banerjee",1,374362,2.67E-06,438,zzz,438,
"OWNER, VICTORIA BUSINESS SERVICES",1,374362,2.67E-06,439,zzz,439,
OWNER: COMPANY: TCS TILE CONTRACTOR SUPPLY,1,374362,2.67E-06,440,zzz,440,
OWNER/CEO,1,374362,2.67E-06,441,zzz,441,
OWNER/MANAGER,2,374362,5.34E-06,442,zzz,442,
"OWNER/MANAGER, SUNTI WORLD ART LLC",1,374362,2.67E-06,443,zzz,443,
OWNER/OPERATOR,2,374362,5.34E-06,444,zzz,444,
p,2,374362,5.34E-06,445,zzz,445,
PA,7,374362,1.87E-05,446,zzz,446,
Paralegal,165,374362,0.00044075,447,a,447,
PARALEGAL,42,374362,0.000112191,447,a,447,1
Para Legal,1,374362,2.67E-06,447,zzz,447,14
Paralegla,1,374362,2.67E-06,447,zzz,447,2
"PARALEGAL, BSc, LLM, LLMC",1,374362,2.67E-06,448,zzz,448,
"PARALEGAL, GROSS & GROSS, L.L.C.",1,374362,2.67E-06,449,zzz,449,
"PARALEGAL, LLM, LLMC",2,374362,5.34E-06,450,a,450,
"Paralegal, LLM, LLMC",1,374362,2.67E-06,450,a,450,14
"Paralegal, St Frances Cabrini Immigration Law Cen",2,374362,5.34E-06,451,zzz,451,
Paralegal/Case Manager,4,374362,1.07E-05,452,zzz,452,
Paralegal/Server to Las Vegas Community,1,374362,2.67E-06,453,zzz,453,
"Parker, Butte & Lane, P.C.",1,374362,2.67E-06,454,zzz,454,
Partner,13240,374362,0.035366837,455,a,455,
PARTNER,674,374362,0.001800396,455,a,455,1
Parner,3,374362,8.01E-06,455,zzz,455,2
Parnter,1,374362,2.67E-06,455,zzz,455,2
Parter,1,374362,2.67E-06,455,zzz,455,2
Partern,1,374362,2.67E-06,455,zzz,455,2
PARTHER,1,374362,2.67E-06,455,zzz,455,2
Partmer,1,374362,2.67E-06,455,zzz,455,2
partner,1,374362,2.67E-06,455,a,455,2
Partnet,1,374362,2.67E-06,455,zzz,455,2
PARTICIPANT/EMPLOYER,1,374362,2.67E-06,456,zzz,456,
Partner / Associate,123,374362,0.000328559,457,i,457,
Partner/ Associate,33,374362,8.81E-05,457,i,457,4
Partner / *Associate,7,374362,1.87E-05,457,i,457,4
Partner  Associate,1,374362,2.67E-06,457,i,457,4
Partner/ *Associate,1,374362,2.67E-06,457,i,457,4
"Partner - Fragomen, Del Rey, Bernsen & Loewy, LLP",39,374362,0.000104177,458,a,458,
"Partner - Fragomen, Del Rey, Bernsen & Loewy LLP",26,374362,6.95E-05,458,i,458,4
"Partner, Fragomen, Del Rey, Bernsen & Loewy LLP",7,374362,1.87E-05,458,i,458,4
"Partner - Fragomen, Del Rey, Bersen & Loewy LLP",4,374362,1.07E-05,458,i,458,4
"PARTNER - Fragomen, Del Rey, Bernsen & Loewy, LLP",2,374362,5.34E-06,458,a,458,14
"Partner - Fragomen, Del Rey, Bernsen & Loewy",1,374362,2.67E-06,458,zzz,458,6
"Partner - FRAGOMEN, DEL REY, BERNSEN & LOEWY, LLP",1,374362,2.67E-06,458,a,458,14
"PARTNER-FRAGOMEN, DEL REY, BERNSEN & LOEWY, LLP",1,374362,2.67E-06,458,zzz,458,14
"Partner, Fragomen, Del Rey, Bernsen & Loewy, LLP",1,374362,2.67E-06,458,i,458,14
"Partner, Fragomen, Del Rey, Bersen & Loewy LLP",1,374362,2.67E-06,458,i,458,14
Partner/Attorney,32,374362,8.55E-05,459,i,459,
Partner / Attorney,4,374362,1.07E-05,459,i,459,4
Partner (Attorney),1,374362,2.67E-06,459,i,459,4
"Partner, Attorney",1,374362,2.67E-06,459,i,459,4
Partner / *Associate Attorney,11,374362,2.94E-05,460,zzz,460,
Partner / Associate Attorney,7,374362,1.87E-05,460,i,460,4
"Partner, Associate Attorney",3,374362,8.01E-06,460,i,460,4
"Partner, Attorney at Law",201,374362,0.000536913,461,a,461,
Partner/Attorney at Law,61,374362,0.000162944,461,a,461,4
Partner & Attorney at Law,32,374362,8.55E-05,461,a,461,4
"PARTNER, ATTORNEY AT LAW",17,374362,4.54E-05,461,a,461,14
"Partner, Attorney At Law",11,374362,2.94E-05,461,a,461,4
Partner/Attorney-at-Law,10,374362,2.67E-05,461,a,461,4
"Partner,  Attorney at Law",3,374362,8.01E-06,461,h,461,4
Partner and Attorney at Law,2,374362,5.34E-06,461,i,461,7
Partner & Attorney At Law,1,374362,2.67E-06,461,a,461,7
PARTNER & ATTORNEY AT LAW,1,374362,2.67E-06,461,a,461,17
"Partner, Attoreny at Law",1,374362,2.67E-06,461,zzz,461,24
"Partner, Attorney at law",1,374362,2.67E-06,461,a,461,4
"Partner, Attorney-at-law",1,374362,2.67E-06,461,i,461,4
PARTNER/ATTORNEY AT LAW,1,374362,2.67E-06,461,a,461,14
Partner/Attorney-At-Law,1,374362,2.67E-06,461,a,461,4
Partner of the Firm,6,374362,1.60E-05,462,zzz,462,
"Partner, Baird Holm LLP",1,374362,2.67E-06,462,zzz,462,
"Partner, Chavez & Valko, LLP",2,374362,5.34E-06,463,zzz,463,
"Partner, Fragomen",1,374362,2.67E-06,464,zzz,464,
"Partner, Garganigo, Goldsmith & Weiss",25,374362,6.68E-05,465,zzz,465,
"Partner, Garganigo, Goldsmith & Wess",1,374362,2.67E-06,465,zzz,465,2
"Partner, Gibney, Anthony & Flaherty, LLP",58,374362,0.00015493,466,i,466,
"Partner, Gibney, Anthony & Flaherty LLP",6,374362,1.60E-05,466,i,466,4
"Patner, Gibney, Anthony & Flaherty, LLP",1,374362,2.67E-06,466,zzz,466,4
Partner/Lead Engagement Attorney,59,374362,0.000157601,467,a,467,
PARTNER/LEAD ENGAGEMENT ATTORNEY,9,374362,2.40E-05,467,a,467,1
"PARTNER, LEAD ENGAGEMENT ATTORNEY",8,374362,2.14E-05,467,i,467,14
"Partner, Pryor Cashman LLP",3,374362,8.01E-06,468,zzz,468,
"Pasricha & Patel, LLC",1,374362,2.67E-06,468,zzz,468,
Partner/Attorney of Record,1,374362,2.67E-06,469,zzz,469,
PASTOR,1,374362,2.67E-06,469,zzz,469,
"Paul Parsons, P.C.",1,374362,2.67E-06,470,zzz,470,
PAYROLL MANAGER,1,374362,2.67E-06,471,zzz,471,
PDTE,12,374362,3.21E-05,472,i,472,
PDTE.,1,374362,2.67E-06,472,i,472,4
PDTE / ALCC.,1,374362,2.67E-06,473,zzz,473,
PDTE / ALLC,1,374362,2.67E-06,473,zzz,473,4
"Peri B. Edelman, Attorney at Law",1,374362,2.67E-06,474,zzz,474,
perm@murthy.com,1,374362,2.67E-06,475,zzz,475,
"PH.D., CINICAL SUPERVISOR / TRAINING DIRECTOR",1,374362,2.67E-06,476,zzz,476,
PLANT MANAGER,2,374362,5.34E-06,477,zzz,477,
PRACTICE MANAGER,1,374362,2.67E-06,478,zzz,478,
PREPARER,12,374362,3.21E-05,479,a,479,
Preparer,4,374362,1.07E-05,479,a,479,1
preparer,1,374362,2.67E-06,479,a,479,12
President,293,374362,0.000782665,480,a,480,
PRESIDENT,235,374362,0.000627735,480,a,480,1
PRES.,1,374362,2.67E-06,480,zzz,480,12
PRESIDENT.,1,374362,2.67E-06,480,i,480,14
PREZ,1,374362,2.67E-06,480,zzz,480,12
PRESIDENT/ ALCC,14,374362,3.74E-05,481,a,481,
PRESIDENT/ALCC,4,374362,1.07E-05,481,i,481,4
"PRESIDENT/ ALCC, INC.",2,374362,5.34E-06,481,zzz,481,6
PRESIDENT / ALCC,1,374362,2.67E-06,481,i,481,4
PRESIDENT/  ALCC,1,374362,2.67E-06,481,h,481,4
President/ ALCC,1,374362,2.67E-06,481,a,481,1
PRESIDENT/ALIEN LABOR CERTIFICATION CONSULTANT,1,374362,2.67E-06,481,a,481,6
President/Alien Labor Certification Consultant,1,374362,2.67E-06,481,a,481,16
"PRESIDENT/ ALCCC,INC.",4,374362,1.07E-05,482,i,482,6
"PRESIDENT/ALCCC,INC.",3,374362,8.01E-06,482,i,482,6
PRESIDENT / ALCCC,1,374362,2.67E-06,482,zzz,482,2
PRESIDENT / ALIEN LABOR CERT CONS.CO.INC.,1,374362,2.67E-06,482,i,482,6
"PRESIDENT/ ALCCC, INC.",1,374362,2.67E-06,482,i,482,6
PRESIDENT/ALIEN LABOR CERT. CONS. CO.INC.,1,374362,2.67E-06,482,i,482,6
PRESIDENT/OWNER,2,374362,5.34E-06,483,zzz,483,
President and Managing Attorney,1,374362,2.67E-06,484,zzz,484,
"President, American Waivers, Inc.",1,374362,2.67E-06,485,zzz,485,
"President, KML Consulting Services, LLC",1,374362,2.67E-06,486,zzz,486,
PRESIDENT/WWLS,2,374362,5.34E-06,487,zzz,487,
Principal,389,374362,0.001039101,488,a,488,
PRINCIPAL,2,374362,5.34E-06,488,a,488,1
Principle,1,374362,2.67E-06,488,zzz,488,6
Principal and Managing Attorney,21,374362,5.61E-05,489,a,489,
Principal & Managing Attorney,9,374362,2.40E-05,489,i,489,3
PRINCIPAL AND MANAGING ATTORNEY,3,374362,8.01E-06,489,a,489,1
PRINCIPAL AGENT,1,374362,2.67E-06,490,zzz,490,
Principal Attorney,596,374362,0.001592042,491,a,491,
PRINCIPAL ATTORNEY,18,374362,4.81E-05,491,a,491,1
Principle Attorney,1,374362,2.67E-06,491,zzz,491,6
"Principal, Law Offices of Stuart J. Reich",2,374362,5.34E-06,492,zzz,492,
"Principal, The Law Offices of Brian J. Halliday",2,374362,5.34E-06,493,zzz,493,
Principal/Owner,55,374362,0.000146917,494,zzz,494,
PROSKAUER ROSE LLP,1,374362,2.67E-06,495,zzz,495,
PTE / ALCC,1,374362,2.67E-06,496,zzz,496,
"Rajan & Rajan, LLP",1,374362,2.67E-06,497,zzz,497,
RAMIA LAW,1,374362,2.67E-06,498,zzz,498,
REGIONAL MANAGER,54,374362,0.000144245,499,zzz,499,
REGISTERED NURSE,1,374362,2.67E-06,500,zzz,500,
"REINHORN LAW, INC.",1,374362,2.67E-06,501,a,501,
"Reinhorn Law, Inc.",1,374362,2.67E-06,501,a,501,1
Relocation Agent,1,374362,2.67E-06,502,zzz,502,
Representative,1514,374362,0.004044214,503,a,503,
representative,13,374362,3.47E-05,503,a,503,1
REPRESENTATIVE,3,374362,8.01E-06,503,a,503,1
Representatve,3,374362,8.01E-06,503,zzz,503,12
REPRESENATIVE,2,374362,5.34E-06,503,zzz,503,12
REPRESENTATIVE WITH GULF COAST ASIAN RESOURCES,3,374362,8.01E-06,504,zzz,504,
REPRESENATIVE WITH GULF COAST ASIAN RESOURCES,2,374362,5.34E-06,504,zzz,504,2
Representative of the employer,1,374362,2.67E-06,505,zzz,505,
Representing Attorney,178,374362,0.000475476,506,zzz,506,
"Robert L. Gammell, Attorney at Law, PC",1,374362,2.67E-06,507,zzz,507,
Root Law Group,1,374362,2.67E-06,508,zzz,508,
RTP AND TAX CONSULTANT,2,374362,5.34E-06,509,zzz,509,
Ruby,1,374362,2.67E-06,510,zzz,510,
S. Attorney,1,374362,2.67E-06,511,zzz,511,
Sales Associate,1,374362,2.67E-06,512,zzz,512,
"SCHUBERT, GALLAGHER, TYLER AND MULCAHEY",1,374362,2.67E-06,513,zzz,513,
SE,1,374362,2.67E-06,514,zzz,514,
SECRETARY,10,374362,2.67E-05,515,a,515,
Secretary,3,374362,8.01E-06,515,a,515,1
SECRETARY/TREASURER,1,374362,2.67E-06,516,a,516,
Secretary/Treasurer,1,374362,2.67E-06,516,a,516,
SELF EMPLOYEE,1,374362,2.67E-06,517,zzz,517,
Senior Associate,541,374362,0.001445125,518,a,518,
SENIOR ASSOCIATE,53,374362,0.000141574,518,a,518,1
Senior Assoicate,1,374362,2.67E-06,518,zzz,518,2
Sr. Associate,1,374362,2.67E-06,518,zzz,518,3
Senior Associate Attorney,912,374362,0.002436145,519,a,519,
Sr. Associate Attorney,38,374362,0.000101506,519,a,519,3
SR. ASSOCIATE ATTORNEY,12,374362,3.21E-05,519,a,519,13
SR. ASSOCIATE  ATTORNEY,9,374362,2.40E-05,519,h,519,13
SENIOR ASSOCIATE ATTORNEY,3,374362,8.01E-06,519,a,519,1
"Sr. Associate, Attorney at Law",43,374362,0.000114862,520,i,520,
"Senior Associate, Attorney at Law",28,374362,7.48E-05,520,h,520,3
Sr. Associate/Attorney at Law,24,374362,6.41E-05,520,a,520,4
Senior Associate/Attorney at Law,5,374362,1.34E-05,520,i,520,34
"Senior Associate,  Attorney at Law",2,374362,5.34E-06,520,h,520,34
"Senior Associate, Attoney at Law",1,374362,2.67E-06,520,zzz,520,3
Sr. Associate Attorney/Attorney at Law,1,374362,2.67E-06,520,zzz,520,7
Sr. Associate/Attorney at LAw,1,374362,2.67E-06,520,a,520,12
"Sr. Assolciate, Attorney at Law",1,374362,2.67E-06,520,zzz,520,2
"Senior Associate, Gibney, Anthony & Flaherty LLP",1,374362,2.67E-06,521,zzz,521,
"Senior Associate, Tocci & Lee, LLC",1,374362,2.67E-06,522,zzz,522,
"SENIOR ATTORNEY, ROBERTSON IMMIGRATION LAW FIRM",1,374362,2.67E-06,523,zzz,523,
"Senior Counsel, Gibney, Anthony & Flaherty LLP",59,374362,0.000157601,524,a,524,
"Sr. Counsel, Gibney, Anthony & Flaherty LLP",5,374362,1.34E-05,524,a,524,3
"Sr Counsel, Gibney, Anthony & Flaherty, LLP",4,374362,1.07E-05,524,i,524,34
"Senior Counsel, Gibney, Anthony & Flaherty, LLP",3,374362,8.01E-06,524,i,524,1
"SR. COUNSEL, GIBNEY, ANTHONY & FLAHERTY LLP",3,374362,8.01E-06,524,a,524,13
"SENIOR COUNSEL, GIBNEY, ANTHONY & FLAHERTY LLP",2,374362,5.34E-06,524,a,524,1
"Senior Counsel, Gibney, Anthony and Flaherty LLP",2,374362,5.34E-06,524,i,524,3
"SR. COUNSEL, GIBNEY, ANTHONY AND FLAHERTY LLP",2,374362,5.34E-06,524,a,524,13
"Senior Councel, Gibney, Anthony and Flaherty LLP",1,374362,2.67E-06,524,zzz,524,3
"Senior Counsel, Gbiney, Anthony & Flaherty LLP",1,374362,2.67E-06,524,zzz,524,2
"Senior Counsel, Gibey, Anthony & Flaherty LLP",1,374362,2.67E-06,524,zzz,524,2
"Senior Counsel, Gibney, Anthony & Glaherty LLP",1,374362,2.67E-06,524,zzz,524,2
"Senior Counsel, Gigney, Anthony & Flaherty LLP",1,374362,2.67E-06,524,zzz,524,2
"Senior Gibney, Anthony & Flaherty LLP",1,374362,2.67E-06,524,zzz,524,2
"Sr. Counsel, Gibney, Anthony & Flaherty, LLP",1,374362,2.67E-06,524,i,524,3
"Sr. Counsel, Gibney, Anthony and Flaherty LLP",1,374362,2.67E-06,524,a,524,3
Sr. Counsel,321,374362,0.000857459,525,zzz,525,
Senior Counsel,157,374362,0.00041938,525,a,525,3
SENIOR COUNSEL,8,374362,2.14E-05,525,a,525,13
Senior Developer,1,374362,2.67E-06,526,zzz,526,
Senior Immigration Associate,1,374362,2.67E-06,527,zzz,527,
Senior Immigration Employment Specialist,4,374362,1.07E-05,528,zzz,528,
SENIOR IMMIGRATION PARALEGAL,5,374362,1.34E-05,529,zzz,529,
Senior Immigration Specialist - QUALCOMM HR,1,374362,2.67E-06,530,zzz,530,
Senior International Scholar Advisor - ISSS,2,374362,5.34E-06,531,zzz,531,
Senior Legal Asst,3,374362,8.01E-06,532,zzz,532,
Sr. Legal Asst,3,374362,8.01E-06,532,zzz,532,3
SENIOR LEGAL COUNSEL,1,374362,2.67E-06,533,zzz,533,
Senior Manager,15,374362,4.01E-05,534,zzz,534,
"Senior Manager, Employee Services",1,374362,2.67E-06,535,zzz,535,
"Senior Manager, International Services",1,374362,2.67E-06,536,zzz,536,
Senior Paralegal,216,374362,0.000576982,537,a,537,
SENIOR PARALEGAL,1,374362,2.67E-06,537,a,537,1
Sr. Paralegal,1,374362,2.67E-06,537,zzz,537,3
Senior Partner,29,374362,7.75E-05,538,a,538,
Sr. Staff Attorney,5,374362,1.34E-05,538,zzz,538,
SENIOR PARTNER,1,374362,2.67E-06,538,a,538,1
Senior Partner/Attorney,1,374362,2.67E-06,539,zzz,539,
Senior Supervising Attorney,107,374362,0.00028582,540,a,540,
Sr. Supervising Attorney,2,374362,5.34E-06,540,zzz,540,3
SENIOR SUPERVISING ATTORNEY,1,374362,2.67E-06,540,a,540,
SENIOR SUPERVISOR II/ BUILDING MANAGER,2,374362,5.34E-06,541,zzz,541,
Senior Vice President,1,374362,2.67E-06,542,zzz,542,
Serotte Law,1,374362,2.67E-06,543,zzz,543,
seth@sethlegal.com,1,374362,2.67E-06,544,zzz,544,
Seyfarth Shaw LLP,1,374362,2.67E-06,545,zzz,545,
sgoldsmith@margolislawfirm.com,1,374362,2.67E-06,546,zzz,546,
"Shankar & Associates, PC",1,374362,2.67E-06,547,zzz,547,
Shareholder,954,374362,0.002548336,548,a,548,
SHAREHOLDER,18,374362,4.81E-05,548,a,548,1
Sharholder,1,374362,2.67E-06,548,zzz,548,2
"Shareholder, Managing Attorney",35,374362,9.35E-05,549,i,549,
Shareholder - Managing Attorney,1,374362,2.67E-06,549,i,549,4
SHAREHOLDER / ATTORNEY,9,374362,2.40E-05,550,zzz,550,
Shareholder/Attorney,3,374362,8.01E-06,550,i,550,14
Shareholder/ Attorney,2,374362,5.34E-06,550,i,550,1
Shirley L Wong Ltd,1,374362,2.67E-06,551,zzz,551,
SHIRLEY'S IMMIGRATION SERVICE,1,374362,2.67E-06,552,zzz,552,
SHOP.FOREMAN,1,374362,2.67E-06,553,zzz,553,
SHOW CORDINATOR,2,374362,5.34E-06,554,zzz,554,
"Shumaker, Loop & Kendrick, LLP",1,374362,2.67E-06,555,zzz,555,
Smith,1,374362,2.67E-06,556,zzz,556,
Special Assistant Attorney General,6,374362,1.60E-05,557,zzz,557,
Special Counsel,8,374362,2.14E-05,558,a,558,
SPECIAL COUNSEL,1,374362,2.67E-06,558,a,558,1
Special Counsel to Ohio Att'y Gen. Mike DeWine,14,374362,3.74E-05,559,i,559,
Special Counsel to Ohio Att'y Gen Mike DeWine,5,374362,1.34E-05,559,i,559,4
Special Counsel for Ohio Att'y Gen. Mike DeWine,1,374362,2.67E-06,559,zzz,559,8
"Special Counsel, Immigration",9,374362,2.40E-05,560,zzz,560,
Special Education Teacher,1,374362,2.67E-06,561,zzz,561,
SPOUSE OF EMPLOYER,1,374362,2.67E-06,562,zzz,562,
Senior Attorney,357,374362,0.000953622,563,a,563,
Sr. Attorney,57,374362,0.000152259,563,i,563,3
SENIOR ATTORNEY,43,374362,0.000114862,563,a,563,1
"Sr, Attorney",1,374362,2.67E-06,563,i,563,34
Sr. Human Resources Generalist,1,374362,2.67E-06,564,zzz,564,
Sr. Immigration Consultant,4,374362,1.07E-05,565,zzz,565,
Sr. Immigration Coordinator,2,374362,5.34E-06,566,zzz,566,
Sr. Immigration Specialist,27,374362,7.21E-05,567,zzz,567,
Staff Attorney,2,374362,5.34E-06,568,zzz,568,
Staff Immigration Attorney,7,374362,1.87E-05,569,zzz,569,
Stock,1,374362,2.67E-06,570,zzz,570,
STORE MANAGER,2,374362,5.34E-06,571,zzz,571,
Suh,2,374362,5.34E-06,572,zzz,572,
Sumner Immigration Law PLLC,2,374362,5.34E-06,573,zzz,573,
Supervising Attorney,362,374362,0.000966978,574,a,574,
SUPERVISING ATTORNEY,7,374362,1.87E-05,574,a,574,1
SUPERVISOR,2,374362,5.34E-06,575,zzz,575,
Supervisor Employment Division,1,374362,2.67E-06,576,zzz,576,
Supervisor Employment Sponsorship,1,374362,2.67E-06,577,zzz,577,
Supervisor Labor Certification,1,374362,2.67E-06,578,zzz,578,
SUROGATE OF STEVEN PAUL ACERO- DISSABLE CHILD,2,374362,5.34E-06,579,zzz,579,
TECHNICAL SERVICE REPRESENTATIVE,1,374362,2.67E-06,580,zzz,580,
The Law Office of Aron Hasson,2,374362,5.34E-06,581,zzz,581,
"The Ram Law Firm, P.A.",1,374362,2.67E-06,582,zzz,582,
The Seltzer Firm,1,374362,2.67E-06,583,zzz,583,
"Thomas H. Bohrer, Attorney at Law",1,374362,2.67E-06,584,zzz,584,
Thomas J Biow,1,374362,2.67E-06,585,zzz,585,
"TOM TRAVIS, P.A.",1,374362,2.67E-06,586,zzz,586,
Trupti N. Patel & Associates,1,374362,2.67E-06,587,a,587,
TRUPTI N. PATEL & ASSOCIATES,1,374362,2.67E-06,587,a,587,1
U.S. Immigration Attorney,1,374362,2.67E-06,588,zzz,588,
U.S. Immigration Lawyer,1,374362,2.67E-06,589,zzz,589,
UNC Gen. Admin. Staff Immigration Attorney,1,374362,2.67E-06,590,zzz,590,
Union Trans./Prof. Services,1,374362,2.67E-06,591,a,591,
UNION TRANS./PROF. SERVICES,1,374362,2.67E-06,591,a,591,1
United Law Office,1,374362,2.67E-06,592,zzz,592,
"US Law Group, LLC",1,374362,2.67E-06,593,zzz,593,
US TECHNOLOGY CENTER,1,374362,2.67E-06,594,zzz,594,
USA Immigration Consultant,1,374362,2.67E-06,595,zzz,595,
USILAW Inc.,1,374362,2.67E-06,596,zzz,596,
"USILAW, INC",1,374362,2.67E-06,596,zzz,596,1
Varnum LLP,1,374362,2.67E-06,597,zzz,597,
VICE,1,374362,2.67E-06,598,zzz,598,
Vice President,22,374362,5.88E-05,599,a,599,
VICE-PRESIDENT,17,374362,4.54E-05,599,i,599,14
VICE PRESIDENT,4,374362,1.07E-05,599,a,599,1
VICE - PRESIDENT,1,374362,2.67E-06,599,i,599,14
VP,1,374362,2.67E-06,599,zzz,599,3
VICE PRESIDENT - FINANACE,1,374362,2.67E-06,600,zzz,600,
VICE PRESIDENT SALES,1,374362,2.67E-06,601,zzz,601,
"Vice President, Assistant General Counsel",15,374362,4.01E-05,602,zzz,602,
Visa Administrator,12,374362,3.21E-05,603,zzz,603,
Visa Consultant,1,374362,2.67E-06,604,zzz,604,
VIsa preparer,1,374362,2.67E-06,605,zzz,605,
VISA SPECIALIST,5,374362,1.34E-05,606,a,606,
Visa Specialist,4,374362,1.07E-05,606,a,606,1
"VISANOW, P.C.",2,374362,5.34E-06,607,zzz,607,
VOLUNTEER DEACON,1,374362,2.67E-06,608,zzz,608,
VP OF OPERATIONS,1,374362,2.67E-06,609,zzz,609,
VP OPERATIONS,1,374362,2.67E-06,609,zzz,609,8
VP/SECTY,1,374362,2.67E-06,610,zzz,610,
"VUJJINI & ASSOCIATES,LLC",1,374362,2.67E-06,611,zzz,611,
Walsh,1,374362,2.67E-06,612,zzz,612,
WARREN,1,374362,2.67E-06,613,zzz,613,
Waxman,1,374362,2.67E-06,614,zzz,614,
White,1,374362,2.67E-06,615,zzz,615,
"Wildes & Weinberg, P.C.",1,374362,2.67E-06,616,zzz,616,
"William Y. Sim, P.C.",1,374362,2.67E-06,617,zzz,617,
Winograd and Schwartz,1,374362,2.67E-06,618,zzz,618,
Wolfsdorf Rosenthal LLP,1,374362,2.67E-06,619,zzz,619,
YU,1,374362,2.67E-06,620,zzz,620,
"Zollinger Immigration, ALC",1,374362,2.67E-06,621,zzz,621,