label,Attribute_name,total_vals,num_nans,num_of_dist_val,mean,std_dev,min_val,max_val,%_dist_val,%_nans,sample_1,sample_2,sample_3,sample_4,sample_5,has_delimiters,has_url,has_email,has_date,mean_word_count,std_dev_word_count,mean_stopword_total,stdev_stopword_total,mean_char_count,stdev_char_count,mean_whitespace_count,stdev_whitespace_count,mean_delim_count,stdev_delim_count,is_list,is_long_sentence
7,Disturbance_Code_5,2823,2823,0,0,0,0,0,0,100,,,,,,FALSE,FALSE,FALSE,TRUE,1,0,0,0,3,0,0,0,0,0,FALSE,FALSE
7,Disturbance_Intensity_5,2823,2823,0,0,0,0,0,0,100,,,,,,FALSE,FALSE,FALSE,TRUE,1,0,0,0,3,0,0,0,0,0,FALSE,FALSE
7,Disturbance_Code_6,2823,2823,0,0,0,0,0,0,100,,,,,,FALSE,FALSE,FALSE,TRUE,1,0,0,0,3,0,0,0,0,0,FALSE,FALSE
7,Disturbance_Intensity_6,2823,2823,0,0,0,0,0,0,100,,,,,,FALSE,FALSE,FALSE,TRUE,1,0,0,0,3,0,0,0,0,0,FALSE,FALSE
7,Confirmation_Notes,2823,2783,31,0,0,0,0,1.098122565,98.58306766,,Same as site B,1 or more name of plant cut off on bottom scanned copy of data sheet. Original data sheet lost as of 10/11/16.,Spinescens?,"negligible for cover, just for species list",FALSE,FALSE,FALSE,FALSE,7,7.823042886,2.4,3.006659276,36.2,39.30089058,6,7.823042886,6,7.823042886,FALSE,FALSE
7,Disturbance_Code_4,2823,2781,4,0,0,0,0,0.141693234,98.51222104,,Insufficient population/stand size,Road/trail construction/maint.,"""Other"": 13 planes",Mining,FALSE,FALSE,FALSE,FALSE,2,0.894427191,0,0,18.2,12.4,1,0.894427191,1,0.894427191,FALSE,FALSE
7,Disturbance_Intensity_4,2823,2781,2,0,0,0,0,0.070846617,98.51222104,,Medium,Low,Medium,Medium,FALSE,FALSE,FALSE,FALSE,1,0,0,0,4.8,1.469693846,0,0,0,0,FALSE,FALSE
7,Post_field_Notes,2823,2703,83,0,0,0,0,2.940134609,95.74920298,,Stratum illegible on data sheet,Scutellaria mexicana=new taxanimic name,Krameria grayi is the old taxonomy. Krameria bicolor is the new taxanimic name,Vulpia octoflora is the old taxonomy. Festuca octoflora is the new taxanomic name,FALSE,FALSE,FALSE,FALSE,7.2,4.915282291,1.8,1.833030278,46.4,29.56754978,6.2,4.915282291,6.2,4.915282291,FALSE,FALSE
7,Desert_Riparian_Tree_Shrub,2823,2661,4,0,0,0,0,0.141693234,94.26142402,,2 (2-10 ft ht),1 (<2 ft stem ht),3 (10-20 ft ht),4 (>20 ft),FALSE,FALSE,FALSE,FALSE,3.4,1.356465997,0,0,11.8,4.955804677,2.4,1.356465997,2.4,1.356465997,FALSE,FALSE
7,Disturbance_Intensity_3,2823,2627,3,0,0,0,0,0.106269926,93.05703153,,Low,Medium,High,Medium,FALSE,FALSE,FALSE,FALSE,1,0,0,0,4.4,1.356465997,0,0,0,0,FALSE,FALSE
7,Disturbance_Code_3,2823,2618,16,0,0,0,0,0.566772937,92.73822175,,Other: 13 Road,Grazing,Vandalism/dumping/litter,Agriculture,FALSE,FALSE,FALSE,FALSE,1.4,0.8,0,0,11.8,7.138627319,0.4,0.8,0.4,0.8,FALSE,FALSE
7,Confirmation,2823,2555,156,0,0,0,0,5.526036132,90.50655331,,Hypocharis glabra,Typha sp.,Elymus triticoides,Allenrolfea occidentalis,FALSE,FALSE,FALSE,FALSE,1.8,0.4,0,0,14.2,7.359347797,0.8,0.4,0.8,0.4,FALSE,FALSE
7,Desert_Palm_Joshua_Tree,2823,2401,2,0,0,0,0,0.070846617,85.0513638,,3 (>6,2 (1.5-6,,3 (>6,FALSE,FALSE,FALSE,FALSE,1.6,0.489897949,0,0,4.8,1.833030278,0.6,0.489897949,0.6,0.489897949,FALSE,FALSE
7,Disturbance_Intensity_2,2823,2383,3,0,0,0,0,0.106269926,84.41374424,,Medium,Low,High,Low,FALSE,FALSE,FALSE,FALSE,1,0,0,0,3.8,1.166190379,0,0,0,0,FALSE,FALSE
7,Disturbance_Code_2,2823,2372,16,0,0,0,0,0.566772937,84.02408785,,Competition from exotics,Altered flood/tidal regime,Agriculture,Road/trail construction/maint.,FALSE,FALSE,FALSE,FALSE,2,0.894427191,0.2,0.4,18.8,10.14692072,1,0.894427191,1,0.894427191,FALSE,FALSE
7,Disturbance_Code_1,2823,2140,14,0,0,0,0,0.49592632,75.80588027,Road/trail construction/maint.,Agriculture,,Competition from exotics,Pollution,FALSE,FALSE,FALSE,FALSE,1.6,0.8,0.2,0.4,15.4,10.01199281,0.6,0.8,0.6,0.8,FALSE,FALSE
7,Disturbance_Intensity_1,2823,1873,3,0,0,0,0,0.106269926,66.34785689,Low,High,,Medium,,FALSE,FALSE,FALSE,FALSE,1,0,0,0,3.8,1.166190379,0,0,0,0,FALSE,FALSE
7,Notes,2823,1779,91,0,0,0,0,3.223521077,63.01806589,,Exposure is due South.,Shrub height class noted as '04/05' on data sheet,Site description continued: Fire was probably 1-2 seasons ago. Continue all the way up hill. No tree description indicated on data sheet. Shrub % cover not indicated on data sheet.,Exposure mentioned as Flat first Habitat (4/12/2016) and South (5/11/2016) Data sheet may have possible error with symbols '>1' instead of '<1' for plant cover- should be 'less than one' currently signifies 'greater than one'.,FALSE,FALSE,FALSE,FALSE,15.8,13.96280774,4,3.847076812,96,89.76636341,14.8,13.96280774,14.8,13.96280774,FALSE,TRUE
7,Conifer_Height_Class,2823,1552,7,0,0,0,0,0.24796316,54.97697485,,0,04 = 2-5m,05 = 5-10m,07 = 15-20m,FALSE,FALSE,FALSE,FALSE,2.2,0.979795897,0,0,6.8,4.019950248,1.2,0.979795897,1.2,0.979795897,FALSE,FALSE
7,Regen_Height_Class,2823,1464,9,0,0,0,0,0.318809777,51.8597237,,03 = 1-2m,0,04 = 2-5m,01 = <1/2m,FALSE,FALSE,FALSE,FALSE,2.2,0.979795897,0,0,6.4,3.666060556,1.2,0.979795897,1.2,0.979795897,FALSE,FALSE
1,Adjacent_Lifeforms,2823,1280,53,0,0,0,0,1.877435352,45.34183493,Riparian,Cropland,UMDS,,LMDS,FALSE,FALSE,FALSE,FALSE,1,0,0,0,5.4,2.154065923,0,0,0,0,FALSE,FALSE
1,Hardwood_Height_Class,2823,1270,8,0,0,0,0,0.283386468,44.98760184,06 = 10-15m,0,,04 = 2-5m,05 = 5-10m,FALSE,FALSE,FALSE,FALSE,2.2,0.979795897,0,0,6.8,4.019950248,1.2,0.979795897,1.2,0.979795897,FALSE,FALSE
1,Shrub_Height_Class,2823,435,11,0,0,0,0,0.389656394,15.40913921,01 = <1/2m,,04 = 2-5m,5-Apr,03 = 1-2m,FALSE,FALSE,FALSE,FALSE,2.2,0.979795897,0,0,7.2,2.712931993,1.2,0.979795897,1.2,0.979795897,FALSE,FALSE
1,Tree_DBH,2823,240,9,0,0,0,0,0.318809777,8.501594049,T2 (1-6,T4 (11-24,T0 (no trees),,"T3, T4",FALSE,FALSE,FALSE,FALSE,2,0.632455532,0.2,0.4,7.6,3.322649545,1,0.632455532,1,0.632455532,FALSE,FALSE
1,Percent_Hardwood_Tree_Cover,2823,235,28,0,0,0,0,0.991852639,8.324477506,3,9,0,<1,7,FALSE,FALSE,FALSE,FALSE,1,0,0,0,1.2,0.4,0,0,0,0,FALSE,FALSE
1,Percent_Regen_Tree_Cover,2823,181,13,0,0,0,0,0.460503011,6.411618845,0,4,0.5,<1,,FALSE,FALSE,FALSE,FALSE,1,0,0,0,1.8,0.748331477,0,0,0,0,FALSE,FALSE
1,Percent_Conifer_Tree_Cover,2823,174,12,0,0,0,0,0.425079702,6.163655685,0,7,,<1,10,FALSE,FALSE,FALSE,FALSE,1,0,0,0,1.8,0.748331477,0,0,0,0,FALSE,FALSE
1,Percent_Herbaceous_Cover,2823,158,107,0,0,0,0,3.790294013,5.596882749,70,10,2,<1,39,FALSE,FALSE,FALSE,FALSE,1,0,0,0,1.8,0.4,0,0,0,0,FALSE,FALSE
1,Percent_Shrub_Cover,2823,158,85,0,0,0,0,3.010981226,5.596882749,1,0,25,5,15,FALSE,FALSE,FALSE,FALSE,1,0,0,0,1.4,0.489897949,0,0,0,0,FALSE,FALSE
1,Percent_Vasc_Veg_cover,2823,154,127,0,0,0,0,4.498760184,5.455189515,75,20,27,5,15,FALSE,FALSE,FALSE,FALSE,1,0,0,0,1.8,0.4,0,0,0,0,FALSE,FALSE
1,Percent_Non_Vasc_cover,2823,137,17,0,0,0,0,0.602196245,4.85299327,1,0,traces,40,,FALSE,FALSE,FALSE,FALSE,1,0,0,0,2.6,1.854723699,0,0,0,0,FALSE,FALSE
1,Herbaceous_Height_Class,2823,134,9,0,0,0,0,0.318809777,4.746723344,01 = <1/2m,02 = 1/2-1m,,03 = 1-2m,0,FALSE,FALSE,FALSE,FALSE,2.2,0.979795897,0,0,6.8,4.019950248,1.2,0.979795897,1.2,0.979795897,FALSE,FALSE
1,Herb,2823,98,3,0,0,0,0,0.106269926,3.471484237,H1 (<12,H2 (>12,,H0 (no herbs),H0 (no herbs),FALSE,FALSE,FALSE,FALSE,2.2,0.748331477,0.4,0.489897949,8.6,3.878143886,1.2,0.748331477,1.2,0.748331477,FALSE,FALSE
1,Percent_Cover,2823,87,99,0,0,0,0,3.506907545,3.081827843,1-5%,2,<1%,,>1,FALSE,FALSE,FALSE,FALSE,1,0,0,0,2.6,1.019803903,0,0,0,0,FALSE,FALSE
1,Shrub,2823,79,6,0,0,0,0,0.212539851,2.798441374,,S0 (no shrubs),"S3 (mature, 1-25% dead)","S4 (decadent, >25% dead)","S2 (young, <1% dead)",TRUE,FALSE,FALSE,FALSE,3.2,1.166190379,0.2,0.4,16.8,7.730459236,2.2,1.166190379,2.2,1.166190379,TRUE,FALSE
1,Steepness,2823,69,6,0,0,0,0,0.212539851,2.444208289,5-Jan,25-May,0,,>25,FALSE,FALSE,FALSE,FALSE,1,0,0,0,2.8,0.979795897,0,0,0,0,FALSE,FALSE
1,Exposure,2823,52,20,0,0,0,0,0.708466171,1.842012044,NE,S,SE,Flat,Variable,FALSE,FALSE,FALSE,FALSE,1,0,0,0,3.4,2.497999199,0,0,0,0,FALSE,FALSE
1,Stratum,2823,43,19,0,0,0,0,0.673042862,1.523202267,H = Herb,T = Tree,S = Shrub,,G,FALSE,FALSE,FALSE,FALSE,2.2,0.979795897,0,0,5.8,3.18747549,1.2,0.979795897,1.2,0.979795897,FALSE,FALSE
1,Date,2823,10,67,0,0,0,0,2.373361672,0.354233085,5/25/16,5/9/16,6/27/16,6/7/16,6/16/16,FALSE,FALSE,FALSE,TRUE,1,0,0,0,8.6,0.489897949,0,0,0,0,FALSE,FALSE
1,Species,2823,1,912,0,0,0,0,32.30605739,0.035423309,Unidentified vascular plants,Salix sp.,Krameria erecta,UNK 2,Opuntia basilaris,FALSE,FALSE,FALSE,FALSE,2.2,0.4,0,0,14.8,7.858753082,1.2,0.4,1.2,0.4,FALSE,FALSE
7,OBJECTID,2823,0,2823,1412,814.9298538,1,2823,100,0,357,204,2094,2352,2197,FALSE,FALSE,FALSE,TRUE,1,0,0,0,3.6,0.489897949,0,0,0,0,FALSE,FALSE
1,SiteID,2823,0,320,0,0,0,0,11.33545873,0,25587A,23830B,31810A,32308A,32089A,FALSE,FALSE,FALSE,FALSE,1,0,0,0,6,0,0,0,0,0,FALSE,FALSE
0,Shape__Area,2823,0,169,36543354.75,1305100.621,35004277.49,40523122.24,5.986539143,0,38340543.86,39387433,35690002.89,35519746.87,35588815.61,FALSE,FALSE,FALSE,TRUE,1,0,0,0,15.8,0.4,0,0,0,0,FALSE,FALSE
0,Shape__Length,2823,0,169,22500.60244,396.9700236,22024.991,23698.46609,5.986539143,0,23051.62612,23364.37871,22239.47522,22186.36965,22207.90621,FALSE,FALSE,FALSE,TRUE,1,0,0,0,15.8,0.4,0,0,0,0,FALSE,FALSE
1,Deployment,2823,0,62,0,0,0,0,2.196245129,0,5/25/16,5/9/16,6/27/16,6/7/16,6/16/16,FALSE,FALSE,FALSE,TRUE,1,0,0,0,8.6,0.489897949,0,0,0,0,FALSE,FALSE
1,Lifeform,2823,0,35,0,0,0,0,1.239815799,0,Crop/Fallow,Riparian,LMDS,RIP,RIP likely LMDS,FALSE,FALSE,FALSE,FALSE,1.4,0.8,0,0,8.2,4.445222154,0.4,0.8,0.4,0.8,FALSE,FALSE
1,Fire_Evidence,2823,0,2,0.044279136,0.205714593,0,1,0.070846617,0,0,1,0,1,1,FALSE,FALSE,FALSE,TRUE,1,0,0,0,1,0,0,0,0,0,FALSE,FALSE
1,Ecoregion,2823,0,2,0,0,0,0,0.070846617,0,Great Valley,Mojave Desert,Great Valley,Mojave Desert,Mojave Desert,FALSE,FALSE,FALSE,FALSE,2,0,0,0,12.6,0.489897949,1,0,1,0,FALSE,FALSE