Species,times_entered,total,percent_of_entries,group,reason,group_new
"""Big Galleta"" - Hordeum rigida",1,2823,0.000354233,1,,
"""Needle cholla""-->Cylindropuntia ramosissima",1,2823,0.000354233,2,,
"""Pencil cholla"" --> Cylindropuntia ramosissima",1,2823,0.000354233,3,,
27915A UNID2 pokey plant,1,2823,0.000354233,4,,
27915A UNID3 grass,1,2823,0.000354233,5,,
28498A UNID 2 (atriplex?),1,2823,0.000354233,6,,
28498A UNID1 (conifer),1,2823,0.000354233,7,,
28498a=A UNID 2 (atriplex?),1,2823,0.000354233,6,,
29915B UNID 1 (suculent like),1,2823,0.000354233,8,,
29915B UNID 2 (ground fuzz),1,2823,0.000354233,9,,
30814B UNID 3,1,2823,0.000354233,10,,
30887A UNID 1 (unknown green bush),1,2823,0.000354233,11,,
30887B UNID 1 probably salsola,1,2823,0.000354233,12,,
30887B UNID 2,2,2823,0.000708466,13,,
30887B UNID 2 (prob poa secunda),1,2823,0.000354233,14,,
30887B UNID 2 probably poa secunda,1,2823,0.000354233,14,,
30887B UNID 3 (bushy inflorescence grass),1,2823,0.000354233,15,,
30887B UNID 3 bushy grass,1,2823,0.000354233,16,,
30887B UNID 4 (sml inflorescence grass),1,2823,0.000354233,17,,
30887B UNID 5 pokey leafy asteraceae,1,2823,0.000354233,18,,
A. hymenelytra,1,2823,0.000354233,19,,
Acacia greggii,1,2823,0.000354233,20,,
Acacia sp.,1,2823,0.000354233,21,,
Acamphopappus schaerocephalus,1,2823,0.000354233,22,,
Acampropappus sphaerocephalus,1,2823,0.000354233,22,,
Acamptopappus sphaerocephalus,3,2823,0.001062699,22,,
Acamtopappus sphaerocephalus,1,2823,0.000354233,22,,
Achnatherum hymenoides,1,2823,0.000354233,23,,
Achnatherum sp.,1,2823,0.000354233,24,,
Achnatherum speciosa,9,2823,0.003188098,24,,
Achnatherum speciosum,2,2823,0.000708466,24,,
ACHY,2,2823,0.000708466,25,,
ACHY Achnathrum hymenoides,1,2823,0.000354233,26,,
Acmispon rigidus,1,2823,0.000354233,27,,
Acmispon strigosus,1,2823,0.000354233,28,,
Adenophyllum cooperi,2,2823,0.000708466,29,,
Agave,1,2823,0.000354233,30,,
Alfalfa,1,2823,0.000354233,31,,
Algae sp.,2,2823,0.000708466,32,,
Alkali heath,1,2823,0.000354233,33,,
Allenrolfea occidentalis,2,2823,0.000708466,34,,
Alyssum desertorum,1,2823,0.000354233,35,,
Ambbrosia dumosa,1,2823,0.000354233,36,,
Ambrosia dumosa,128,2823,0.045341835,36,,
Ambrosia dumosa     Burro bush,1,2823,0.000354233,37,,
Ambrosia dumosa    20%,1,2823,0.000354233,38,,
Ambrosia dumosa (white sage),1,2823,0.000354233,39,,
Ambrosia salsola,59,2823,0.020899752,40,,
AMS TES,1,2823,0.000354233,41,,
Amsinckia sp.,10,2823,0.003542331,42,,
Amsinckia tessellata,12,2823,0.004250797,43,,
Amsinkia sp.,2,2823,0.000708466,42,,
Amsinkia tessellata,3,2823,0.001062699,43,,
Amsonia tomentosa,1,2823,0.000354233,44,,
Anemopsis californica,2,2823,0.000708466,45,,
Annual grasses,1,2823,0.000354233,46,,
Annual invasive grasses,1,2823,0.000354233,47,,
Annual mustard (prob Descurainia pinnata),1,2823,0.000354233,48,,
Annual mustard sp.,4,2823,0.001416932,49,,
Annual mustard sp. (Probably descurainia pinnata),1,2823,0.000354233,48,,
Arabis sp.,1,2823,0.000354233,50,,
Arenaria sp.,3,2823,0.001062699,51,,
Aristida purpurea,1,2823,0.000354233,52,,
Artemesia sp.,1,2823,0.000354233,53,,
Artemisia arbuscula,1,2823,0.000354233,54,,
Artemisia dumosa,2,2823,0.000708466,55,,
Artemisia tridentata,4,2823,0.001416932,56,,
Artemisia tridentata ssp vaseyana,2,2823,0.000708466,57,,
Artemisia tridentata ssp. Wyominensis,1,2823,0.000354233,58,,
Arundo donax,4,2823,0.001416932,59,,
Asclepias subulata,2,2823,0.000708466,60,,
Aster      Nicolletia occidentalis,1,2823,0.000354233,61,,
Astragalus sp.,1,2823,0.000354233,62,,
Atriplex canescens,10,2823,0.003542331,63,,
Atriplex canescens (4-winged saltbush),1,2823,0.000354233,64,,
Atriplex colvillei,1,2823,0.000354233,65,,
Atriplex confertifolia,9,2823,0.003188098,66,,
Atriplex covillei,1,2823,0.000354233,65,,
Atriplex elegans,1,2823,0.000354233,67,,
Atriplex hymenelytra,16,2823,0.005667729,68,,
Atriplex lentiformis,1,2823,0.000354233,69,,
Atriplex polycantha,1,2823,0.000354233,70,,
Atriplex polycarpa,22,2823,0.007793128,71,,
Atriplex sp.,4,2823,0.001416932,72,,
Atriplex spinifera,9,2823,0.003188098,73,,
Atriplex spinifera (unk) #1,1,2823,0.000354233,74,,
Avena barbata,4,2823,0.001416932,75,,
Avena barbata hay fields,1,2823,0.000354233,76,,
Avena sp.,11,2823,0.003896564,77,,
Baccharis salicifolia,2,2823,0.000708466,78,,
Baccharis sarothroides,1,2823,0.000354233,79,,
Baccharis sergiloides,2,2823,0.000708466,80,,
Baileya multiradiata,7,2823,0.002479632,81,,
Barley sp,2,2823,0.000708466,82,,
Barley sp. #1,1,2823,0.000354233,83,,
Bebbia juncea,9,2823,0.003188098,84,,
Biotic soil crusting,1,2823,0.000354233,85,,
Black Brush,1,2823,0.000354233,86,,
Blackberry bush,1,2823,0.000354233,87,,
Blackberry Rubus sp.,1,2823,0.000354233,88,,
Bladder sage,1,2823,0.000354233,89,,
Bladder Sage Scutellaria mexicana,1,2823,0.000354233,90,,
Bladderpod-Peritoma arborea,1,2823,0.000354233,91,,
Bomus madritensis ssp. Rubens,1,2823,0.000354233,92,,
Bormus madritensis ssp rubra,1,2823,0.000354233,93,,
Bouteloua sp.,3,2823,0.001062699,94,,
Brassica nigra,7,2823,0.002479632,95,,
Brassica sp.,1,2823,0.000354233,96,,
Brassica tournefortii,1,2823,0.000354233,97,,
Brassicaceae sp.,1,2823,0.000354233,98,,
Brickellia incana,4,2823,0.001416932,99,,
Brickellia sp.,1,2823,0.000354233,100,,
Brodiaea sp.,1,2823,0.000354233,101,,
Brome rubens,1,2823,0.000354233,102,,
Bromus diandrus,14,2823,0.004959263,103,,
Bromus hordeaceous,1,2823,0.000354233,104,,
Bromus hordeaceus,3,2823,0.001062699,104,,
Bromus m. rubens,1,2823,0.000354233,105,,
Bromus ma         -rubens,1,2823,0.000354233,105,,
Bromus madritensis,12,2823,0.004250797,106,,
Bromus madritensis rubens,9,2823,0.003188098,107,,
Bromus madritensis ssp rubra,8,2823,0.002833865,108,,
Bromus madritensis ssp Rubra,1,2823,0.000354233,108,,
Bromus madritensis ssp. rubens,1,2823,0.000354233,109,,
Bromus madritensis ssp. Rubens,4,2823,0.001416932,109,,
Bromus madritensis ssp. Rubra,2,2823,0.000708466,108,,
Bromus rhubens,8,2823,0.002833865,110,,
Bromus rubens,11,2823,0.003896564,110,,
Bromus sp.,1,2823,0.000354233,111,,
Bromus tectorum,4,2823,0.001416932,112,,
Bromus ubens (madritensis),1,2823,0.000354233,113,,
Bromusrubens (madritensis ssp rubra),1,2823,0.000354233,114,,
Bull thistle,2,2823,0.000708466,115,,
Bulrush sp.,1,2823,0.000354233,116,,
Bunch grass,1,2823,0.000354233,117,,
Burrobush,1,2823,0.000354233,118,,
Burrow Bush - Ambrosia dumosa,1,2823,0.000354233,119,,
Calochortus striatus,1,2823,0.000354233,120,,
Camissonia sp.,1,2823,0.000354233,121,,
Cardaria draba,1,2823,0.000354233,122,,
Casilleja chromosa,1,2823,0.000354233,123,,
Castilleja sp.,1,2823,0.000354233,124,,
Cat Claw Senegalia greggii,4,2823,0.001416932,125,,
Cat Tails Typha angustifolia (NN),1,2823,0.000354233,126,,
Catclaw,1,2823,0.000354233,127,,
Catclaw sp.,1,2823,0.000354233,128,,
cattail,2,2823,0.000708466,129,,
Cattail,3,2823,0.001062699,129,,
Cattail reed,1,2823,0.000354233,130,,
Cattails,2,2823,0.000708466,129,,
Cena armata,1,2823,0.000354233,131,,
Centaurea solstitialis,1,2823,0.000354233,132,,
Centaurium solstitsialis,1,2823,0.000354233,133,,
Cercidium floridum,1,2823,0.000354233,134,,
Chaenactis fremontii,8,2823,0.002833865,135,,
Chamaebatiaris sp.,1,2823,0.000354233,136,,
Chamaesyce albomarginata,2,2823,0.000708466,137,,
Chamasyae sp.,1,2823,0.000354233,138,,
cheese Ambrosia salsola,1,2823,0.000354233,139,,
Cheesebush Ambrosia salsola,1,2823,0.000354233,140,,
Cheesebush-Hymenoclea salsola,1,2823,0.000354233,141,,
Chilopsis linearis,2,2823,0.000708466,142,,
Cholla Cylindropuntia acanthocarpa,1,2823,0.000354233,143,,
Chorizanthe brevicorna,1,2823,0.000354233,144,,
Chorizanthe brevicornu,6,2823,0.002125399,144,,
Chorizanthe rigida,13,2823,0.00460503,145,,
Chorizanthe sp.,1,2823,0.000354233,146,,
Chosizanthe rigida,1,2823,0.000354233,145,,
Chylismia brevipes,2,2823,0.000708466,147,,
Chylismia claviformis,2,2823,0.000708466,148,,
Coleogye ramosissima,1,2823,0.000354233,149,,
Coleogyne ramosissima,10,2823,0.003542331,149,,
Convolvulus arvensis,3,2823,0.001062699,150,,
Cottonwood,1,2823,0.000354233,151,,
cottonwood sp UNID #6,1,2823,0.000354233,152,,
coyote brush,1,2823,0.000354233,153,,
Coyote thistle,1,2823,0.000354233,154,,
COYOTE THISTLE,1,2823,0.000354233,154,,
Creosote-Larrea tridentata,1,2823,0.000354233,155,,
Crimeria bicolor,1,2823,0.000354233,156,,
Cryptantha pterocarya,2,2823,0.000708466,157,,
Cryptantha sp.,13,2823,0.00460503,158,,
Cryptantha spp.,2,2823,0.000708466,158,,
cryptobiotic soil crust (moss and maybe some liche,1,2823,0.000354233,159,,
Cucurbita palmata,1,2823,0.000354233,160,,
Curly dock,1,2823,0.000354233,161,,
Cuscuta denticulata,5,2823,0.001771165,162,,
Cuscuta sp.,1,2823,0.000354233,163,,
Cylindropundia echinocarpa,1,2823,0.000354233,164,,
Cylindropuntia,2,2823,0.000708466,165,,
Cylindropuntia           pencil cholla,1,2823,0.000354233,166,,
Cylindropuntia        pencil cholla,1,2823,0.000354233,166,,
Cylindropuntia (Pencil cholla),1,2823,0.000354233,166,,
Cylindropuntia acanthocarpa,13,2823,0.00460503,167,,
Cylindropuntia bigelovii,8,2823,0.002833865,168,,
Cylindropuntia echinocarpa,25,2823,0.008855827,169,,
Cylindropuntia echinocarpa    c,1,2823,0.000354233,170,,
Cylindropuntia echonocarpa,1,2823,0.000354233,169,,
Cylindropuntia polyacantha,3,2823,0.001062699,171,,
Cylindropuntia ramosissima,17,2823,0.006021962,172,,
Cylindropuntia ramosissima   c,1,2823,0.000354233,173,,
Cylindropuntia sp.,1,2823,0.000354233,174,,
Cymopterus sp.,1,2823,0.000354233,175,,
Cynodon dactylon,1,2823,0.000354233,176,,
Cyperus eragrostis,1,2823,0.000354233,177,,
Cyprus sp.,1,2823,0.000354233,178,,
Dale mollissima,1,2823,0.000354233,179,,
DAPU,1,2823,0.000354233,180,,
Dasyochloa pulchella,7,2823,0.002479632,181,,
Dasyochloa Pulchella,1,2823,0.000354233,181,,
Datura wrightii,2,2823,0.000708466,182,,
Delphinium parishii,2,2823,0.000708466,183,,
Descurainia californica,5,2823,0.001771165,184,,
Descurainia pinnata,3,2823,0.001062699,185,,
Desert Holly - Atriplex hymenelytra,1,2823,0.000354233,186,,
diamond cholla,1,2823,0.000354233,187,,
Distichlis spicata,13,2823,0.00460503,188,,
Distichlis spicata Salt Grass,1,2823,0.000354233,189,,
Draba sp.,2,2823,0.000708466,190,,
Dune Grass (Distichlis?),1,2823,0.000354233,191,,
Dwarf poppy,1,2823,0.000354233,192,,
Echinocactus engelmannii,1,2823,0.000354233,193,,
Echinocactus polycephalus,19,2823,0.006730429,194,,
Echinocereus engelmanii,1,2823,0.000354233,193,,
Echinocereus engelmannii,11,2823,0.003896564,193,,
Echinocereus mojavensis,2,2823,0.000708466,195,,
Echinocerus polycephalus,1,2823,0.000354233,194,,
Eleocharis sp.,2,2823,0.000708466,196,,
Elymus elymoides,2,2823,0.000708466,197,,
Elymus sp.,2,2823,0.000708466,198,,
Encelia actoni,9,2823,0.003188098,199,,
Encelia actonii,1,2823,0.000354233,199,,
Encelia farinosa,17,2823,0.006021962,200,,
Encelia frutescens,13,2823,0.00460503,201,,
Encelia spp.,2,2823,0.000708466,202,,
Ephedra,2,2823,0.000708466,203,,
Ephedra (UNID1),1,2823,0.000354233,204,,
Ephedra californica,3,2823,0.001062699,205,,
Ephedra californica               r,1,2823,0.000354233,206,,
Ephedra nevadensis,38,2823,0.013460857,207,,
Ephedra sp.,5,2823,0.001771165,208,,
Ephedra sp. (viridis?),1,2823,0.000354233,209,,
Ephedra trifurca,6,2823,0.002125399,210,,
Ephedra viridis,15,2823,0.005313496,211,,
Equeste…,1,2823,0.000354233,212,,
Equisetum sp.,1,2823,0.000354233,213,,
ERCI,1,2823,0.000354233,214,,
ERCI Erodium cicutarium,1,2823,0.000354233,215,,
ERCI6,1,2823,0.000354233,216,,
ERCI6 Erodium cicutarium,1,2823,0.000354233,215,,
Eremalche rotondifolia,1,2823,0.000354233,217,,
Eremalche rotundifolia,3,2823,0.001062699,217,,
Eremothera boothii,1,2823,0.000354233,218,,
Eremothera refracta,1,2823,0.000354233,219,,
Eremothera sp.,1,2823,0.000354233,220,,
Ericameria cooperi,13,2823,0.00460503,221,,
Ericameria cuneata,1,2823,0.000354233,222,,
Ericameria laricifolius?,1,2823,0.000354233,223,,
Ericameria linearifolia,5,2823,0.001771165,224,,
Ericameria nauseosa,5,2823,0.001771165,225,,
Ericameria paniculata,3,2823,0.001062699,226,,
Ericameria sp.,5,2823,0.001771165,227,,
Ericameria sp. (cooperi?),1,2823,0.000354233,228,,
Ericameria spp.,1,2823,0.000354233,227,,
Erigeron sp.,1,2823,0.000354233,229,,
Eriogonum deflexum,5,2823,0.001771165,230,,
Eriogonum farinosa,1,2823,0.000354233,231,,
Eriogonum fasciculatum,39,2823,0.01381509,232,,
Eriogonum fasciculatum polifolium,2,2823,0.000708466,233,,
Eriogonum inflatum,35,2823,0.012398158,234,,
Eriogonum palmerianum,1,2823,0.000354233,235,,
Eriogonum sp.,1,2823,0.000354233,236,,
Eriogonum sp. (see site 32404A),1,2823,0.000354233,237,,
Erioneuron pulchella,1,2823,0.000354233,238,,
Eriophyllum sp.,1,2823,0.000354233,239,,
Eriophyllum wallacei,2,2823,0.000708466,240,,
Erodium,2,2823,0.000708466,241,,
Erodium ciculatum,1,2823,0.000354233,242,,
Erodium cicutarium,21,2823,0.007438895,242,,
Erodium sp.,9,2823,0.003188098,241,,
Eschscholsia glyptosperma,1,2823,0.000354233,243,,
Eschscholzia californica,1,2823,0.000354233,244,,
Eschscholzia glyptosperma,2,2823,0.000708466,243,,
Eucalyptus sp.,1,2823,0.000354233,245,,
Euphorbia spp.,1,2823,0.000354233,246,,
Fallugia paradoxa,4,2823,0.001416932,247,,
Fennel,2,2823,0.000708466,248,,
Ferocactus cylindraceus,8,2823,0.002833865,249,,
Ferocactus wisilezni,1,2823,0.000354233,250,,
Festuca octoflora,1,2823,0.000354233,251,,
Festuca perennis,4,2823,0.001416932,252,,
Festuca sp.,1,2823,0.000354233,253,,
Fig,1,2823,0.000354233,254,,
Frankenia salina,2,2823,0.000708466,255,,
Funastrum cynanchoides,1,2823,0.000354233,256,,
Galium aparine,1,2823,0.000354233,257,,
Geraea canescens,3,2823,0.001062699,258,,
Geranium dissectum,3,2823,0.001062699,259,,
German cape ivy,1,2823,0.000354233,260,,
Gilia sp.,3,2823,0.001062699,261,,
Glyceria sp.,1,2823,0.000354233,262,,
Golden/silver cholla Cylindropuntia echinocarpa,1,2823,0.000354233,263,,
Goldfield,1,2823,0.000354233,264,,
Goldfields Lasthenia gracilis,1,2823,0.000354233,265,,
grass,1,2823,0.000354233,266,,
Grayi spinosa,1,2823,0.000354233,267,,
Grayia spinosa,14,2823,0.004959263,267,,
Grean leafy UNID #2,1,2823,0.000354233,268,,
Grusonia parishii,1,2823,0.000354233,269,,
Gutierrezia microcephala,9,2823,0.003188098,270,,
Gutierrezia sarothrae,1,2823,0.000354233,271,,
HABiTAT ASSESSMENT NOT DONE,1,2823,0.000354233,272,,
HABITAT ASSESSMENT NOT DONE,1,2823,0.000354233,272,,
Hedera sp.,1,2823,0.000354233,273,,
Heliotropium curassavicum,2,2823,0.000708466,274,,
Hesperostipa comata,1,2823,0.000354233,275,,
Hesperoyucca whipplei,2,2823,0.000708466,276,,
Hilaria rigida,28,2823,0.009918526,277,,
Honey Mesquite,1,2823,0.000354233,278,,
Hordeum leporinum,1,2823,0.000354233,279,,
Hordeum sp.,8,2823,0.002833865,280,,
Hordium leper,1,2823,0.000354233,281,,
Hordium leporium,1,2823,0.000354233,279,,
Horse tail,1,2823,0.000354233,282,,
Horsetail,1,2823,0.000354233,282,,
Hymenoclea salsola,7,2823,0.002479632,283,,
Hyptis emoryi,4,2823,0.001416932,284,,
Invasive annual grasses,2,2823,0.000708466,285,,
Isocoma acradenia,3,2823,0.001062699,286,,
Italian Thistle,2,2823,0.000708466,287,,
Juncaceae sp.,1,2823,0.000354233,288,,
Juncus balticus,1,2823,0.000354233,289,,
Juncus sp.,3,2823,0.001062699,290,,
Juniper californica,1,2823,0.000354233,291,,
Juniperus californica,5,2823,0.001771165,291,,
Juniperus osteosperma,5,2823,0.001771165,292,,
Juniperus sp. Californica?,1,2823,0.000354233,291,,
Krameria bicolor,4,2823,0.001416932,293,,
Krameria erecta,26,2823,0.00921006,294,,
Krameria erecta or grayi,1,2823,0.000354233,295,,
Krameria grayi,4,2823,0.001416932,296,,
Krameria sp.,8,2823,0.002833865,297,,
Krameria sp.?,1,2823,0.000354233,297,,
Krascheninnikovia lanata,15,2823,0.005313496,298,,
Krascheninnikovia lanata (winter fat),1,2823,0.000354233,299,,
Lactuca sp.,4,2823,0.001416932,300,,
Langloisia punctata,1,2823,0.000354233,301,,
Langloisima setosissima,1,2823,0.000354233,302,,
Larrea salsola,2,2823,0.000708466,303,,
Larrea tridentata,171,2823,0.060573858,304,,
Larrea tridentata     LATR,1,2823,0.000354233,305,,
Larrea tridentata   8%,1,2823,0.000354233,306,,
Lasthenia gracilis,4,2823,0.001416932,307,,
Lemna minor,1,2823,0.000354233,308,,
Leoidium,1,2823,0.000354233,309,,
Leptosiphon breviculus,1,2823,0.000354233,310,,
Leptosyne bigelovii,1,2823,0.000354233,311,,
Leymus triticoides,1,2823,0.000354233,312,,
Linanthus aureus,1,2823,0.000354233,313,,
Linanthus pungens,1,2823,0.000354233,314,,
Locust sp.,1,2823,0.000354233,315,,
Lupinus bicolor,1,2823,0.000354233,316,,
Lycium,1,2823,0.000354233,317,,
Lycium andersonii,4,2823,0.001416932,318,,
Lycium andersonii-->Wolfberry,1,2823,0.000354233,319,,
Lycium cooperi,2,2823,0.000708466,320,,
Lycium pallidum,8,2823,0.002833865,321,,
Lycium sp.,2,2823,0.000708466,317,,
Malacothrix glabrata,3,2823,0.001062699,322,,
Malacothrix glabrata             r,1,2823,0.000354233,322,,
Mallow,1,2823,0.000354233,323,,
Mammillaria tetrancistra,4,2823,0.001416932,324,,
medusa head,1,2823,0.000354233,325,,
Medusa head,2,2823,0.000708466,325,,
Melilotus albus,1,2823,0.000354233,326,,
Menodora,1,2823,0.000354233,327,,
Menodora scabra,1,2823,0.000354233,328,,
Menodora sp.,2,2823,0.000708466,327,,
Menodora spinescens,8,2823,0.002833865,329,,
Mentzelia albicaulis,2,2823,0.000708466,330,,
mesquite Prosopis glandulosa,1,2823,0.000354233,331,,
milk thistle,1,2823,0.000354233,332,,
Milk thistle,1,2823,0.000354233,332,,
Milk Thistle,2,2823,0.000708466,332,,
Mimosa sp. (dead?),1,2823,0.000354233,333,,
Mirabilis laevis,3,2823,0.001062699,334,,
Mirabilis sp.,1,2823,0.000354233,335,,
Mirabilis villosa,1,2823,0.000354233,336,,
Mistletoe,6,2823,0.002125399,337,,
Mohavea breviflora,2,2823,0.000708466,338,,
Monoptilon bellidiforme,1,2823,0.000354233,339,,
Monoptilon bellioides,1,2823,0.000354233,339,,
Moss,1,2823,0.000354233,340,,
Moss from cryptobiotic soil crusting,2,2823,0.000708466,341,,
Moss on cryptobiotic soil crust,1,2823,0.000354233,342,,
Moss sp.,1,2823,0.000354233,340,,
Mugwort,1,2823,0.000354233,343,,
Mugwort sp.,1,2823,0.000354233,343,,
Muhlenbergia porteri,3,2823,0.001062699,344,,
mustard sp,1,2823,0.000354233,345,,
Mustard sp,1,2823,0.000354233,345,,
Mustard sp. (not peppery),1,2823,0.000354233,346,,
Needle thread Elymus spp.,1,2823,0.000354233,347,,
Nicotiana obtusifolia,4,2823,0.001416932,348,,
NO PLANTS,5,2823,0.001771165,349,,
Nolina parryi,1,2823,0.000354233,350,,
Non-native annual grasses,1,2823,0.000354233,351,,
Nonnative annual grasses,1,2823,0.000354233,351,,
Nonnative grass,1,2823,0.000354233,352,,
Nonnative grasses,1,2823,0.000354233,352,,
Nonvascular veg cover,1,2823,0.000354233,353,,
Oat sp,1,2823,0.000354233,354,,
Octillo-Fouquieria splendens,1,2823,0.000354233,355,,
Oenothera deltoides,1,2823,0.000354233,356,,
Oliander,1,2823,0.000354233,357,,
Opunita basilaris,1,2823,0.000354233,358,,
Opuntia basilaris,37,2823,0.013106624,358,,
Opuntia basiliaris,1,2823,0.000354233,358,,
Opuntia chlorotica,4,2823,0.001416932,359,,
Opuntia echinocarpa,2,2823,0.000708466,360,,
Opuntia engelmanii,1,2823,0.000354233,361,,
Opuntia engelmannii,1,2823,0.000354233,361,,
Opuntia polyacantha,5,2823,0.001771165,362,,
Opuntia polyacantha var erinacea,1,2823,0.000354233,363,,
Opuntia ramosissima,1,2823,0.000354233,364,,
Opuntia ramosissima (pencil cholla),1,2823,0.000354233,365,,
Opuntia vasilis,1,2823,0.000354233,366,,
Other annual forbs,4,2823,0.001416932,367,,
Other annual grass,1,2823,0.000354233,368,,
Other annual grasses,5,2823,0.001771165,368,,
Other annual grasses and forbs,1,2823,0.000354233,369,,
Other annual plants,1,2823,0.000354233,370,,
Other annual species,1,2823,0.000354233,371,,
Other forbs,3,2823,0.001062699,372,,
Other grasses,1,2823,0.000354233,373,,
Other invasive annual grasses,1,2823,0.000354233,374,,
Other vascualar cover (herbs),1,2823,0.000354233,375,,
Other vascular cover,1,2823,0.000354233,376,,
Other vascular cover (herbaceous),1,2823,0.000354233,377,,
Other vascular herbs,2,2823,0.000708466,378,,
Other vascular plants,7,2823,0.002479632,379,,
Other Vascular plants,1,2823,0.000354233,379,,
Other vascular shrubs,1,2823,0.000354233,380,,
Other vascular sp.,1,2823,0.000354233,381,,
Oxytheca perfoliata,1,2823,0.000354233,382,,
Palo Verde Cercidium floridum,1,2823,0.000354233,383,,
Palo verde tree,1,2823,0.000354233,384,,
Pantago ovata,1,2823,0.000354233,385,,
Parkinsonia florida,2,2823,0.000708466,386,,
Paspalum dilatatum,1,2823,0.000354233,387,,
Pectis papposa,2,2823,0.000708466,388,,
Pectocarya sp.,1,2823,0.000354233,389,,
pencil cholla - Cylindropuntia ramosissima,1,2823,0.000354233,390,,
pencil Cylindropuntia ramosissima,1,2823,0.000354233,390,,
Penstemon palmeri,1,2823,0.000354233,391,,
Penstemon sp.,2,2823,0.000708466,392,,
Peppery mustard sp.,1,2823,0.000354233,393,,
Perennial bunch grasses,1,2823,0.000354233,394,,
Peritoma arborea,2,2823,0.000708466,395,,
Petalonyx nitidus,2,2823,0.000708466,396,,
Peucephyllum schottii,9,2823,0.003188098,397,,
Phacelia campanularia,3,2823,0.001062699,398,,
Phacelia crenulata,4,2823,0.001416932,399,,
Phacelia fremontii,2,2823,0.000708466,400,,
Phacelia parishii,2,2823,0.000708466,401,,
Phacelia sp.,5,2823,0.001771165,402,,
Pharadendron villosum,1,2823,0.000354233,403,,
Philaria rigida,2,2823,0.000708466,404,,
Phoradendrom californicum,1,2823,0.000354233,405,,
Phoradendron californica,1,2823,0.000354233,405,,
Phoradendron californicum,8,2823,0.002833865,405,,
Phoradendron sp.,2,2823,0.000708466,406,,
Phragmites australis,4,2823,0.001416932,407,,
Phragmites sp.,2,2823,0.000708466,408,,
Physalis crassifolia,3,2823,0.001062699,409,,
Physaria tenella,1,2823,0.000354233,410,,
Pickle weed,1,2823,0.000354233,411,,
Picris echioides,1,2823,0.000354233,412,,
Pinus monophylla,6,2823,0.002125399,413,,
Plagiobothrys sp.,2,2823,0.000708466,414,,
Plantago ovata,18,2823,0.006376196,415,,
Plantago sp.,1,2823,0.000354233,416,,
Plantago spp.,2,2823,0.000708466,416,,
Pleuraphis desertorum,1,2823,0.000354233,417,,
Pleuraphis jamesii,1,2823,0.000354233,418,,
Pleuraphis rigida,2,2823,0.000708466,419,,
Pleuraphis rigida    13%,1,2823,0.000354233,420,,
Pleurathus rigida,1,2823,0.000354233,419,,
Poa sandbergii,1,2823,0.000354233,421,,
Poa sp.,1,2823,0.000354233,422,,
Poaceae,4,2823,0.001416932,423,,
Poaceae sp.,10,2823,0.003542331,423,,
poison oak,1,2823,0.000354233,424,,
Polypogon monspeliensis,3,2823,0.001062699,425,,
Pond algae,1,2823,0.000354233,426,,
Pond Algae,1,2823,0.000354233,426,,
poof oat UNID #3,1,2823,0.000354233,427,,
poppy,1,2823,0.000354233,428,,
Populus fremontii,22,2823,0.007793128,429,,
Prosopis glandulosa,13,2823,0.00460503,430,,
Prunus fasciculata,16,2823,0.005667729,431,,
Prunus fasciculatum,2,2823,0.000708466,431,,
Prunus fasciculatum     PRFA,1,2823,0.000354233,432,,
Prunus sp.,1,2823,0.000354233,433,,
Psilostrophe cooperi,3,2823,0.001062699,434,,
Psorothamnus arborescens,7,2823,0.002479632,435,,
Psorothamnus arborescens var. minutifolius,1,2823,0.000354233,436,,
Psorothamnus fremontii,2,2823,0.000708466,437,,
Psorothamnus spinosus,3,2823,0.001062699,438,,
Purshia glandulosa,1,2823,0.000354233,439,,
Purshia tridentata,2,2823,0.000708466,440,,
Pygmy Cedae,1,2823,0.000354233,441,,
Quercus lobata,18,2823,0.006376196,442,,
Quercus sp.,3,2823,0.001062699,443,,
QUTR,1,2823,0.000354233,444,,
QUTR Quercus tribinella?,1,2823,0.000354233,445,,
Rafinesquia neomexicana,1,2823,0.000354233,446,,
Raphanus raphanistrum,1,2823,0.000354233,447,,
Raphanus sp.,1,2823,0.000354233,448,,
Red brush plant,1,2823,0.000354233,449,,
Rhus aromatica,3,2823,0.001062699,450,,
Rhus trilobata,1,2823,0.000354233,451,,
Rock nettle,1,2823,0.000354233,452,,
Rubus armeniacus,9,2823,0.003188098,453,,
Rubus sp.,6,2823,0.002125399,454,,
Rumex crispus,4,2823,0.001416932,455,,
Rumex sp.,3,2823,0.001062699,456,,
Rush,1,2823,0.000354233,457,,
Rush family juncus spp. Or scirpus,1,2823,0.000354233,458,,
Salazaria mexicana,8,2823,0.002833865,459,,
Salazaria neomexicana,1,2823,0.000354233,460,,
Salazaria ramosissima,1,2823,0.000354233,461,,
Salix exigua,15,2823,0.005313496,462,,
salix gooddingii,1,2823,0.000354233,463,,
Salix gooddingii,8,2823,0.002833865,463,,
Salix laevigata,1,2823,0.000354233,464,,
Salix lasiolepis,1,2823,0.000354233,465,,
Salix sp,2,2823,0.000708466,466,,
Salix sp.,27,2823,0.009564293,466,,
Salix? Unk,1,2823,0.000354233,467,,
Salsola sp.,5,2823,0.001771165,468,,
Salsola tragus,4,2823,0.001416932,469,,
Salt cedar,1,2823,0.000354233,470,,
Salvia columbariae,7,2823,0.002479632,471,,
Salvia dorri,1,2823,0.000354233,472,,
Salvia dorrii,10,2823,0.003542331,472,,
Salvia mohavensis,3,2823,0.001062699,473,,
Salvia sp.,1,2823,0.000354233,474,,
Sarcornia utahensis,1,2823,0.000354233,475,,
Schismus,1,2823,0.000354233,476,,
Schismus barbatus,129,2823,0.045696068,477,,
Schismus barbatus               c,1,2823,0.000354233,478,,
Schizmus barbatus    25%,1,2823,0.000354233,479,,
Schoenoplectus acutus,3,2823,0.001062699,480,,
Schrolchea ambigua,1,2823,0.000354233,481,,
Scirpus acutus,1,2823,0.000354233,482,,
Sclerocactus polyanaistros,1,2823,0.000354233,483,,
Sclerocactus polyancistrus,4,2823,0.001416932,483,,
Sclerocactus sp.,1,2823,0.000354233,484,,
Scutellaria mexicana,23,2823,0.008147361,485,,
Sedge Carex spp.,1,2823,0.000354233,486,,
Sedge sp.,2,2823,0.000708466,487,,
Senegalia greggii,27,2823,0.009564293,488,,
Sengalia greggii,1,2823,0.000354233,488,,
Senna,2,2823,0.000708466,489,,
Senna armata,21,2823,0.007438895,490,,
Short reeds,1,2823,0.000354233,491,,
shrub from 30522b,1,2823,0.000354233,492,,
Shrub w/ indigo fls,1,2823,0.000354233,493,,
Silver cholla,1,2823,0.000354233,494,,
Silver cholla     Cylindropuntia echinocarpa,1,2823,0.000354233,495,,
Silybum marianum,1,2823,0.000354233,496,,
Silybum marinum,1,2823,0.000354233,496,,
Sisymbrium altisimus,1,2823,0.000354233,497,,
Sisymbrium altissimum,1,2823,0.000354233,497,,
Sisymbrium sp.,1,2823,0.000354233,498,,
slim oat UNID #4,1,2823,0.000354233,499,,
Small rush sp.,1,2823,0.000354233,500,,
Smoke tree,2,2823,0.000708466,501,,
Smoketree,1,2823,0.000354233,501,,
Solidago sp.,1,2823,0.000354233,502,,
SPAM2,2,2823,0.000708466,503,,
SPAM2 - Sphaeralcea ambigua,1,2823,0.000354233,504,,
SPAM2 Schaeralcea ambigua,1,2823,0.000354233,504,,
Sphaeralcea ambigua,20,2823,0.007084662,505,,
Sphaeralcea ambigua    SPAM2,1,2823,0.000354233,504,,
Spharalcea ambigua,1,2823,0.000354233,505,,
Spikey green UNID #5,1,2823,0.000354233,506,,
Spiny herb - Chorizanthe rigida,1,2823,0.000354233,507,,
Stanleya pinnata,1,2823,0.000354233,508,,
star thistle,1,2823,0.000354233,509,,
Star thistle,3,2823,0.001062699,509,,
Stephanomeria parryi,1,2823,0.000354233,510,,
Stephanomeria pauciflora,3,2823,0.001062699,511,,
Stephanomeria sp.,1,2823,0.000354233,512,,
Stipa hymenoides,4,2823,0.001416932,513,,
Stipa speciosa,10,2823,0.003542331,514,,
Stone fruit sp.,1,2823,0.000354233,515,,
Stork's bill,1,2823,0.000354233,516,,
Storks bill,1,2823,0.000354233,516,,
Suaeda moquinii,4,2823,0.001416932,517,,
Suaeda niga,1,2823,0.000354233,518,,
Suaeda nigra,8,2823,0.002833865,518,,
sunflower,1,2823,0.000354233,519,,
Sunflower,1,2823,0.000354233,519,,
Swallenia alexandrae,1,2823,0.000354233,520,,
Syntrichopappus fremontii,3,2823,0.001062699,521,,
Tamarisk,1,2823,0.000354233,522,,
Tamarisk ramosissima,1,2823,0.000354233,523,,
Tamarix ramosissima,7,2823,0.002479632,523,,
Tarweed,1,2823,0.000354233,524,,
Tarweed sp.,1,2823,0.000354233,524,,
Teddybear cholla,1,2823,0.000354233,525,,
Tentacle plant,1,2823,0.000354233,526,,
Tetradymia canescens,2,2823,0.000708466,527,,
Tetradymia spinescens,1,2823,0.000354233,528,,
Tetradymia stenolepis,1,2823,0.000354233,529,,
Thamnosma montana,19,2823,0.006730429,530,,
Thistle sp.,3,2823,0.001062699,531,,
Thistle UNID #1,1,2823,0.000354233,532,,
Tiquilia plicata,1,2823,0.000354233,533,,
Toxico demdron,1,2823,0.000354233,534,,
Toxicodendron,1,2823,0.000354233,534,,
Toxicodendron diversilobum,1,2823,0.000354233,535,,
Toxicodon diversilobum,1,2823,0.000354233,535,,
Trifolium sp.,4,2823,0.001416932,536,,
Trixis californica,1,2823,0.000354233,537,,
tule,3,2823,0.001062699,538,,
Tule,5,2823,0.001771165,538,,
Tule (rush),1,2823,0.000354233,539,,
Tule reed,1,2823,0.000354233,540,,
Tulle,1,2823,0.000354233,538,,
Turkey-mullein,1,2823,0.000354233,541,,
Typha domingensis,1,2823,0.000354233,542,,
Typha latifolia,2,2823,0.000708466,543,,
Typha sp.,1,2823,0.000354233,544,,
UID 1 herb from 23759A,1,2823,0.000354233,545,,
UNID #1 green long plant,1,2823,0.000354233,546,,
UNID #2 light green fuzzy plant,1,2823,0.000354233,547,,
UNID 1,1,2823,0.000354233,548,,
UNID 1 (Stipa pulchra),1,2823,0.000354233,549,,
UNID 1 barley looking grass,1,2823,0.000354233,550,,
UNID 1 Elymus sp? Glaucus?,1,2823,0.000354233,551,,
UNID 1 Flower,1,2823,0.000354233,552,,
UNID 1 forb w/ long leaves & white flower,1,2823,0.000354233,553,,
UNID 1 forb with purple flower,1,2823,0.000354233,554,,
UNID 1 from 23635B,1,2823,0.000354233,555,,
UNID 1 grass,1,2823,0.000354233,556,,
UNID 1 GRASS WITH SPIKES,1,2823,0.000354233,557,,
UNID 1 green gray plant,1,2823,0.000354233,558,,
UNID 1 green leafy,1,2823,0.000354233,559,,
UNID 1 green plant,1,2823,0.000354233,560,,
UNID 1 leaves of 3 w/ pointed sections,1,2823,0.000354233,561,,
UNID 1 mini tule,1,2823,0.000354233,562,,
UNID 1 mini tule (collected at 22439B),1,2823,0.000354233,563,,
UNID 1 narrow,1,2823,0.000354233,564,,
UNID 1 pine,1,2823,0.000354233,565,,
UNID 1 probably salsola sp,1,2823,0.000354233,566,,
UNID 1 purple flower- lupin,1,2823,0.000354233,567,,
UNID 1 round leaded weedy forb,1,2823,0.000354233,568,,
UNID 1 Salix sp,1,2823,0.000354233,569,,
UNID 1 Shimmer plant,1,2823,0.000354233,570,,
UNID 1 shrub,1,2823,0.000354233,571,,
UNID 1 sml leaves w/ fuzzy stems,1,2823,0.000354233,572,,
UNID 1 spindley mustard,1,2823,0.000354233,573,,
UNID 1 Stipa pulcra?,1,2823,0.000354233,574,,
UNID 1 succulent like,1,2823,0.000354233,575,,
UNID 1 suculent like,1,2823,0.000354233,575,,
UNID 1 sumac (chinese?),1,2823,0.000354233,576,,
UNID 1 sumac?,1,2823,0.000354233,577,,
UNID 1 Thistle,1,2823,0.000354233,578,,
"UNID 1 unknown grass, looks like saltgrass",1,2823,0.000354233,579,,
UNID 1 unknown green bush,1,2823,0.000354233,580,,
UNID 1 unknown leafy plant,1,2823,0.000354233,581,,
UNID 1 unknown mustard 2,1,2823,0.000354233,582,,
UNID 1 unknown shrub,1,2823,0.000354233,583,,
UNID 1 Unknown tree,1,2823,0.000354233,584,,
UNID 1 Vicia,1,2823,0.000354233,585,,
UNID 1 vine with white flower viscia?,1,2823,0.000354233,586,,
"UNID 1 waxy, triangular shaped leaves",1,2823,0.000354233,587,,
UNID 1 white dandelion,1,2823,0.000354233,588,,
UNID 1 white flower ball shrub,1,2823,0.000354233,589,,
UNID 1 yellow aster,1,2823,0.000354233,590,,
UNID 1 yellow flower,1,2823,0.000354233,591,,
"UNID 1: ""Vine""",1,2823,0.000354233,592,,
UNID 10 green pod plant,1,2823,0.000354233,593,,
UNID 11 red brush plant,1,2823,0.000354233,594,,
UNID 12 thistle leaf,1,2823,0.000354233,595,,
UNID 2,2,2823,0.000708466,596,,
UNID 2 30887B Poa secunda?,1,2823,0.000354233,597,,
UNID 2 Brassica sp. #1,1,2823,0.000354233,598,,
UNID 2 cactus plant,1,2823,0.000354233,599,,
UNID 2 christmas plant,1,2823,0.000354233,600,,
UNID 2 clover,1,2823,0.000354233,601,,
UNID 2 creeping wildrye?,1,2823,0.000354233,602,,
UNID 2 dried up forb with burrs,1,2823,0.000354233,603,,
UNID 2 fuzzy yellow thing,1,2823,0.000354233,604,,
UNID 2 globemallow,1,2823,0.000354233,605,,
UNID 2 grape,1,2823,0.000354233,606,,
UNID 2 GRASS WITH LARGER INFLORESENCE,1,2823,0.000354233,607,,
UNID 2 Green leafy,1,2823,0.000354233,608,,
UNID 2 ground fuzz,1,2823,0.000354233,609,,
UNID 2 Ivy,1,2823,0.000354233,610,,
UNID 2 leafy plant,1,2823,0.000354233,611,,
UNID 2 long leafed forb with white flowers,1,2823,0.000354233,612,,
UNID 2 parsley,1,2823,0.000354233,613,,
UNID 2 Pokey Tree,1,2823,0.000354233,614,,
UNID 2 probably poa secunda,1,2823,0.000354233,615,,
UNID 2 purple flower,1,2823,0.000354233,616,,
UNID 2 purple flower forb,1,2823,0.000354233,617,,
UNID 2 reddish oat,1,2823,0.000354233,618,,
UNID 2 river plant,1,2823,0.000354233,619,,
UNID 2 rush,1,2823,0.000354233,620,,
UNID 2 sparkly leafed forb,1,2823,0.000354233,621,,
"UNID 2 sparkly leaves, triangular, veiny",1,2823,0.000354233,622,,
UNID 2 stringy plant,1,2823,0.000354233,623,,
UNID 2 tall grass thing,1,2823,0.000354233,624,,
UNID 2 unknown mustard 1,1,2823,0.000354233,625,,
UNID 2 unknown short prickly plant,1,2823,0.000354233,626,,
UNID 2 unknown thistle,1,2823,0.000354233,627,,
UNID 2 velvet grass,1,2823,0.000354233,628,,
UNID 2 wooly plant,1,2823,0.000354233,629,,
UNID 3 (Hordeum murinum),1,2823,0.000354233,630,,
UNID 3 Acer sp,1,2823,0.000354233,631,,
UNID 3 anemone plant,1,2823,0.000354233,632,,
UNID 3 baby rushes?,1,2823,0.000354233,633,,
UNID 3 Brassica sp. #2,1,2823,0.000354233,634,,
UNID 3 bushy inflorescence grass,1,2823,0.000354233,635,,
UNID 3 from 30887B bushy inflorescence grass,1,2823,0.000354233,636,,
UNID 3 grass,1,2823,0.000354233,637,,
UNID 3 Jurassic shrub,1,2823,0.000354233,638,,
UNID 3 Lamiaceae,1,2823,0.000354233,639,,
UNID 3 leaf position looks like alkali heath,1,2823,0.000354233,640,,
UNID 3 light green plant,1,2823,0.000354233,641,,
UNID 3 light green/gray plant,1,2823,0.000354233,642,,
"UNID 3 long ands tall grass, purple at end",1,2823,0.000354233,643,,
UNID 3 not wooly forb,1,2823,0.000354233,644,,
UNID 3 pea family maybe,1,2823,0.000354233,645,,
UNID 3 pink clover,1,2823,0.000354233,646,,
UNID 3 Poof oat,1,2823,0.000354233,647,,
UNID 3 same as UNID 1 for site 24295A,1,2823,0.000354233,648,,
UNID 3 sml round inflorescence trifolium,1,2823,0.000354233,649,,
UNID 3 unknown feather duster plant,1,2823,0.000354233,650,,
UNID 3 unknown vetch (pea),1,2823,0.000354233,651,,
UNID 3 white Amsinknia sp?,1,2823,0.000354233,652,,
UNID 3 yellow flower tree,1,2823,0.000354233,653,,
UNID 3 yellow/red buds,1,2823,0.000354233,654,,
UNID 4 30887B smal inflorescence grass,1,2823,0.000354233,655,,
UNID 4 gray green shrub,1,2823,0.000354233,656,,
UNID 4 green grey leafy plants,1,2823,0.000354233,657,,
UNID 4 huge grass,1,2823,0.000354233,658,,
UNID 4 Pea?,1,2823,0.000354233,659,,
UNID 4 Salix sp,1,2823,0.000354233,660,,
UNID 4 seedy plant,1,2823,0.000354233,661,,
UNID 4 small inflorescence grass,1,2823,0.000354233,662,,
"UNID 4 sml, narrow leaves w/points",1,2823,0.000354233,663,,
UNID 4 suculent forb with magenta flowers,1,2823,0.000354233,664,,
UNID 4 tiny forb; white flower,1,2823,0.000354233,665,,
UNID 4 unknown grass 1,1,2823,0.000354233,666,,
UNID 4 unknown shrub,1,2823,0.000354233,667,,
UNID 4 wheat,1,2823,0.000354233,668,,
UNID 5 Bromus hordeaceous?,1,2823,0.000354233,669,,
UNID 5 green leafy plants,1,2823,0.000354233,670,,
UNID 5 pokey leaf asteracea,1,2823,0.000354233,671,,
UNID 5 salix sp,1,2823,0.000354233,672,,
"UNID 5 small herb, no flower",1,2823,0.000354233,673,,
UNID 5 small pokey shrub,1,2823,0.000354233,674,,
UNID 5 unknown sedge,1,2823,0.000354233,675,,
"UNID 5 unknown thick, bushy grass (Bromus?)",1,2823,0.000354233,676,,
UNID 5 white flowered globemallow? Halogeton?,1,2823,0.000354233,677,,
UNID 6 green brush plant,1,2823,0.000354233,678,,
UNID 6 orchard tree,1,2823,0.000354233,679,,
UNID 6 small inflorescene grass,1,2823,0.000354233,680,,
UNID 6 small yellow flower,1,2823,0.000354233,681,,
UNID 6 unknown forb,1,2823,0.000354233,682,,
UNID 6 unknown tree,1,2823,0.000354233,683,,
UNID 7 bushy inflorescence grass see 30887B UNID 3,1,2823,0.000354233,684,,
UNID 7 red barley plant,1,2823,0.000354233,685,,
UNID 7 Red plant,1,2823,0.000354233,686,,
UNID 8 Brush,1,2823,0.000354233,687,,
UNID 8 green pokey plant,1,2823,0.000354233,688,,
UNID 9 shiny green plant,1,2823,0.000354233,689,,
UNID 9 Tall leafy,1,2823,0.000354233,690,,
UNID Mini tule,1,2823,0.000354233,691,,
UNID pink flower,1,2823,0.000354233,692,,
UNID1,4,2823,0.001416932,693,,
UNID1 (26537A) grass w/ flowers,1,2823,0.000354233,694,,
UNID1 (conifer),1,2823,0.000354233,695,,
UNID1 (palmate leaves smells like cucumber),1,2823,0.000354233,696,,
UNID1 (white seeds),1,2823,0.000354233,697,,
UNID1 conifer,1,2823,0.000354233,695,,
UNID1 dark green fuzzy plant,1,2823,0.000354233,698,,
UNID1 from 28502A,1,2823,0.000354233,699,,
UNID1 fuzzy leave w/ burrs,1,2823,0.000354233,700,,
UNID1 leafy ford w/ white flowers,1,2823,0.000354233,701,,
UNID1 sharp yellow flower,1,2823,0.000354233,702,,
UNID1 short grass with flower,1,2823,0.000354233,703,,
UNID1 tree with white spherical flower,1,2823,0.000354233,704,,
UNID1 unknown grass,1,2823,0.000354233,705,,
UNID1: GRASS,1,2823,0.000354233,706,,
UNID1: Heart-shaped leaf,1,2823,0.000354233,707,,
UNID1: Juncus sp.,2,2823,0.000708466,708,,
UNID1: Poaceae tall,1,2823,0.000354233,709,,
UNID1: reed,1,2823,0.000354233,710,,
UNID2,1,2823,0.000354233,711,,
UNID2 (atriplex),1,2823,0.000354233,712,,
UNID2 Blue green soft plant,1,2823,0.000354233,713,,
UNID2 compound leaves with long fruit,1,2823,0.000354233,714,,
UNID2 gray green shrub,1,2823,0.000354233,715,,
UNID2 gray-green tall,1,2823,0.000354233,716,,
UNID2 long stalky forb,1,2823,0.000354233,717,,
UNID2 sedge w/ fully round inflorescence,1,2823,0.000354233,718,,
UNID2 short sage color,1,2823,0.000354233,719,,
UNID2 squash,1,2823,0.000354233,720,,
"UNID2: ""flower plant""",1,2823,0.000354233,721,,
"UNID2: ""Yellow water flower""",1,2823,0.000354233,722,,
UNID2: Plantego sp.,1,2823,0.000354233,723,,
UNID2: small forb with small white flower,1,2823,0.000354233,724,,
UNID2: Unknown forb,1,2823,0.000354233,725,,
UNID2: unknown forb/shrub,1,2823,0.000354233,726,,
UNID3 3 leafed bush,1,2823,0.000354233,727,,
UNID3 fuzzy underside with many fruits,1,2823,0.000354233,728,,
UNID3 Grass,1,2823,0.000354233,729,,
UNID3 pokey yellow flower forb,1,2823,0.000354233,730,,
UNID3 red plant,1,2823,0.000354233,731,,
UNID3 small herb,1,2823,0.000354233,732,,
UNID3 succulent looking,1,2823,0.000354233,733,,
"UNID3: ""leafy plant""",1,2823,0.000354233,734,,
UNID3: Salix sp.,1,2823,0.000354233,735,,
UNID3: unknown forb,1,2823,0.000354233,736,,
UNID3: Unknown forb,1,2823,0.000354233,736,,
UNID3: unknown forb/shrub,1,2823,0.000354233,737,,
UNID4 26537A (forb w/ burr),1,2823,0.000354233,738,,
UNID4 forb very fuzzy w/ white + yellow flowers,1,2823,0.000354233,739,,
UNID4 forb w/ bur,1,2823,0.000354233,740,,
UNID4 poaceae,1,2823,0.000354233,741,,
UNID4 short jokey grass,1,2823,0.000354233,742,,
UNID4 yellow flower bush,1,2823,0.000354233,743,,
UNID4: Fern looking plant,1,2823,0.000354233,744,,
UNID4: unknown forb with disected leaves,1,2823,0.000354233,745,,
UNID5 Grass,1,2823,0.000354233,746,,
UNID5: unknown mustard,1,2823,0.000354233,747,,
UNID5: unknown tiny forb with peach flowers,1,2823,0.000354233,748,,
UNID6: Crab grass,1,2823,0.000354233,749,,
UNID7: unknown tall forb,1,2823,0.000354233,750,,
Unidentified field plants,1,2823,0.000354233,751,,
Unidentified herbs,1,2823,0.000354233,752,,
Unidentified plants,1,2823,0.000354233,753,,
Unidentified shrubs,1,2823,0.000354233,754,,
Unidentified trees,1,2823,0.000354233,755,,
Unidentified vascuar plants,1,2823,0.000354233,756,,
Unidentified vascular cover,3,2823,0.001062699,757,,
Unidentified vascular plant cover,1,2823,0.000354233,758,,
Unidentified vascular plants,9,2823,0.003188098,756,,
Unk,1,2823,0.000354233,759,,
Unk #2,1,2823,0.000354233,760,,
UNK 1 (Atriplex sp.?),1,2823,0.000354233,761,,
UNK 2,1,2823,0.000354233,760,,
UNK 3,1,2823,0.000354233,762,,
unk herb - dead,1,2823,0.000354233,763,,
"unk shrub - dead, in Asteraceae",1,2823,0.000354233,764,,
Unk shrub-Lepidospartum?,1,2823,0.000354233,765,,
unk shurb mixed in w/ willows w/ pink flowers,1,2823,0.000354233,766,,
unk yellow daisy w/ 8 ray fls - Lasthenia gracilis,1,2823,0.000354233,767,,
"UNK1 - Atriplex? Desert Almond?""",1,2823,0.000354233,768,,
"UNK1 - Spiny fruits, pink flowers",1,2823,0.000354233,769,,
Unkn Menodora spinescens,1,2823,0.000354233,770,,
unkn1 Blue flower,1,2823,0.000354233,771,,
unkn2 ovate leaf,1,2823,0.000354233,772,,
Unknown 1 leafy,1,2823,0.000354233,773,,
unknown 2 rosy plants,1,2823,0.000354233,774,,
Unknown 3 grass,1,2823,0.000354233,775,,
Unknown 4 flower,1,2823,0.000354233,776,,
unknown cotton thistle plant,1,2823,0.000354233,777,,
Unknown faned plant #2,1,2823,0.000354233,778,,
unknown grass 2,1,2823,0.000354233,779,,
unknown grass 3,1,2823,0.000354233,780,,
Unknown grass 4,1,2823,0.000354233,781,,
unknown grass sp,1,2823,0.000354233,782,,
unknown herb sp,1,2823,0.000354233,783,,
Unknown leafy #4,1,2823,0.000354233,784,,
Unknown rye #3,1,2823,0.000354233,785,,
Unknown shrub sp.,1,2823,0.000354233,786,,
Unknown tentacle plant,1,2823,0.000354233,787,,
unknown tentacle plant #5,1,2823,0.000354233,788,,
Unknown thistle sp,1,2823,0.000354233,789,,
Unknown: (See pics) Eriogonum fasciculatum?,1,2823,0.000354233,790,,
unknown1,1,2823,0.000354233,791,,
Unknown1,1,2823,0.000354233,791,,
Urtica sp.,1,2823,0.000354233,792,,
Vetch sp.,1,2823,0.000354233,793,,
Vicia sp,1,2823,0.000354233,794,,
Vicia sp.,1,2823,0.000354233,794,,
Vitis californica,1,2823,0.000354233,795,,
Vulpia octoflora,5,2823,0.001771165,796,,
Walnut tree,3,2823,0.001062699,797,,
WATER PLANT (30522A UNID),1,2823,0.000354233,798,,
winter fat - Krascheninnikovia lanata,1,2823,0.000354233,799,,
wire lettuce,2,2823,0.000708466,800,,
Wolfberry,1,2823,0.000354233,801,,
Xylorhiza tortifolia,2,2823,0.000708466,802,,
yellow star thistle,4,2823,0.001416932,803,,
Yucca,1,2823,0.000354233,804,,
Yucca baccata,12,2823,0.004250797,805,,
Yucca brev.,1,2823,0.000354233,806,,
Yucca brevifolia,26,2823,0.00921006,806,,
Yucca brevifolium,2,2823,0.000708466,806,,
Yucca schidigera,33,2823,0.011689692,807,,
Yucca Schidigera,2,2823,0.000708466,807,,
Yucca shidigera,1,2823,0.000354233,807,,
Yucca sp.,1,2823,0.000354233,804,,
Yucca torreyi,2,2823,0.000708466,808,,