Gender,times_entered,percent_of_entries,group,Category 2,times_entered.1,Are Catgeory 1 and Catgeory 2 in the same group?,Category 2,Category 2.1,Are Catgeory 1 and Catgeory 2 in the same group?
A little about you,1,0.00079365,1,,,,,,
Agender,1,0.00079365,2,Enby,,check,Neuter,,check
All,1,0.00079365,3,,,,,,
Androgyne,1,0.00079365,4,male leaning androgynous,,check,,,
Cis Female,1,0.00079365,5,,,,,,
cis-female/femme,1,0.00079365,5,,,,,,
Female (cis),1,0.00079365,5,Female,,check,,,
F,38,0.03015873,6,,,,,,
f,15,0.01190476,6,,,,,,
femail,1,0.00079365,6,,,,,,
Femake,1,0.00079365,6,,,,,,
Female,121,0.09603175,6,,,,,,
female,62,0.04920635,6,,,,,,
Female ,2,0.0015873,6,,,,,,
Woman,3,0.00238095,6,,,,,,
woman,1,0.00079365,6,,,,,,
Cis Male,2,0.0015873,7,,,,,,
cis male,1,0.00079365,7,,,,,,
Cis Man,1,0.00079365,7,,,,,,
Male (CIS),1,0.00079365,7,,,,,,
Guy (-ish) ^_^,1,0.00079365,8,,,,,,
M,116,0.09206349,8,,,,,,
m,34,0.02698413,8,,,,,,
Mail,1,0.00079365,8,,,,,,
maile,1,0.00079365,8,,,,,,
Make,4,0.0031746,8,,,,,,
Mal,1,0.00079365,8,,,,,,
Male,616,0.48888889,8,,,,,,
male,206,0.16349206,8,,,,,,
Male ,3,0.00238095,8,,,,,,
Male-ish,1,0.00079365,8,,,,,,
Malr,1,0.00079365,8,,,,,,
Man,2,0.0015873,8,male,,check,,,
msle,1,0.00079365,8,,,,,,
"ostensibly male, unsure what that really means",1,0.00079365,8,male,,check,,,
something kinda male?,1,0.00079365,8,male,,check,,,
Enby,1,0.00079365,9,Genderqueer,,check,queer,,check
Genderqueer,1,0.00079365,9,queer,,check,,,
queer,1,0.00079365,9,queer/she/they,,check,,,
queer/she/they,1,0.00079365,9,,,,,,
non-binary,1,0.00079365,9,,,,,,
Female (trans),2,0.0015873,10,,,,,,
Trans woman,1,0.00079365,10,,,,,,
Trans-female,1,0.00079365,10,,,,,,
fluid,1,0.00079365,11,,,,,,
Nah,1,0.00079365,12,,,,,,
Neuter,1,0.00079365,13,,,,,,
p,1,0.00079365,14,,,,,,
male leaning androgynous,1,0.00079365,15,,,,,,