label,Attribute_name,total_vals,num_nans,num_of_dist_val,mean,std_dev,min_val,max_val,%_dist_val,%_nans,sample_1,sample_2,sample_3,sample_4,sample_5,has_delimiters,has_url,has_email,has_date,mean_word_count,std_dev_word_count,mean_stopword_total,stdev_stopword_total,mean_char_count,stdev_char_count,mean_whitespace_count,stdev_whitespace_count,mean_delim_count,stdev_delim_count,is_list,is_long_sentence
1,Gender,1253,10,3,0,0,0,0,0.239425379,0.798084597,Female,Male,,Diverse,Female,FALSE,FALSE,FALSE,FALSE,1,0,0,0,5.2,1.469693846,0,0,0,0,FALSE,FALSE
1,Сontract duration,1253,29,3,0,0,0,0,0.239425379,2.314445331,Unlimited contract,,Temporary contract,0,Unlimited contract,FALSE,FALSE,FALSE,FALSE,1.6,0.489897949,0,0,11.6,7.863841301,0.6,0.489897949,0.6,0.489897949,FALSE,FALSE
1,Company size,1253,18,5,0,0,0,0,0.399042298,1.436552275,1000+,Nov-50,101-1000,up to 10,,FALSE,FALSE,FALSE,FALSE,1.4,0.8,0.4,0.8,5.8,1.939071943,0.4,0.8,0.4,0.8,FALSE,FALSE
1,Have you lost your job due to the coronavirus outbreak?,1253,20,10,0,0,0,0,0.798084597,1.596169194,,No,Yes,kurzarbeitzeit for 1.5 months,i didn't but will be looking for new one because of covid,FALSE,FALSE,FALSE,FALSE,3.8,4.261455151,1.8,3.12409987,18.8,21.65548429,2.8,4.261455151,2.8,4.261455151,FALSE,FALSE
1,Employment status,1253,17,11,0,0,0,0,0.877893057,1.356743815,Full-time employee,,Self-employed (freelancer),working student,"Full-time position, part-time position, & self-employed (freelancing, tutoring)",FALSE,FALSE,FALSE,FALSE,3,2.529822128,0,0,28.2,26.45297715,2,2.529822128,2,2.529822128,FALSE,FALSE
1,Main language at work,1253,16,14,0,0,0,0,1.117318436,1.276935355,English,Polish,German,,Spanish,FALSE,FALSE,FALSE,FALSE,1,0,0,0,5.8,1.469693846,0,0,0,0,FALSE,FALSE
0,"Have you been forced to have a shorter working week (Kurzarbeit)? If yes, how many hours per week",1253,880,23,12.96782842,15.2546845,0,40,1.835594573,70.23144453,,0,32,35,30,FALSE,FALSE,FALSE,TRUE,1,0,0,0,3.6,0.489897949,0,0,0,0,FALSE,FALSE
1,Seniority level,1253,12,24,0,0,0,0,1.915403033,0.957701516,Senior,Middle,Lead,Head,,FALSE,FALSE,FALSE,FALSE,1,0,0,0,4.6,1.2,0,0,0,0,FALSE,FALSE
0,Age,1253,27,40,32.50978793,5.661494,20,69,3.192338388,2.154828412,33,37,30,29,31,FALSE,FALSE,FALSE,TRUE,1,0,0,0,4,0,0,0,0,0,FALSE,FALSE
5,Number of vacation days,1253,68,45,0,0,0,0,3.591380686,5.426975259,30,26,27,28,22,FALSE,FALSE,FALSE,FALSE,1,0,0,0,2,0,0,0,0,0,FALSE,FALSE
5,Total years of experience,1253,16,48,0,0,0,0,3.830806065,1.276935355,12,10,8,6,2,FALSE,FALSE,FALSE,FALSE,1,0,0,0,1.4,0.489897949,0,0,0,0,FALSE,FALSE
5,Years of experience in Germany,1253,32,53,0,0,0,0,4.229848364,2.55387071,5,3,2,6,,FALSE,FALSE,FALSE,FALSE,1,0,0,0,1.4,0.8,0,0,0,0,FALSE,FALSE
5,"Have you received additional monetary support from your employer due to Work From Home? If yes, how much in 2020 in EUR",1253,791,59,0,0,0,0,4.708699122,63.12849162,,40 every month,0,500,200,FALSE,FALSE,FALSE,FALSE,1.4,0.8,0,0,4.8,4.664761516,0.4,0.8,0.4,0.8,FALSE,FALSE
1,Company type,1253,25,63,0,0,0,0,5.027932961,1.995211492,Product,Startup,Consulting / Agency,Bank,consumer goods,FALSE,FALSE,FALSE,FALSE,1.6,0.8,0,0,10.2,5.491812087,0.6,0.8,0.6,0.8,FALSE,FALSE
1,City,1253,0,119,0,0,0,0,9.497206704,0,Berlin,Frankfurt,Cracovia,Munich,Stuttgart,FALSE,FALSE,FALSE,FALSE,1,0,0,0,7.6,1.356465997,0,0,0,0,FALSE,FALSE
5,Annual bonus+stocks one year ago. Only answer if staying in same country,1253,639,131,0,0,0,0,10.45490822,50.99760575,20000,,5000,7000,16300,FALSE,FALSE,FALSE,FALSE,1,0,0,0,4.2,0.748331477,0,0,0,0,FALSE,FALSE
0,Annual brutto salary (without bonus and stocks) one year ago. Only answer if staying in the same country,1253,368,147,632245.8723,16795584.67,11000,500000000,11.73184358,29.36951317,96000,55000,72000,78000,16000,FALSE,FALSE,FALSE,TRUE,1,0,0,0,7,0,0,0,0,0,FALSE,FALSE
1,Position ,1253,6,148,0,0,0,0,11.81165204,0.478850758,Software Engineer,Backend Developer,Solution Architect,Frontend Developer,Rentner,FALSE,FALSE,FALSE,FALSE,1.8,0.4,0,0,15.4,4.223742416,0.8,0.4,0.8,0.4,FALSE,FALSE
5,Yearly bonus + stocks in EUR,1253,424,168,0,0,0,0,13.40782123,33.83878691,35200,,11000,40000,19200,FALSE,FALSE,FALSE,FALSE,1,0,0,0,4.6,0.8,0,0,0,0,FALSE,FALSE
0,Yearly brutto salary (without bonus and stocks) in EUR,1253,0,201,80279042.58,2823933564,10001,99999999999,16.0415004,0,88000,55000,74000,85000,18700,FALSE,FALSE,FALSE,TRUE,1,0,0,0,7,0,0,0,0,0,FALSE,FALSE
1,Your main technology / programming language,1253,127,256,0,0,0,0,20.43096568,10.13567438,С#,PHP,Python,JavaScript,C++,FALSE,FALSE,FALSE,FALSE,1,0,0,0,4.8,2.925747768,0,0,0,0,FALSE,FALSE
3,Other technologies/programming languages you use often,1253,157,562,0,0,0,0,44.85235435,12.52992817,"Python, C/C++, Javascript / Typescript, .NET, SQL","PHP, Javascript / Typescript, SQL","SQL, AWS, Kubernetes, Docker","SQL, AWS, Google Cloud, Kubernetes, Docker","Javascript / Typescript, Angular",TRUE,FALSE,FALSE,FALSE,5.2,1.166190379,0,0,36.8,7.626270386,4.2,1.166190379,4.2,1.166190379,TRUE,FALSE
2,Timestamp,1253,0,1248,0,0,0,0,99.6009577,0,24/11/2020 11:30:38,24/11/2020 11:53:56,26/11/2020 09:02:41,24/11/2020 11:55:57,24/11/2020 21:16:30,FALSE,FALSE,FALSE,TRUE,2,0,0,0,19,0,1,0,1,0,FALSE,FALSE