label,Attribute_name,total_vals,num_nans,num_of_dist_val,mean,std_dev,min_val,max_val,%_dist_val,%_nans,sample_1,sample_2,sample_3,sample_4,sample_5,has_delimiters,has_url,has_email,has_date,mean_word_count,std_dev_word_count,mean_stopword_total,stdev_stopword_total,mean_char_count,stdev_char_count,mean_whitespace_count,stdev_whitespace_count,mean_delim_count,stdev_delim_count,is_list,is_long_sentence
1,Do.you.still.go.trick.or.treating.for.yourself.or.with.friends.,292,142,2,0,0,0,0,0.684931507,48.63013699,,No,Yes,No,No,FALSE,FALSE,FALSE,FALSE,1,0,0,0,2.4,0.489897949,0,0,0,0,FALSE,FALSE
1,Did.you.ever.go.trick.or.treating.,292,12,2,0,0,0,0,0.684931507,4.109589041,Yes,,No,Yes,Yes,FALSE,FALSE,FALSE,FALSE,1,0,0,0,2.8,0.4,0,0,0,0,FALSE,FALSE
1,Have.you.ever.celebrated.Halloween.,292,0,2,0,0,0,0,0.684931507,0,Yes,No,Yes,Yes,Yes,FALSE,FALSE,FALSE,FALSE,1,0,0,0,2.8,0.4,0,0,0,0,FALSE,FALSE
1,Are.you.Hispanic.and.or.Latino.a,292,0,2,0,0,0,0,0.684931507,0,No,Yes,Yes,No,Yes,FALSE,FALSE,FALSE,FALSE,1,0,0,0,2.6,0.489897949,0,0,0,0,FALSE,FALSE
1,What.is.your.gender.,292,0,3,0,0,0,0,1.02739726,0,Female,Male,Other,Other,Other,FALSE,FALSE,FALSE,FALSE,1,0,0,0,5,0.632455532,0,0,0,0,FALSE,FALSE
1,As.a.child..was.your.birthday.between.the.start..of.school.and.Halloween..or.after.Halloween.,292,0,3,0,0,0,0,1.02739726,0,After Halloween,Between start of school and Halloween,Prefer not to answer/I don't know,Prefer not to answer/I don't know,After Halloween,FALSE,FALSE,FALSE,FALSE,4.4,1.959591794,1.6,1.356465997,26.6,9.583318841,3.4,1.959591794,3.4,1.959591794,FALSE,FALSE
1,Each.year..do.you.usually.attend.a.Halloween.party.,292,0,4,0,0,0,0,1.369863014,0,Sometimes,Never,Always/almost always,Rarely,Always/almost always,FALSE,FALSE,FALSE,FALSE,1.4,0.489897949,0,0,12,6.6633325,0.4,0.489897949,0.4,0.489897949,FALSE,FALSE
1,What.is.your.age.group.,292,0,6,0,0,0,0,2.054794521,0,55+,18-24,25-34,45-54,35-44,FALSE,FALSE,FALSE,FALSE,1,0,0,0,4.6,0.8,0,0,0,0,FALSE,FALSE
1,Did.you.ever.go.to.haunted.houses...,292,54,7,0,0,0,0,2.397260274,18.49315068,as an older child (10-17);as an adult (18+),,as a younger child (9 and under);as an older child (10-17),as an older child (10-17),as a younger child (9 and under);as an older child (10-17);as an adult (18+),TRUE,FALSE,FALSE,FALSE,7.8,4.53431362,4,2.828427125,41,25.36927275,6.8,4.53431362,6.8,4.53431362,TRUE,FALSE
1,Which.region.of.the.US.do.you.live.in.,292,0,7,0,0,0,0,2.397260274,0,Southeast,Midwest,West,Southwest,Northeast,FALSE,FALSE,FALSE,FALSE,1,0,0,0,7.6,1.959591794,0,0,0,0,FALSE,FALSE
1,Which.of.the.following.costumes.did.you.dress.up.as.for.Halloween.when.you.were.a.child...Character.from.a.movie.,292,138,8,0,0,0,0,2.739726027,47.26027397,,When you were 10 to 17,When you were 9 or younger,When you were 9 or younger;When you were 10 to 17,As an adult,FALSE,FALSE,FALSE,FALSE,5.4,3.382306905,2.6,2.059126028,22.2,15.6639714,4.4,3.382306905,4.4,3.382306905,FALSE,FALSE
1,Which.of.the.following.costumes.did.you.dress.up.as.for.Halloween.when.you.were.a.child...Something.else.not.listed.,292,145,10,0,0,0,0,3.424657534,49.65753425,,As an adult,When you were 10 to 17,When you were 9 or younger;When you were 10 to 17,"When you were 10 to 17;As an adult;One of these ranges, but I forget",FALSE,FALSE,FALSE,FALSE,7,4.857983121,3.4,2.727636339,30.6,24.31953947,6,4.857983121,6,4.857983121,FALSE,FALSE
1,What.is.your.race.,292,0,12,0,0,0,0,4.109589041,0,White,Black/African American;White;Other,American Indian/Alaska Native;Black/African American,Asian,Asian;Native Hawaiian/Other Pacific Islander,TRUE,FALSE,FALSE,FALSE,2.4,1.356465997,0,0,28,19.62651268,1.4,1.356465997,1.4,1.356465997,TRUE,FALSE
1,How.old.were.you.when.you.started.going.trick.or.treating.,292,19,49,0,0,0,0,16.78082192,6.506849315,2,6-Apr,7-May,5,6,FALSE,FALSE,FALSE,FALSE,1,0,0,0,2.6,1.959591794,0,0,0,0,FALSE,FALSE
1,How.old.were.you.during.your.last.year.of.going.trick.or.treating.,292,19,49,0,0,0,0,16.78082192,6.506849315,14-Dec,12,13-14,11,16,FALSE,FALSE,FALSE,FALSE,1,0,0,0,3.4,1.743559577,0,0,0,0,FALSE,FALSE
1,What.was.your.favorite.candy.,292,30,163,0,0,0,0,55.82191781,10.2739726,Peanut butter kisses,Snickers,Reece’s ,Hershey bars,Reeses,FALSE,FALSE,FALSE,FALSE,1.8,0.748331477,0.2,0.4,10.8,4.995998399,0.8,0.748331477,0.8,0.748331477,FALSE,FALSE
1,What.was.your.least.favorite.candy.,292,28,174,0,0,0,0,59.5890411,9.589041096,Lemon drops,Candy Corn,Mounds,Hard candy,Dots,FALSE,FALSE,FALSE,FALSE,1.6,0.489897949,0,0,8.2,2.712931993,0.6,0.489897949,0.6,0.489897949,FALSE,FALSE
1,Describe.Halloween.in.three.words,292,0,274,0,0,0,0,93.83561644,0,Kids having fun,Boring Overdone Commercial,nostalgic cozy fun,Excting erry cool,Fun spooky festive,FALSE,FALSE,FALSE,FALSE,3,0,0.2,0.4,18.8,3.762977544,2,0,2,0,FALSE,FALSE
7,Do.you.wish.you.had.gone.trick.or.treating.,292,285,2,0,0,0,0,0.684931507,97.60273973,,No,Unsure,,,FALSE,FALSE,FALSE,TRUE,1,0,0,0,3.4,1.356465997,0,0,0,0,FALSE,FALSE
7,Do.you.still.go.trick.or.treating.for.yourself.with.friends.,292,191,2,0,0,0,0,0.684931507,65.4109589,No,,Yes,No,No,FALSE,FALSE,FALSE,FALSE,1,0,0,0,2.4,0.489897949,0,0,0,0,FALSE,FALSE
7,Which.of.the.following.costumes.did.you.dress.up.as.for.Halloween.when.you.were.a.child...Dinosaur.,292,275,3,0,0,0,0,1.02739726,94.17808219,,When you were 9 or younger,When you were 10 to 17,"One of these ranges, but I forget",When you were 10 to 17,FALSE,FALSE,FALSE,FALSE,5.2,2.13541565,2.4,1.2,21.2,9.947864092,4.2,2.13541565,4.2,2.13541565,FALSE,FALSE
7,Which.of.the.following.costumes.did.you.dress.up.as.for.Halloween.when.you.were.a.child...Frankenstein.,292,280,4,0,0,0,0,1.369863014,95.89041096,,When you were 9 or younger,When you were 10 to 17,"One of these ranges, but I forget",When you were 9 or younger;As an adult,FALSE,FALSE,FALSE,FALSE,5.6,2.416609195,2.6,1.356465997,24.4,12.04325537,4.6,2.416609195,4.6,2.416609195,FALSE,FALSE
7,Which.of.the.following.costumes.did.you.dress.up.as.for.Halloween.when.you.were.a.child...Politician.,292,277,4,0,0,0,0,1.369863014,94.8630137,,When you were 10 to 17,As an adult,When you were 9 or younger,"One of these ranges, but I forget",FALSE,FALSE,FALSE,FALSE,4.6,2.244994432,2,1.264911064,19,10.71447619,3.6,2.244994432,3.6,2.244994432,FALSE,FALSE
7,Which.of.the.following.costumes.did.you.dress.up.as.for.Halloween.when.you.were.a.child...Bat.,292,271,4,0,0,0,0,1.369863014,92.80821918,,When you were 9 or younger,When you were 10 to 17,"One of these ranges, but I forget",As an adult,FALSE,FALSE,FALSE,FALSE,4.6,2.244994432,2,1.264911064,19,10.71447619,3.6,2.244994432,3.6,2.244994432,FALSE,FALSE
7,Why.didn.t.you.go.trick.or.treating.,292,285,5,0,0,0,0,1.712328767,97.60273973,,Parents forbade it,Didn't want to go,Not common here,"Parents forbade it;Instead, we went to a place in the community where kids could play games and win candy.",FALSE,FALSE,FALSE,FALSE,6,6.57267069,2.2,2.925747768,31.8,37.48813146,5,6.57267069,5,6.57267069,FALSE,FALSE
7,Which.of.the.following.costumes.did.you.dress.up.as.for.Halloween.when.you.were.a.child...Police.Officer.,292,281,5,0,0,0,0,1.712328767,96.23287671,,When you were 10 to 17,"One of these ranges, but I forget",As an adult,When you were 10 to 17;As an adult,FALSE,FALSE,FALSE,FALSE,5,2.607680962,2.2,1.469693846,20.6,12.14248739,4,2.607680962,4,2.607680962,FALSE,FALSE
7,Which.of.the.following.costumes.did.you.dress.up.as.for.Halloween.when.you.were.a.child...Wizard..not.from.movie.TV.show..or.Washington.Wizards..,292,279,5,0,0,0,0,1.712328767,95.54794521,,When you were 10 to 17,When you were 9 or younger;When you were 10 to 17,When you were 9 or younger,As an adult,FALSE,FALSE,FALSE,FALSE,5.4,3.382306905,2.6,2.059126028,22.2,15.6639714,4.4,3.382306905,4.4,3.382306905,FALSE,FALSE
7,Which.of.the.following.costumes.did.you.dress.up.as.for.Halloween.when.you.were.a.child...Mouse.,292,276,5,0,0,0,0,1.712328767,94.52054795,,When you were 9 or younger,When you were 10 to 17,As an adult,When you were 9 or younger;When you were 10 to 17,FALSE,FALSE,FALSE,FALSE,5.4,3.382306905,2.6,2.059126028,22.2,15.6639714,4.4,3.382306905,4.4,3.382306905,FALSE,FALSE
7,Which.of.the.following.costumes.did.you.dress.up.as.for.Halloween.when.you.were.a.child...Doll.,292,261,5,0,0,0,0,1.712328767,89.38356164,,As an adult,When you were 10 to 17,When you were 9 or younger,"One of these ranges, but I forget",FALSE,FALSE,FALSE,FALSE,4.6,2.244994432,2,1.264911064,19,10.71447619,3.6,2.244994432,3.6,2.244994432,FALSE,FALSE
7,Which.of.the.following.costumes.did.you.dress.up.as.for.Halloween.when.you.were.a.child...Pumpkin.,292,235,5,0,0,0,0,1.712328767,80.47945205,,When you were 9 or younger,When you were 10 to 17,When you were 9 or younger;When you were 10 to 17,"One of these ranges, but I forget",FALSE,FALSE,FALSE,FALSE,6.2,3.18747549,3,1.897366596,26.6,14.97464524,5.2,3.18747549,5.2,3.18747549,FALSE,FALSE
7,Which.of.the.following.costumes.did.you.dress.up.as.for.Halloween.when.you.were.a.child...Supervillain.,292,278,6,0,0,0,0,2.054794521,95.20547945,,When you were 10 to 17,As an adult,When you were 9 or younger,"One of these ranges, but I forget",FALSE,FALSE,FALSE,FALSE,4.6,2.244994432,2,1.264911064,19,10.71447619,3.6,2.244994432,3.6,2.244994432,FALSE,FALSE
7,Which.of.the.following.costumes.did.you.dress.up.as.for.Halloween.when.you.were.a.child...Mermaid.merman..,292,272,6,0,0,0,0,2.054794521,93.15068493,,"One of these ranges, but I forget",As an adult,When you were 9 or younger,When you were 10 to 17,FALSE,FALSE,FALSE,FALSE,4.6,2.244994432,2,1.264911064,19,10.71447619,3.6,2.244994432,3.6,2.244994432,FALSE,FALSE
7,Which.of.the.following.costumes.did.you.dress.up.as.for.Halloween.when.you.were.a.child...Food.,292,270,6,0,0,0,0,2.054794521,92.46575342,,When you were 9 or younger,When you were 10 to 17,When you were 9 or younger;As an adult,"One of these ranges, but I forget",FALSE,FALSE,FALSE,FALSE,5.6,2.416609195,2.6,1.356465997,24.4,12.04325537,4.6,2.416609195,4.6,2.416609195,FALSE,FALSE
7,Which.of.the.following.costumes.did.you.dress.up.as.for.Halloween.when.you.were.a.child...Mummy.,292,266,6,0,0,0,0,2.054794521,91.09589041,,When you were 9 or younger,When you were 10 to 17,As an adult,When you were 9 or younger;When you were 10 to 17;As an adult,FALSE,FALSE,FALSE,FALSE,5.8,4.06939799,2.8,2.4,24.6,19.92586259,4.8,4.06939799,4.8,4.06939799,FALSE,FALSE
7,Which.of.the.following.costumes.did.you.dress.up.as.for.Halloween.when.you.were.a.child...Ninja.,292,260,6,0,0,0,0,2.054794521,89.04109589,,When you were 9 or younger,When you were 10 to 17,As an adult,"One of these ranges, but I forget",FALSE,FALSE,FALSE,FALSE,4.6,2.244994432,2,1.264911064,19,10.71447619,3.6,2.244994432,3.6,2.244994432,FALSE,FALSE
7,Which.of.the.following.costumes.did.you.dress.up.as.for.Halloween.when.you.were.a.child...Musician.Actor.Artist.,292,255,6,0,0,0,0,2.054794521,87.32876712,,As an adult,When you were 9 or younger;When you were 10 to 17,When you were 10 to 17;As an adult,When you were 10 to 17,FALSE,FALSE,FALSE,FALSE,5.8,3.544009029,2.8,2.13541565,23.8,16.36337374,4.8,3.544009029,4.8,3.544009029,FALSE,FALSE
7,Which.of.the.following.costumes.did.you.dress.up.as.for.Halloween.when.you.were.a.child...Other.monster.not.listed.,292,254,6,0,0,0,0,2.054794521,86.98630137,,When you were 9 or younger;When you were 10 to 17,As an adult,When you were 9 or younger,When you were 10 to 17,FALSE,FALSE,FALSE,FALSE,5.4,3.382306905,2.6,2.059126028,22.2,15.6639714,4.4,3.382306905,4.4,3.382306905,FALSE,FALSE
7,Which.of.the.following.costumes.did.you.dress.up.as.for.Halloween.when.you.were.a.child...Athlete.,292,251,6,0,0,0,0,2.054794521,85.95890411,When you were 9 or younger,When you were 9 or younger;When you were 10 to 17,,When you were 10 to 17,As an adult,FALSE,FALSE,FALSE,FALSE,5.4,3.382306905,2.6,2.059126028,22.2,15.6639714,4.4,3.382306905,4.4,3.382306905,FALSE,FALSE
7,Which.of.the.following.costumes.did.you.dress.up.as.for.Halloween.when.you.were.a.child...Angel.,292,242,6,0,0,0,0,2.054794521,82.87671233,,When you were 9 or younger,When you were 10 to 17,When you were 9 or younger;When you were 10 to 17,As an adult,FALSE,FALSE,FALSE,FALSE,5.4,3.382306905,2.6,2.059126028,22.2,15.6639714,4.4,3.382306905,4.4,3.382306905,FALSE,FALSE
7,Which.of.the.following.costumes.did.you.dress.up.as.for.Halloween.when.you.were.a.child...Other.animal.not.listed.,292,242,6,0,0,0,0,2.054794521,82.87671233,,As an adult,When you were 9 or younger,When you were 9 or younger;As an adult,When you were 9 or younger;When you were 10 to 17,FALSE,FALSE,FALSE,FALSE,5.8,3.544009029,2.8,2.13541565,25.4,16.88312767,4.8,3.544009029,4.8,3.544009029,FALSE,FALSE
7,Which.of.the.following.costumes.did.you.dress.up.as.for.Halloween.when.you.were.a.child...Superhero.,292,238,6,0,0,0,0,2.054794521,81.50684932,,When you were 10 to 17,When you were 9 or younger,As an adult,When you were 9 or younger;When you were 10 to 17;As an adult,FALSE,FALSE,FALSE,FALSE,5.8,4.06939799,2.8,2.4,24.6,19.92586259,4.8,4.06939799,4.8,4.06939799,FALSE,FALSE
7,Which.of.the.following.costumes.did.you.dress.up.as.for.Halloween.when.you.were.a.child...Clown.,292,225,6,0,0,0,0,2.054794521,77.05479452,,When you were 9 or younger,When you were 9 or younger;When you were 10 to 17,"One of these ranges, but I forget",When you were 10 to 17,FALSE,FALSE,FALSE,FALSE,6.2,3.18747549,3,1.897366596,26.6,14.97464524,5.2,3.18747549,5.2,3.18747549,FALSE,FALSE
7,Why.didn.t.you.celebrate.Halloween.as.a.kid.,292,280,7,0,0,0,0,2.397260274,95.89041096,,Religious reasons,One year when I 4 years old my dad took us out to trick and treat and somehow I got lost. All I remember is sitting on a lady’s lap eating candy. Also vaguely remember my mom yelling at my dad. I was told when I got older that the police found me because the lady called to report she found me. Since then I have not really gotten into celebrateing halloween.,Parents forbade it for non-religious reasons,Religious reasons;Didn't want to,FALSE,FALSE,FALSE,FALSE,17,27.55358416,6,10.52615789,91,134.710059,16,27.55358416,16,27.55358416,FALSE,TRUE
7,Which.of.the.following.costumes.did.you.dress.up.as.for.Halloween.when.you.were.a.child...A.pun.based.costume.,292,247,7,0,0,0,0,2.397260274,84.5890411,,When you were 10 to 17,As an adult,When you were 9 or younger;When you were 10 to 17;As an adult,When you were 9 or younger;When you were 10 to 17,FALSE,FALSE,FALSE,FALSE,6.8,4.578209257,3.4,2.727636339,29.2,22.238705,5.8,4.578209257,5.8,4.578209257,FALSE,FALSE
7,Which.of.the.following.costumes.did.you.dress.up.as.for.Halloween.when.you.were.a.child...Zombie.,292,239,7,0,0,0,0,2.397260274,81.84931507,,When you were 9 or younger;When you were 10 to 17,When you were 10 to 17,"One of these ranges, but I forget",When you were 9 or younger,FALSE,FALSE,FALSE,FALSE,6.2,3.18747549,3,1.897366596,26.6,14.97464524,5.2,3.18747549,5.2,3.18747549,FALSE,FALSE
7,Which.of.the.following.costumes.did.you.dress.up.as.for.Halloween.when.you.were.a.child...Devil.,292,227,7,0,0,0,0,2.397260274,77.73972603,,When you were 10 to 17,When you were 9 or younger,As an adult,When you were 9 or younger;When you were 10 to 17,FALSE,FALSE,FALSE,FALSE,5.4,3.382306905,2.6,2.059126028,22.2,15.6639714,4.4,3.382306905,4.4,3.382306905,FALSE,FALSE
7,Which.of.the.following.costumes.did.you.dress.up.as.for.Halloween.when.you.were.a.child...Fairy.,292,221,7,0,0,0,0,2.397260274,75.68493151,,When you were 10 to 17,When you were 9 or younger;As an adult,When you were 9 or younger,"One of these ranges, but I forget",FALSE,FALSE,FALSE,FALSE,5.6,2.416609195,2.6,1.356465997,24.4,12.04325537,4.6,2.416609195,4.6,2.416609195,FALSE,FALSE
7,Which.of.the.following.costumes.did.you.dress.up.as.for.Halloween.when.you.were.a.child...Prince.Princess.,292,204,7,0,0,0,0,2.397260274,69.8630137,,When you were 9 or younger,When you were 10 to 17,"One of these ranges, but I forget",When you were 9 or younger;When you were 10 to 17,FALSE,FALSE,FALSE,FALSE,6.2,3.18747549,3,1.897366596,26.6,14.97464524,5.2,3.18747549,5.2,3.18747549,FALSE,FALSE
7,Which.of.the.following.costumes.did.you.dress.up.as.for.Halloween.when.you.were.a.child...Ghost.,292,200,7,0,0,0,0,2.397260274,68.49315068,When you were 9 or younger,,When you were 10 to 17,When you were 9 or younger;When you were 10 to 17,"One of these ranges, but I forget",FALSE,FALSE,FALSE,FALSE,6.2,3.18747549,3,1.897366596,26.6,14.97464524,5.2,3.18747549,5.2,3.18747549,FALSE,FALSE
7,Which.of.the.following.costumes.did.you.dress.up.as.for.Halloween.when.you.were.a.child...Skeleton.,292,243,8,0,0,0,0,2.739726027,83.21917808,,When you were 9 or younger,When you were 10 to 17,When you were 9 or younger;When you were 10 to 17,As an adult,FALSE,FALSE,FALSE,FALSE,5.4,3.382306905,2.6,2.059126028,22.2,15.6639714,4.4,3.382306905,4.4,3.382306905,FALSE,FALSE
7,Which.of.the.following.costumes.did.you.dress.up.as.for.Halloween.when.you.were.a.child...Pirate.,292,234,8,0,0,0,0,2.739726027,80.1369863,,When you were 10 to 17;As an adult,When you were 9 or younger,When you were 10 to 17,As an adult,FALSE,FALSE,FALSE,FALSE,4.8,2.481934729,2.2,1.469693846,19.2,10.97998179,3.8,2.481934729,3.8,2.481934729,FALSE,FALSE
7,Which.of.the.following.costumes.did.you.dress.up.as.for.Halloween.when.you.were.a.child...Vampire.,292,207,8,0,0,0,0,2.739726027,70.89041096,,"One of these ranges, but I forget",When you were 9 or younger,When you were 10 to 17,When you were 10 to 17;As an adult,FALSE,FALSE,FALSE,FALSE,5.6,2.416609195,2.6,1.356465997,23.6,11.21784293,4.6,2.416609195,4.6,2.416609195,FALSE,FALSE
7,Which.of.the.following.costumes.did.you.dress.up.as.for.Halloween.when.you.were.a.child...Witch..not.from.movie.TV.show..,292,188,8,0,0,0,0,2.739726027,64.38356164,,"One of these ranges, but I forget",When you were 10 to 17,When you were 10 to 17;As an adult,As an adult,FALSE,FALSE,FALSE,FALSE,5,2.607680962,2.2,1.469693846,20.6,12.14248739,4,2.607680962,4,2.607680962,FALSE,FALSE
7,Which.of.the.following.costumes.did.you.dress.up.as.for.Halloween.when.you.were.a.child...Cat.,292,185,8,0,0,0,0,2.739726027,63.35616438,,As an adult,When you were 10 to 17,When you were 9 or younger,When you were 9 or younger;When you were 10 to 17,FALSE,FALSE,FALSE,FALSE,5.4,3.382306905,2.6,2.059126028,22.2,15.6639714,4.4,3.382306905,4.4,3.382306905,FALSE,FALSE
7,Which.of.the.following.costumes.did.you.dress.up.as.for.Halloween.when.you.were.a.child...Character.from.a.TV.show.,292,176,9,0,0,0,0,3.082191781,60.2739726,,When you were 10 to 17,"One of these ranges, but I forget",When you were 9 or younger,When you were 9 or younger;When you were 10 to 17,FALSE,FALSE,FALSE,FALSE,6.2,3.18747549,3,1.897366596,26.6,14.97464524,5.2,3.18747549,5.2,3.18747549,FALSE,FALSE