What.was.your.favorite.candy.,times_entered,total,percent_of_entries,group,class
"$100,000 Grand Bars",1,292,0.003424658,1,
100 Grand,1,292,0.003424658,2,-1
100 grand,1,292,0.003424658,2,1
100 grand bar,1,292,0.003424658,2,7
3 Musketeers,1,292,0.003424658,3,-1
3 musketeers,1,292,0.003424658,3,1
3 Musketeers ,1,292,0.003424658,3,4
3 Musketeers and candy corn,1,292,0.003424658,4,
Aero Bars,1,292,0.003424658,5,
Almond Joy,2,292,0.006849315,6,-1
Almond joy,1,292,0.003424658,6,1
Chocolate,4,292,0.01369863,7,-1
Chocolate ,3,292,0.010273973,7,1
Anything chocolate,2,292,0.006849315,7,17
Anything chocolate ,2,292,0.006849315,7,17
Chocolates,2,292,0.006849315,7,8
anything Chocholate.,1,292,0.003424658,7,147
Anything chocolate.,1,292,0.003424658,7,147
Anythinh chocolate,1,292,0.003424658,7,147
Anything chocolate! Reese’s though probably,1,292,0.003424658,8,
Anything Hershey's,1,292,0.003424658,9,
anything with chocolate and peanut butter,1,292,0.003424658,10,
Baby Ruth,1,292,0.003424658,11,
Bit-o-honey,1,292,0.003424658,12,
Bubble gum ,1,292,0.003424658,13,
Butterfingers ,2,292,0.006849315,14,-1
Butterfinger,1,292,0.003424658,14,8
Butterfinger ,1,292,0.003424658,14,48
butterfingers,1,292,0.003424658,14,1
"Butterfinger, Nerds",1,292,0.003424658,15,
Candy bars,5,292,0.017123288,16,-1
Candy bar,1,292,0.003424658,16,8
Candy cane,1,292,0.003424658,17,
Candy corn,3,292,0.010273973,18,-1
Candy Corn,1,292,0.003424658,18,1
candy corn,1,292,0.003424658,18,1
candy corn ,1,292,0.003424658,18,14
Candycorn,1,292,0.003424658,18,4
Caramel Apple Lollipops,1,292,0.003424658,19,
Chocolate Hershey ,1,292,0.003424658,20,
Cinnomon disc,1,292,0.003424658,21,
Cookies and cream Hershey's bar,1,292,0.003424658,22,
Crunch,2,292,0.006849315,23,-1
Crunch Bars,2,292,0.006849315,23,7
Crunch bars,1,292,0.003424658,23,7
Dark chocolate,1,292,0.003424658,24,
do not remember,1,292,0.003424658,25,
Gum,1,292,0.003424658,26,
Gummies,1,292,0.003424658,27,
Hershey bars,2,292,0.006849315,28,-1
Hersey,1,292,0.003424658,28,7
Hershey bar,1,292,0.003424658,28,8
Hersey bars and peanut butter cups,1,292,0.003424658,29,
Hershey’s chocolate bars or minis,1,292,0.003424658,30,
Homemade popcorn balls,1,292,0.003424658,31,
Hot tamales ,1,292,0.003424658,32,
Jawbreakers/Fireballs/Gobstoppers,1,292,0.003424658,33,
Jolly Rancher sticks ,1,292,0.003424658,34,-1
jolly ranchers,1,292,0.003424658,34,178
King sized Hershey bars,1,292,0.003424658,35,
Kit kat,4,292,0.01369863,36,-1
Kit Kats,3,292,0.010273973,36,18
Kit Kat,2,292,0.006849315,36,1
Kit kats,2,292,0.006849315,36,8
kit-kat,2,292,0.006849315,36,14
Kit-Kat,2,292,0.006849315,36,14
Kit kat ,1,292,0.003424658,36,4
Kit-Kats ,1,292,0.003424658,36,148
Kitkat,1,292,0.003424658,36,4
kitkat,1,292,0.003424658,36,14
kitkat bar,1,292,0.003424658,36,147
KitKats,1,292,0.003424658,36,148
"Kitkat, reeses, crunch bar, lindt truffles, nerds, twix",1,292,0.003424658,37,
Lemonheads,1,292,0.003424658,38,
lollipops,1,292,0.003424658,39,
M&Ms,2,292,0.006849315,40,-1
m$m,1,292,0.003424658,40,48
Milk Duds,2,292,0.006849315,41,
Milky Way,4,292,0.01369863,42,-1
Milky way,2,292,0.006849315,42,1
Milky Way ,2,292,0.006849315,42,4
milky way,1,292,0.003424658,42,1
Milky way ,1,292,0.003424658,42,1
Milkyway,1,292,0.003424658,42,14
Milkyways,1,292,0.003424658,42,48
Milky way midnight,1,292,0.003424658,43,
Mini Reeses,1,292,0.003424658,44,
Mounds bar,1,292,0.003424658,45,
Mr. Goodbar,1,292,0.003424658,46,
nerds,2,292,0.006849315,47,-1
Nerds,1,292,0.003424658,47,1
"no clue, probably something sweet and moderately tart",1,292,0.003424658,48,
Not sure,1,292,0.003424658,49,
Now and laters,2,292,0.006849315,50,
Nutrageous,1,292,0.003424658,51,
Peanut butter cups,3,292,0.010273973,52,
Peanut butter kisses,2,292,0.006849315,53,
Peanut butter logs,1,292,0.003424658,54,
Peanut M and M s,1,292,0.003424658,55,
Peanut toffee,1,292,0.003424658,56,
Pixie stix,1,292,0.003424658,57,
Red licorice ,1,292,0.003424658,58,
Reese's,9,292,0.030821918,59,-1
Reeses,9,292,0.030821918,59,48
Reeces,2,292,0.006849315,59,8
Reese,2,292,0.006849315,59,4
Reese's ,2,292,0.006849315,59,4
Reese’s,2,292,0.006849315,59,4
reeses,2,292,0.006849315,59,14
Reeses ,2,292,0.006849315,59,4
Reece's,1,292,0.003424658,59,8
Reece’s ,1,292,0.003424658,59,48
reeces,1,292,0.003424658,59,148
Reese’s ,1,292,0.003424658,59,4
Resse,1,292,0.003424658,59,48
Reese's peanut butter cups,4,292,0.01369863,60,-1
Reeses peanut butter cups,3,292,0.010273973,60,148
Reece's peanut butter cups,1,292,0.003424658,60,148
Reese peanut butter cup,1,292,0.003424658,60,148
reese's pb cups,1,292,0.003424658,60,148
Reese's Peanut Butter Cups,1,292,0.003424658,60,148
Reese’s PB cups ,1,292,0.003424658,60,148
Reese’s peanut butter cups,1,292,0.003424658,60,148
reeses peanut butter cups,1,292,0.003424658,60,148
Reeses peanut butter cups ,1,292,0.003424658,60,148
Resse peanut butter cups,1,292,0.003424658,60,148
Reese's cups,3,292,0.010273973,61,-1
Reese cups,2,292,0.006849315,61,48
Reese’s cups,2,292,0.006849315,61,48
Reese’s Cups,1,292,0.003424658,61,48
Reesse cups,1,292,0.003424658,61,48
Reese's cups or candy corn,1,292,0.003424658,62,-1
Reese’s or Nerds,1,292,0.003424658,62,48
shock tarts,1,292,0.003424658,62,48
Sixlets,1,292,0.003424658,63,
"Skittle, Twix, Milky Way",1,292,0.003424658,64,
Skittles,6,292,0.020547945,65,-1
Skittlez,1,292,0.003424658,65,8
Smarties,3,292,0.010273973,66,
"smarties, candy corn",1,292,0.003424658,67,
Snickers,13,292,0.044520548,68,-1
snickers,3,292,0.010273973,68,1
Snickers ,2,292,0.006849315,68,4
Snickers bars,1,292,0.003424658,68,7
Snickers candy bars,1,292,0.003424658,68,7
sour gummy worms,1,292,0.003424658,69,
Sour patch kids,1,292,0.003424658,70,-1
Sour Patch Kids,1,292,0.003424658,70,1
Sweet tarts ,1,292,0.003424658,71,
"The sugar-based ones, also butterfingers",1,292,0.003424658,72,
Those individually wrapped twizzlers,1,292,0.003424658,73,
Three Musketeers,2,292,0.006849315,74,-1
three musketeers,1,292,0.003424658,74,1
Three musketeers,1,292,0.003424658,74,1
Tootsie Roll,1,292,0.003424658,75,-1
Tootsie Rolls,1,292,0.003424658,75,8
Twix,6,292,0.020547945,76,-1
twix,1,292,0.003424658,76,1
Twix and Snickers ,1,292,0.003424658,77,
Twix or Butterfingers,1,292,0.003424658,78,
twizzlers,1,292,0.003424658,79,
Whoppers,1,292,0.003424658,80,-1
whoppers,1,292,0.003424658,80,1