What.was.your.favorite.candy.,times_entered,total,percent_of_entries,group,reason,group_new
"$100,000 Grand Bars",1,292,0.003424658,1,,
100 Grand,1,292,0.003424658,2,,
100 grand,1,292,0.003424658,2,,
100 grand bar,1,292,0.003424658,2,,
3 Musketeers,1,292,0.003424658,3,,
3 musketeers,1,292,0.003424658,3,,
3 Musketeers ,1,292,0.003424658,3,,
3 Musketeers and candy corn,1,292,0.003424658,4,,
Aero Bars,1,292,0.003424658,5,,
Almond Joy,2,292,0.006849315,6,,
Almond joy,1,292,0.003424658,6,,
anything Chocholate.,1,292,0.003424658,7,,
Anything chocolate,2,292,0.006849315,7,,
Anything chocolate ,2,292,0.006849315,7,,
Anything chocolate! Reese’s though probably,1,292,0.003424658,8,,
Anything chocolate.,1,292,0.003424658,7,,
Anything Hershey's,1,292,0.003424658,9,,
anything with chocolate and peanut butter,1,292,0.003424658,10,,
Anythinh chocolate,1,292,0.003424658,7,,
Baby Ruth,1,292,0.003424658,11,,
Bit-o-honey,1,292,0.003424658,12,,
Bubble gum ,1,292,0.003424658,13,,
Butterfinger,1,292,0.003424658,14,,
Butterfinger ,1,292,0.003424658,14,,
"Butterfinger, Nerds",1,292,0.003424658,15,,
butterfingers,1,292,0.003424658,14,,
Butterfingers ,2,292,0.006849315,14,,
Candy bar,1,292,0.003424658,16,,
Candy bars,5,292,0.017123288,16,,
Candy cane,1,292,0.003424658,17,,
Candy corn,3,292,0.010273973,18,,
Candy Corn,1,292,0.003424658,18,,
candy corn,1,292,0.003424658,18,,
candy corn ,1,292,0.003424658,18,,
Candycorn,1,292,0.003424658,18,,
Caramel Apple Lollipops,1,292,0.003424658,19,,
Chocolate,4,292,0.01369863,7,,
Chocolate ,3,292,0.010273973,7,,
Chocolate Hershey ,1,292,0.003424658,20,,
Chocolates,2,292,0.006849315,7,,
Cinnomon disc,1,292,0.003424658,21,,
Cookies and cream Hershey's bar,1,292,0.003424658,22,,
Crunch,2,292,0.006849315,23,,
Crunch Bars,2,292,0.006849315,23,,
Crunch bars,1,292,0.003424658,23,,
Dark chocolate,1,292,0.003424658,24,,
do not remember,1,292,0.003424658,25,,
Gum,1,292,0.003424658,26,,
Gummies,1,292,0.003424658,27,,
Hersey,1,292,0.003424658,28,,
Hersey bars and peanut butter cups,1,292,0.003424658,29,,
Hershey bar,1,292,0.003424658,28,,
Hershey bars,2,292,0.006849315,28,,
Hershey’s chocolate bars or minis,1,292,0.003424658,30,,
Homemade popcorn balls,1,292,0.003424658,31,,
Hot tamales ,1,292,0.003424658,32,,
Jawbreakers/Fireballs/Gobstoppers,1,292,0.003424658,33,,
Jolly Rancher sticks ,1,292,0.003424658,34,,
jolly ranchers,1,292,0.003424658,34,,
King sized Hershey bars,1,292,0.003424658,35,,
Kit kat,4,292,0.01369863,36,,
Kit Kat,2,292,0.006849315,36,,
Kit kat ,1,292,0.003424658,36,,
Kit Kats,3,292,0.010273973,36,,
Kit kats,2,292,0.006849315,36,,
kit-kat,2,292,0.006849315,36,,
Kit-Kat,2,292,0.006849315,36,,
Kit-Kats ,1,292,0.003424658,36,,
Kitkat,1,292,0.003424658,36,,
kitkat,1,292,0.003424658,36,,
kitkat bar,1,292,0.003424658,36,,
"Kitkat, reeses, crunch bar, lindt truffles, nerds, twix",1,292,0.003424658,37,,
KitKats,1,292,0.003424658,36,,
Lemonheads,1,292,0.003424658,38,,
lollipops,1,292,0.003424658,39,,
M&Ms,2,292,0.006849315,40,,
m$m,1,292,0.003424658,40,,
Milk Duds,2,292,0.006849315,41,,
Milky Way,4,292,0.01369863,42,,
Milky way,2,292,0.006849315,42,,
milky way,1,292,0.003424658,42,,
Milky Way ,2,292,0.006849315,42,,
Milky way ,1,292,0.003424658,42,,
Milky way midnight,1,292,0.003424658,43,,
Milkyway,1,292,0.003424658,42,,
Milkyways,1,292,0.003424658,42,,
Mini Reeses,1,292,0.003424658,44,,
Mounds bar,1,292,0.003424658,45,,
Mr. Goodbar,1,292,0.003424658,46,,
nerds,2,292,0.006849315,47,,
Nerds,1,292,0.003424658,47,,
"no clue, probably something sweet and moderately tart",1,292,0.003424658,48,,
Not sure,1,292,0.003424658,49,,
Now and laters,2,292,0.006849315,50,,
Nutrageous,1,292,0.003424658,51,,
Peanut butter cups,3,292,0.010273973,52,,
Peanut butter kisses,2,292,0.006849315,53,,
Peanut butter logs,1,292,0.003424658,54,,
Peanut M and M s,1,292,0.003424658,55,,
Peanut toffee,1,292,0.003424658,56,,
Pixie stix,1,292,0.003424658,57,,
Red licorice ,1,292,0.003424658,58,,
Reece's,1,292,0.003424658,59,,
Reece's peanut butter cups,1,292,0.003424658,60,,
Reece’s ,1,292,0.003424658,59,,
Reeces,2,292,0.006849315,59,,
reeces,1,292,0.003424658,59,,
Reese,2,292,0.006849315,59,,
Reese cups,2,292,0.006849315,61,,
Reese peanut butter cup,1,292,0.003424658,60,,
Reese's,9,292,0.030821918,59,,
Reese's ,2,292,0.006849315,59,,
Reese's cups,3,292,0.010273973,61,,
Reese's cups or candy corn,1,292,0.003424658,62,,
reese's pb cups,1,292,0.003424658,60,,
Reese's peanut butter cups,4,292,0.01369863,60,,
Reese's Peanut Butter Cups,1,292,0.003424658,60,,
Reese’s,2,292,0.006849315,59,,
Reese’s ,1,292,0.003424658,59,,
Reese’s cups,2,292,0.006849315,61,,
Reese’s Cups,1,292,0.003424658,61,,
Reese’s or Nerds,1,292,0.003424658,62,,
Reese’s PB cups ,1,292,0.003424658,60,,
Reese’s peanut butter cups,1,292,0.003424658,60,,
Reeses,9,292,0.030821918,59,,
reeses,2,292,0.006849315,59,,
Reeses ,2,292,0.006849315,59,,
Reeses peanut butter cups,3,292,0.010273973,60,,
reeses peanut butter cups,1,292,0.003424658,60,,
Reeses peanut butter cups ,1,292,0.003424658,60,,
Reesse cups,1,292,0.003424658,61,,
Resse,1,292,0.003424658,59,,
Resse peanut butter cups,1,292,0.003424658,60,,
shock tarts,1,292,0.003424658,62,,
Sixlets,1,292,0.003424658,63,,
"Skittle, Twix, Milky Way",1,292,0.003424658,64,,
Skittles,6,292,0.020547945,65,,
Skittlez,1,292,0.003424658,65,,
Smarties,3,292,0.010273973,66,,
"smarties, candy corn",1,292,0.003424658,67,,
Snickers,13,292,0.044520548,68,,
snickers,3,292,0.010273973,68,,
Snickers ,2,292,0.006849315,68,,
Snickers bars,1,292,0.003424658,68,,
Snickers candy bars,1,292,0.003424658,68,,
sour gummy worms,1,292,0.003424658,69,,
Sour patch kids,1,292,0.003424658,70,,
Sour Patch Kids,1,292,0.003424658,70,,
Sweet tarts ,1,292,0.003424658,71,,
"The sugar-based ones, also butterfingers",1,292,0.003424658,72,,
Those individually wrapped twizzlers,1,292,0.003424658,73,,
Three Musketeers,2,292,0.006849315,74,,
three musketeers,1,292,0.003424658,74,,
Three musketeers,1,292,0.003424658,74,,
Tootsie Roll,1,292,0.003424658,75,,
Tootsie Rolls,1,292,0.003424658,75,,
Twix,6,292,0.020547945,76,,
twix,1,292,0.003424658,76,,
Twix and Snickers ,1,292,0.003424658,77,,
Twix or Butterfingers,1,292,0.003424658,78,,
twizzlers,1,292,0.003424658,79,,
Whoppers,1,292,0.003424658,80,,
whoppers,1,292,0.003424658,80,,