"In your own words, what would you call the part of the country you live in now?",times_entered,total,percent_of_entries,group,class
36758,1,2778,0.000359971,1,
west coast,14,2778,0.005039597,2,-1
West Coast,12,2778,0.004319654,2,1
West coast,9,2778,0.003239741,2,1
"""America"" ---  West Coast",1,2778,0.000359971,2,17
I live on the west coast.,1,2778,0.000359971,2,147
"Left coast, high taxes, corrupt government, illegal aliens",1,2778,0.000359971,2,1467
the West Coast,1,2778,0.000359971,2,18
The west coast,1,2778,0.000359971,2,18
The West Coast,1,2778,0.000359971,2,18
The West Coast.,1,2778,0.000359971,2,148
West Coast  SoCal  Southern California,1,2778,0.000359971,2,17
West coast.,1,2778,0.000359971,2,14
West Coast.  Left Wing radicals that have no clue of life and trying to mess up everything,1,2778,0.000359971,2,147
WestCoast,1,2778,0.000359971,2,14
WESTCOAST,1,2778,0.000359971,2,14
zdfhg,1,2778,0.000359971,3,
"a beautiful country where you have all seasons, hills, flowers, green grass, tall trees, rivers and streams.",1,2778,0.000359971,4,
Beautiful,1,2778,0.000359971,5,
"Beautiful and scenic, peaceful and calm. A poor area due to lack of industry but overall an excellent place to live.",1,2778,0.000359971,6,
Beautiful but cold,1,2778,0.000359971,7,
"Beautiful country, but can be extremely cold and extremely hot.",1,2778,0.000359971,8,
Beautiful dessert area.,1,2778,0.000359971,9,
Beautiful mountain town mixed with college town.,1,2778,0.000359971,10,
"Beautiful, mountainous, friendly, rural, woodsy.",1,2778,0.000359971,11,
"Beautiful, narrow-minded and disconnected",1,2778,0.000359971,12,
Beautiful Montana!,1,2778,0.000359971,13,47
Big Sky Country,1,2778,0.000359971,13,6
Central northern (Montana),1,2778,0.000359971,13,47
Montana,1,2778,0.000359971,13,-1
Buckeye country!,1,2778,0.000359971,14,-1
The Buckeye state,1,2778,0.000359971,14,68
A piece of Eden,1,2778,0.000359971,15,6
Heaven,1,2778,0.000359971,15,-1
"picturesque, brutal winter this year.",1,2778,0.000359971,16,
"Pretty scenery, filled with trashy shitty minded idiots.",1,2778,0.000359971,17,
Scenic,1,2778,0.000359971,18,
"Scenic, mostly progressive, beautiful, warm, friendly, coastal, temperate, wine country",1,2778,0.000359971,19,
the most beautiful place in the world,1,2778,0.000359971,20,
Wet but beautiful when the sun comes out,1,2778,0.000359971,21,
A community with a Bird Sanctuary that is on the outskirts of Denver.,1,2778,0.000359971,22,
A decent place to live in.,1,2778,0.000359971,23,
A great place to live.,1,2778,0.000359971,24,
"Best of the Midwest, Iowa.",1,2778,0.000359971,25,-1
I live in small town Iowa. Rumors travel faster than the people.  Everyone wants to leave but they're sucked in and can't.,1,2778,0.000359971,25,7
a great place to live in but for the high property taxs,1,2778,0.000359971,26,
best part of us,1,2778,0.000359971,27,
Great Lakes Region,4,2778,0.001439885,28,-1
Great Lakes,3,2778,0.001079914,28,7
Great Lakes area,2,2778,0.000719942,28,6
The Great Lakes Region,2,2778,0.000719942,28,8
Great lakes,1,2778,0.000359971,28,7
Great Lakes region,1,2778,0.000359971,28,1
Great lakes region,1,2778,0.000359971,28,1
Great Lakes Region.,1,2778,0.000359971,28,14
Great lakes.,1,2778,0.000359971,28,14
Lake region,1,2778,0.000359971,28,6
Mid-west/Great Lakes,1,2778,0.000359971,28,47
"Mid-Western, Great Lakes Region",1,2778,0.000359971,28,47
"Midwest, great lakes",1,2778,0.000359971,28,147
"Midwest, Great Lakes region",1,2778,0.000359971,28,147
The Great Lakes,1,2778,0.000359971,28,8
The Great Lakes region,1,2778,0.000359971,28,8
The Great Lakes Region.,1,2778,0.000359971,28,48
The Great Lakes State.,1,2778,0.000359971,28,48
Michigan,4,2778,0.001439885,29,-1
rural mid Michigan,1,2778,0.000359971,29,7
"The dirty ""mitten"" akaMichigan",1,2778,0.000359971,29,47
the mitten state,1,2778,0.000359971,29,6
Big Lake,1,2778,0.000359971,30,
"Detroit, Michigan, struggling but filled with residents that are survivors.   Cold",1,2778,0.000359971,31,
Livingston County,1,2778,0.000359971,32,
midwest...northern midwest...i live in northern michigan,1,2778,0.000359971,33,-1
Northern Michigan,1,2778,0.000359971,33,7
The woods near the beach on the southeastern coach of Lake Michigan,1,2778,0.000359971,34,
Warm & sunny most of the winter. Great birding areas particularly in winter - Florida. IN summer Michigan is sunny and lovely.,1,2778,0.000359971,35,
A little city with no windows or doors or at least this is how it feels if you don't conform,1,2778,0.000359971,36,
Midwest,487,2778,0.175305976,37,-1
midwest,170,2778,0.061195104,37,1
The Midwest,35,2778,0.012598992,37,8
the midwest,16,2778,0.005759539,37,8
The midwest,12,2778,0.004319654,37,8
Mid west,11,2778,0.003959683,37,14
mid west,10,2778,0.003599712,37,14
Mid-west,10,2778,0.003599712,37,14
MidWest,9,2778,0.003239741,37,14
Mid West,8,2778,0.00287977,37,14
Mid-West,8,2778,0.00287977,37,14
Midwest.,8,2778,0.00287977,37,14
the Midwest,8,2778,0.00287977,37,48
mid-west,5,2778,0.001799856,37,14
MIdwest,5,2778,0.001799856,37,1
MID WEST,3,2778,0.001079914,37,14
MIDWEST,3,2778,0.001079914,37,1
The Midwest.,3,2778,0.001079914,37,48
The midwest.,3,2778,0.001079914,37,48
midwesr,2,2778,0.000719942,37,2
Midwest urban,2,2778,0.000719942,37,8
Midwesterner,2,2778,0.000719942,37,2
The Heartland,2,2778,0.000719942,37,68
The Mid-West,2,2778,0.000719942,37,48
A Midwest city,1,2778,0.000359971,37,78
America's Heartland,1,2778,0.000359971,37,6
Great American Mid-West,1,2778,0.000359971,37,47
Great Midwest,1,2778,0.000359971,37,47
Heart of America,1,2778,0.000359971,37,67
heartbeat of america,1,2778,0.000359971,37,67
I guess Midwest.  Cant really think of any other name.,1,2778,0.000359971,37,7
I live in the Midwest part of the country,1,2778,0.000359971,37,7
I would call this middle area of the country the heartland.,1,2778,0.000359971,37,7
Ice tundra  actually Midwest,1,2778,0.000359971,37,7
Kind of midwest,1,2778,0.000359971,37,7
Liberal midwest,1,2778,0.000359971,37,7
MId West,1,2778,0.000359971,37,14
Mid West.,1,2778,0.000359971,37,14
Mid Westerner,1,2778,0.000359971,37,14
Mid Wst,1,2778,0.000359971,37,12
Mid-West.,1,2778,0.000359971,37,14
middle midwest,1,2778,0.000359971,37,12
Middle West,1,2778,0.000359971,37,14
"Mideastern, but that doesn't go over well. So, Midwestern.",1,2778,0.000359971,37,7
midewest,1,2778,0.000359971,37,2
midewest/south,1,2778,0.000359971,37,27
Midweat,1,2778,0.000359971,37,2
MIdWest,1,2778,0.000359971,37,1
Midwest farm country,1,2778,0.000359971,37,7
Midwest nonsense,1,2778,0.000359971,37,7
Midwest North America,1,2778,0.000359971,37,7
Midwest or Great Lakes,1,2778,0.000359971,37,7
Midwest or heartland,1,2778,0.000359971,37,7
Midwest rural,1,2778,0.000359971,37,7
Midwest rural and urban,1,2778,0.000359971,37,7
Midwest rural area,1,2778,0.000359971,37,7
midwest united states,1,2778,0.000359971,37,7
Midwest US,1,2778,0.000359971,37,7
Midwest USA,1,2778,0.000359971,37,7
"Midwest, on the edge of East",1,2778,0.000359971,37,7
Midwest. Fairly dull.,1,2778,0.000359971,37,7
Midwest. the frozen tundra,1,2778,0.000359971,37,7
Midwest. The Heartland,1,2778,0.000359971,37,7
Midwest. The Heartland.,1,2778,0.000359971,37,7
Midwest/ frozen tundra,1,2778,0.000359971,37,7
Midwest/central,1,2778,0.000359971,37,7
Midwest/Eastern.  Just East of the Mississippi should be  Mideastern.,1,2778,0.000359971,37,7
Midwest/Great Lakes,1,2778,0.000359971,37,7
Midwest/plains,1,2778,0.000359971,37,7
Midwester,1,2778,0.000359971,37,2
MIDwESTERN,1,2778,0.000359971,37,6
Midwestern,1,2778,0.000359971,37,6
Midwestern area big city,1,2778,0.000359971,37,67
Midwestern US,1,2778,0.000359971,37,67
MidwestxX,1,2778,0.000359971,37,2
midwwest,1,2778,0.000359971,37,2
nidwest,1,2778,0.000359971,37,2
north mid-west,1,2778,0.000359971,37,47
Rural Midwest,1,2778,0.000359971,37,7
the great midwest,1,2778,0.000359971,37,7
the heart land of America,1,2778,0.000359971,37,7
the Heartland,1,2778,0.000359971,37,6
The Mid-west,1,2778,0.000359971,37,48
the mid-west,1,2778,0.000359971,37,48
The mid-west,1,2778,0.000359971,37,48
"The Mid-West. The Heartland, The best location in the Nation.",1,2778,0.000359971,37,7
THE MIDWEST,1,2778,0.000359971,37,18
the midwest DUH,1,2778,0.000359971,37,7
The Midwest Region,1,2778,0.000359971,37,7
the midwest region.,1,2778,0.000359971,37,7
the midwest.,1,2778,0.000359971,37,7
The Rural Mid-West,1,2778,0.000359971,37,7
"The South, but I being so close to Missouri, I prefer midwest.",1,2778,0.000359971,37,7
Unique.  We experience the four seasons each year and each one is unique in its own way.  Beauty abounds in the Midwest.,1,2778,0.000359971,37,7
"urban/suburban, mid-western city",1,2778,0.000359971,37,7
"Western, Midwest, small city.",1,2778,0.000359971,37,7
Upper Midwest,26,2778,0.009359251,38,-1
upper midwest,10,2778,0.003599712,38,1
Upper midwest,10,2778,0.003599712,38,1
Upper mid-west,3,2778,0.001079914,38,14
Northern midwest,2,2778,0.000719942,38,16
Northern Midwest,2,2778,0.000719942,38,1
Upper MidWest,2,2778,0.000719942,38,1
North America  Mid West,1,2778,0.000359971,38,7
North Midwestern-scenic beauty,1,2778,0.000359971,38,7
Northern Mid West,1,2778,0.000359971,38,46
northern midwest,1,2778,0.000359971,38,46
The north midwest,1,2778,0.000359971,38,68
The upper Midwest,1,2778,0.000359971,38,68
The Upper Midwest,1,2778,0.000359971,38,68
upper mid west,1,2778,0.000359971,38,14
Upper mid west.,1,2778,0.000359971,38,14
upper mid-west,1,2778,0.000359971,38,14
Upper Mid-West,1,2778,0.000359971,38,14
Upper mid-west region of the united States,1,2778,0.000359971,38,147
upper midweat,1,2778,0.000359971,38,2
upper Midwest,1,2778,0.000359971,38,1
Upper MIdwest,1,2778,0.000359971,38,1
upper midwest tundra,1,2778,0.000359971,38,17
Upper Midwest.,1,2778,0.000359971,38,14
USA upper midwest,1,2778,0.000359971,38,17
South-Midwest,1,2778,0.000359971,39,-1
Southern Mid-West,1,2778,0.000359971,39,6
Southern Midwest,1,2778,0.000359971,39,6
Southern midwest,1,2778,0.000359971,39,6
Southwest Midwest,1,2778,0.000359971,39,6
Midwest - the corn belt,1,2778,0.000359971,40,-1
The Cornbelt,1,2778,0.000359971,40,78
A mix of urban and rural,1,2778,0.000359971,41,
Rural,8,2778,0.00287977,42,-1
rural,8,2778,0.00287977,42,1
A rural counytyside,1,2778,0.000359971,42,17
A rural farming area,1,2778,0.000359971,42,17
A southern rural community.,1,2778,0.000359971,42,17
Bucolic,1,2778,0.000359971,42,6
country,1,2778,0.000359971,42,6
Country,1,2778,0.000359971,42,6
Country living,1,2778,0.000359971,42,67
Country outside of Baltimoe,1,2778,0.000359971,42,67
countryside,1,2778,0.000359971,42,6
County,1,2778,0.000359971,42,6
Expensive and Entertainment Country.,1,2778,0.000359971,42,67
In the county,1,2778,0.000359971,42,67
rural-desert,1,2778,0.000359971,42,6
"Rural, city like",1,2778,0.000359971,42,67
"Rural, hickish crap.",1,2778,0.000359971,42,67
"Rural, small town, country",1,2778,0.000359971,42,67
Very Country,1,2778,0.000359971,42,67
Very rural and peaceful,1,2778,0.000359971,42,67
We live out in the country. No surrounding homes on 5 aches,1,2778,0.000359971,42,67
A shithole,1,2778,0.000359971,43,
a small town,1,2778,0.000359971,44,-1
small quaint town,1,2778,0.000359971,44,7
Small town,1,2778,0.000359971,44,8
Small village,1,2778,0.000359971,45,
"Small, rugged, and to find entertainment you have to leave travel a bit.",1,2778,0.000359971,46,
Colorado,5,2778,0.001799856,47,-1
Colorado!,2,2778,0.000719942,47,4
"a state, Colorado",1,2778,0.000359971,47,7
"Boulder, CO",1,2778,0.000359971,47,7
colorado,1,2778,0.000359971,47,1
Colorado mountains,1,2778,0.000359971,47,7
Colorado/West,1,2778,0.000359971,47,7
Denver... Mountains... Colorado,1,2778,0.000359971,47,7
It is the United States in Colorado,1,2778,0.000359971,47,7
"Laid back, gorgeous, home! Colorado's the best state to live in!",1,2778,0.000359971,47,7
"Rural, Western Colorado",1,2778,0.000359971,47,7
Southeast Colorado,1,2778,0.000359971,47,7
Western Slope of the Rockies of Colorado,1,2778,0.000359971,47,7
Wonderful weather Colorado,1,2778,0.000359971,47,7
Chicago,2,2778,0.000719942,48,-1
Chicagoland,2,2778,0.000719942,48,7
"a suburban area of Chicago, definetely in the midwest",1,2778,0.000359971,48,7
chicagoland,1,2778,0.000359971,48,7
Midwest- Chicago,1,2778,0.000359971,48,7
South Chicago suburbs,1,2778,0.000359971,48,7
Suburban Chicago,1,2778,0.000359971,48,7
A taxpayers hell,1,2778,0.000359971,49,
Suburban,2,2778,0.000719942,50,-1
suburbia,2,2778,0.000719942,50,6
Suburbs,1,2778,0.000359971,50,8
suburbs,1,2778,0.000359971,50,8
"A verdant little bit of suburbia in the best possible way. A safe haven for former hippies and families with dogs, there are as many trees as there are people in this East Coast town.",1,2778,0.000359971,51,
al giza,1,2778,0.000359971,52,
Alaska,2,2778,0.000719942,53,-1
"Northern climate, Alaska",1,2778,0.000359971,53,7
The Eastern Alaska,1,2778,0.000359971,53,7
West chester,1,2778,0.000359971,54,
USA,5,2778,0.001799856,55,-1
usa,3,2778,0.001079914,55,1
United States,2,2778,0.000719942,55,3
America,1,2778,0.000359971,55,3
THE UNITED STATES,1,2778,0.000359971,55,38
The United States,1,2778,0.000359971,55,138
U.S.A.,1,2778,0.000359971,55,4
United state of America,1,2778,0.000359971,55,3
united states,1,2778,0.000359971,55,3
united States,1,2778,0.000359971,55,3
United States of America,1,2778,0.000359971,55,3
US,1,2778,0.000359971,55,3
Usa,1,2778,0.000359971,55,1
God' Country,1,2778,0.000359971,56,-1
God's country,1,2778,0.000359971,56,6
God's Country,1,2778,0.000359971,56,6
Gods country,1,2778,0.000359971,56,6
Gods Country....,1,2778,0.000359971,56,6
Land - O - The mo's!,1,2778,0.000359971,57,6
Land of Opportunity,1,2778,0.000359971,58,6
Promise Land,1,2778,0.000359971,59,6
South,53,2778,0.019078474,60,-1
The South,24,2778,0.008639309,60,8
south,12,2778,0.004319654,60,1
The south,7,2778,0.002519798,60,18
the South,5,2778,0.001799856,60,8
Southern,2,2778,0.000719942,60,6
southern,2,2778,0.000719942,60,6
the south,2,2778,0.000719942,60,8
American south,1,2778,0.000359971,60,6
Dirty south,1,2778,0.000359971,60,7
I would call it the South to Southwest.,1,2778,0.000359971,60,7
"In the sticks, in the south",1,2778,0.000359971,60,7
partial South but not deep South.,1,2778,0.000359971,60,7
rural south,1,2778,0.000359971,60,7
So far South you're starting to head North again.,1,2778,0.000359971,60,7
SOME WHAT SOUTHERN,1,2778,0.000359971,60,7
South or mid-south,1,2778,0.000359971,60,7
South US,1,2778,0.000359971,60,6
Southern America,1,2778,0.000359971,60,6
Southern country,1,2778,0.000359971,60,6
southern peninsula,1,2778,0.000359971,60,7
Southern US,1,2778,0.000359971,60,6
The dirty south,1,2778,0.000359971,60,7
The Regressive South,1,2778,0.000359971,60,7
The south.,1,2778,0.000359971,60,48
an island,1,2778,0.000359971,61,-1
"I live on an island in the Pacific Ocean.  Pacific.  Way, way west.   Tropical.",1,2778,0.000359971,61,7
island,1,2778,0.000359971,61,8
tropical island,1,2778,0.000359971,61,7
Appalachia,4,2778,0.001439885,62,-1
Appalacha,1,2778,0.000359971,62,2
Central Appalachia,1,2778,0.000359971,62,7
Mid-eastern appalachia,1,2778,0.000359971,62,7
"North East, near the Appalachian Trail and Ohio River.",1,2778,0.000359971,63,
Deep South,3,2778,0.001079914,64,-1
The Deep South,2,2778,0.000719942,64,8
deep south,1,2778,0.000359971,64,1
Southeasters United States or the Deep South,1,2778,0.000359971,64,7
North east/Appalachian mountain region,1,2778,0.000359971,65,-1
northeast Pa,1,2778,0.000359971,65,7
"northeast PA. rural, on the edge of the appalachians",1,2778,0.000359971,65,7
Northeast or philadelphia,1,2778,0.000359971,66,
"The south or southeast.  Also, of  course, Appalachia.",1,2778,0.000359971,67,
arizona,1,2778,0.000359971,68,
Atlantic region,1,2778,0.000359971,69,-1
Atlantic States region--Northeast,1,2778,0.000359971,69,7
northeast atlantic,1,2778,0.000359971,69,7
average,1,2778,0.000359971,70,
"awful, flat, ugly",1,2778,0.000359971,71,
Backwards,1,2778,0.000359971,72,-1
Backwoods,1,2778,0.000359971,72,2
Very rural red neck backwoods america.,1,2778,0.000359971,72,7
busy & popular,1,2778,0.000359971,73,
Southern California,13,2778,0.004679626,74,-1
Sunny Southern California,2,2778,0.000719942,74,7
Great weather here in Southern California,1,2778,0.000359971,74,7
SoCal,1,2778,0.000359971,74,3
Southern california,1,2778,0.000359971,74,1
southern california,1,2778,0.000359971,74,1
SOUTHERN CALIFORNIA,1,2778,0.000359971,74,1
"Southern California, West Coast",1,2778,0.000359971,74,7
Southern clifornia,1,2778,0.000359971,74,2
"Sunny, southern Ca.",1,2778,0.000359971,74,37
California,9,2778,0.003239741,75,-1
CA,2,2778,0.000719942,75,3
Sunny California,2,2778,0.000719942,75,7
Ca,1,2778,0.000359971,75,3
california,1,2778,0.000359971,75,1
CALIFORNIA,1,2778,0.000359971,75,1
California foothills,1,2778,0.000359971,75,7
Golden State. The best in the Country.,1,2778,0.000359971,75,7
Northern California,8,2778,0.00287977,76,-1
Central California,1,2778,0.000359971,76,7
Northern California/West Coast,1,2778,0.000359971,76,7
Bad,1,2778,0.000359971,77,
"Mojave Desert, California",1,2778,0.000359971,78,
badlands,1,2778,0.000359971,79,
Canada,1,2778,0.000359971,80,
Barren and very boring for someone in their early twenties,1,2778,0.000359971,81,
Cape Cod,1,2778,0.000359971,82,
Bay Area,2,2778,0.000719942,83,-1
San Francisco Bay Area,2,2778,0.000719942,83,7
The Bay Area,1,2778,0.000359971,83,8
the bay area,1,2778,0.000359971,83,18
The BAy Area (northern California),1,2778,0.000359971,83,18
Carolina coast,1,2778,0.000359971,84,
Monterey Bay Area,1,2778,0.000359971,85,
North Carolina,1,2778,0.000359971,86,
Sf,1,2778,0.000359971,87,
Silicon Valley,1,2778,0.000359971,88,
South Carolina,1,2778,0.000359971,89,-1
The Lowcountry,1,2778,0.000359971,89,6
Central,4,2778,0.001439885,90,-1
central,4,2778,0.001439885,90,1
Central US,2,2778,0.000719942,90,7
central usa,2,2778,0.000719942,90,7
middle,2,2778,0.000719942,90,6
Middle America,2,2778,0.000719942,90,6
CENTRAL,1,2778,0.000359971,90,1
Central or midwest,1,2778,0.000359971,90,7
central part of US,1,2778,0.000359971,90,7
Central to the united states .,1,2778,0.000359971,90,7
Central United States,1,2778,0.000359971,90,7
Central united States,1,2778,0.000359971,90,7
central us,1,2778,0.000359971,90,7
Mid-America,1,2778,0.000359971,90,6
middle America,1,2778,0.000359971,90,6
"middle america; large town, small city",1,2778,0.000359971,90,67
A grievously sad and sorry excuse for what the locals think of as a modern world.,1,2778,0.000359971,91,-1
Beachy,1,2778,0.000359971,91,7
central atlantic,1,2778,0.000359971,92,
Bluegrass region of Kentucky,1,2778,0.000359971,93,
Central Eastern,1,2778,0.000359971,94,-1
North Eastern Kentucky,1,2778,0.000359971,94,7
rural eastern ky,1,2778,0.000359971,95,
south central kentucky,1,2778,0.000359971,96,-1
South Central Kentucky,1,2778,0.000359971,96,1
western Kentucky,1,2778,0.000359971,97,
Florida,4,2778,0.001439885,98,-1
Florida?,1,2778,0.000359971,98,4
"Paradise, Florida is amazing",1,2778,0.000359971,98,47
Sunny Florida,1,2778,0.000359971,98,7
Border state between N & S,1,2778,0.000359971,99,
Central Florida,1,2778,0.000359971,100,
South Florida,1,2778,0.000359971,101,-1
south florida,1,2778,0.000359971,101,1
South florida,1,2778,0.000359971,101,1
South Florida where the sun always shines,1,2778,0.000359971,101,7
Sunny south fl,1,2778,0.000359971,101,37
SOUTHEAST FLORIDA,1,2778,0.000359971,102,
Southwest Florida,1,2778,0.000359971,103,
Boring,2,2778,0.000719942,104,-1
boring,1,2778,0.000359971,104,1
"Boring, hilly, cold, the Nasty Nati",1,2778,0.000359971,105,
Central illinois,1,2778,0.000359971,106,-1
Central Illinois (the Midwest),1,2778,0.000359971,106,7
mid-West / central Illinois,1,2778,0.000359971,106,7
"I live in Illinois, and wish I was young enough to take up my roots and move elsewhere. Politically possibilly the worst state you can live in!",1,2778,0.000359971,107,
Southern Illinois,1,2778,0.000359971,108,-1
Southern Illinois/Midwest,1,2778,0.000359971,108,7
"CENTRAL LAWTON,OKLAHOM",1,2778,0.000359971,109,
ok,1,2778,0.000359971,110,-1
Oklahoma,1,2778,0.000359971,110,3
South-Central  (Oklahoma)/Midwest,1,2778,0.000359971,110,37
"Southern Mid-West, The ""Bible Belt,"" Oklahoma",1,2778,0.000359971,110,37
Central midwest,1,2778,0.000359971,111,-1
central midwest,1,2778,0.000359971,111,1
"central midwest. Entrance to the Ozarks. one of the most beautiful parts of our country with all seasons, flats, hills, trees, flowers, rivers, lakes. has everything you could want.",1,2778,0.000359971,111,17
New York City,2,2778,0.000719942,112,-1
"New York City, a city-state a la Athens. For people who don't know what that means, I'd say Mid-Atlantic",1,2778,0.000359971,112,7
"New York City, the east, the east coast",1,2778,0.000359971,112,7
North East Cost or The Big Apple,1,2778,0.000359971,112,67
The Big Apple,1,2778,0.000359971,112,6
The greatest aka NYC!,1,2778,0.000359971,112,37
Upstate New York,2,2778,0.000719942,113,-1
Upstate NY,2,2778,0.000719942,113,3
"The Northeast.  More specifically, Upstate New York",1,2778,0.000359971,113,37
Central New York,1,2778,0.000359971,114,
Hickville USA,1,2778,0.000359971,115,
NEW YORK,1,2778,0.000359971,116,-1
new york,1,2778,0.000359971,116,1
New York,1,2778,0.000359971,116,1
New York/Northeast,1,2778,0.000359971,116,17
northern New York,1,2778,0.000359971,117,
tri-state,2,2778,0.000719942,118,-1
Ny tri state area,1,2778,0.000359971,118,7
The tri-state area,1,2778,0.000359971,118,7
Tri-state area.,1,2778,0.000359971,118,14
western NY or the northeast,1,2778,0.000359971,119,
Central Pennsylvania,2,2778,0.000719942,120,
Northeastern Pennsylvania,2,2778,0.000719942,121,-1
North East Pennsylvania,1,2778,0.000359971,121,46
Western Pennsylvania,2,2778,0.000719942,122,-1
Western PA,1,2778,0.000359971,122,3
western PA,1,2778,0.000359971,122,13
East Central Pennsylvania,1,2778,0.000359971,123,
Eastern Pa,1,2778,0.000359971,124,-1
eastern pennsylvania,1,2778,0.000359971,124,13
Lancaster,1,2778,0.000359971,125,
McCandless Township,1,2778,0.000359971,126,
North Central Pa.,1,2778,0.000359971,127,
Pennsylvania,1,2778,0.000359971,128,
pitts,1,2778,0.000359971,129,-1
Pittsburgh,1,2778,0.000359971,129,13
rural northwestern Pennsylvania,1,2778,0.000359971,130,
Rural Pennsylvania,1,2778,0.000359971,131,
South Central Pennsylvania,1,2778,0.000359971,132,-1
south central Pennsylvania,1,2778,0.000359971,132,1
South Philly,1,2778,0.000359971,133,
Southeast Pa,1,2778,0.000359971,134,
Southwest pennsylvania,1,2778,0.000359971,135,-1
southwestern pennsylvania,1,2778,0.000359971,135,16
the suburbs of philadelphia,1,2778,0.000359971,136,
Central South,2,2778,0.000719942,137,-1
Central Southern,1,2778,0.000359971,137,6
mid-south,4,2778,0.001439885,138,-1
Mid South,2,2778,0.000719942,138,14
Mid-South,2,2778,0.000719942,138,14
Central States or Mid South,1,2778,0.000359971,138,147
Mid south,1,2778,0.000359971,138,14
mid south,1,2778,0.000359971,138,4
Mid-south,1,2778,0.000359971,138,1
midsouth,1,2778,0.000359971,138,4
"The South, Mid-South, actually.",1,2778,0.000359971,138,17
Texas,14,2778,0.005039597,139,-1
texas,2,2778,0.000719942,139,1
Texan,1,2778,0.000359971,139,6
TEXAS,1,2778,0.000359971,139,1
"Texas where everything is bigger, better, and more friendly than most states.",1,2778,0.000359971,139,17
TEXAS!,1,2778,0.000359971,139,14
Texas.,1,2778,0.000359971,139,4
"The south, or maybe just Texas since its really more western than southern",1,2778,0.000359971,139,7
Central Texas,1,2778,0.000359971,140,
"Dallas, TX USA",1,2778,0.000359971,141,
East Texas,1,2778,0.000359971,142,
NORTH CENTRAL TEXAS,1,2778,0.000359971,143,
South Texas,1,2778,0.000359971,144,-1
The South. Texas,1,2778,0.000359971,144,48
Southeast Texas,1,2778,0.000359971,145,-1
Texas  southeast,1,2778,0.000359971,145,5
City,2,2778,0.000719942,146,-1
city,2,2778,0.000719942,146,1
metropolitan area or city,1,2778,0.000359971,146,7
Mid-sized Southern city,1,2778,0.000359971,146,7
The City,1,2778,0.000359971,146,8
Mix of city and woods.,1,2778,0.000359971,147,
to close to the city,1,2778,0.000359971,148,
coastal,2,2778,0.000719942,149,
New England,44,2778,0.015838733,150,-1
new england,5,2778,0.001799856,150,1
New england,2,2778,0.000719942,150,1
Northern New England,3,2778,0.001079914,151,
Coastal New England,1,2778,0.000359971,152,
North east. New England,1,2778,0.000359971,153,-1
"NorthEast, New England",1,2778,0.000359971,153,14
cold,7,2778,0.002519798,154,-1
Cold,7,2778,0.002519798,154,1
COLD,2,2778,0.000719942,154,1
Cold closed,1,2778,0.000359971,154,17
Cold small town,1,2778,0.000359971,154,17
Cold weather,1,2778,0.000359971,154,17
"Cold,",1,2778,0.000359971,154,14
"Cold, but love the season, diversity and family-friendly environment.",1,2778,0.000359971,154,17
"cold, expensive and limiting.",1,2778,0.000359971,154,17
"Cold,bleak and weary.",1,2778,0.000359971,154,17
"flat, cold, no trees, western people",1,2778,0.000359971,154,7
frigid,1,2778,0.000359971,154,6
Frigid and liberal,1,2778,0.000359971,154,67
Very cold,1,2778,0.000359971,154,6
Very Cold,1,2778,0.000359971,154,6
"windy, western, cold, home",1,2778,0.000359971,154,7
Snowy,2,2778,0.000719942,155,-1
Depressed,1,2778,0.000359971,155,6
depressed,1,2778,0.000359971,155,6
"Depressing, cold, cloudy, snowy",1,2778,0.000359971,155,67
Northeast,104,2778,0.037437005,156,-1
northeast,42,2778,0.01511879,156,1
North East,19,2778,0.006839453,156,14
north east,8,2778,0.00287977,156,14
The Northeast,8,2778,0.00287977,156,8
North east,6,2778,0.002159827,156,4
Northeastern,6,2778,0.002159827,156,6
The northeast,3,2778,0.001079914,156,18
ne,2,2778,0.000719942,156,3
North East USA,2,2778,0.000719942,156,7
north eastern,2,2778,0.000719942,156,6
NORTHEAST,2,2778,0.000719942,156,1
NorthEast,2,2778,0.000719942,156,1
Northeastern United States,2,2778,0.000719942,156,7
The Northeast.,2,2778,0.000719942,156,48
COLD  NORTHEAST,1,2778,0.000359971,156,7
Country suburban city life depends on where you live and which way you travel. The northeast,1,2778,0.000359971,156,78
N.E.,1,2778,0.000359971,156,3
norhteast,1,2778,0.000359971,156,2
Norhteast,1,2778,0.000359971,156,2
North East (hell),1,2778,0.000359971,156,17
North east mid west,1,2778,0.000359971,156,147
NORTH EASTERN,1,2778,0.000359971,156,146
North eastern United States,1,2778,0.000359971,156,167
North eastern US,1,2778,0.000359971,156,167
North-east,1,2778,0.000359971,156,14
"northeast (that's because I just moved to philadelphia, but I moved here from Cleveland, OH which is definitely Midwest)",1,2778,0.000359971,156,17
Northeast Region,1,2778,0.000359971,156,17
Northeast US,1,2778,0.000359971,156,17
Northeast USA,1,2778,0.000359971,156,17
"Northeast, lived in Nebraska for 25 years.",1,2778,0.000359971,156,17
northeastern,1,2778,0.000359971,156,16
Northeastern Midwest.,1,2778,0.000359971,156,167
Northeastern usa,1,2778,0.000359971,156,167
rural northeast,1,2778,0.000359971,156,7
The North East,1,2778,0.000359971,156,18
The north east,1,2778,0.000359971,156,8
the north east,1,2778,0.000359971,156,8
the northeast,1,2778,0.000359971,156,8
The northeast.,1,2778,0.000359971,156,48
The Northeast. Or the mid atlantic states.,1,2778,0.000359971,156,478
US NorthEast,1,2778,0.000359971,156,147
Northeast shore,2,2778,0.000719942,157,
Conservative,1,2778,0.000359971,158,
Corn,1,2778,0.000359971,159,
Cracking and coal,1,2778,0.000359971,160,
DC Metro area,1,2778,0.000359971,161,-1
DC/MD/VA area,1,2778,0.000359971,161,7
"The Washington, DC Metro area",1,2778,0.000359971,161,7
Washington DC suburb,1,2778,0.000359971,162,-1
Washington suburbs,1,2778,0.000359971,162,7
"Washington, DC",1,2778,0.000359971,162,47
Pacific Northwest,32,2778,0.011519078,163,-1
Pacific northwest,4,2778,0.001439885,163,1
The Pacific Northwest,2,2778,0.000719942,163,8
Pacific North West,1,2778,0.000359971,163,14
PACIFIC NORTH WEST,1,2778,0.000359971,163,14
pacific northwest,1,2778,0.000359971,163,1
"Pacific Northwest, Cascadia",1,2778,0.000359971,163,147
"Pacific Northwest, more specifically, Central Oregon High Desert",1,2778,0.000359971,163,147
Pacific Northwest.,1,2778,0.000359971,163,4
Pacific Northwestner,1,2778,0.000359971,163,6
Pacific NW,1,2778,0.000359971,163,3
Northwest,12,2778,0.004319654,164,-1
northwest,7,2778,0.002519798,164,1
North west,4,2778,0.001439885,164,14
North West,2,2778,0.000719942,164,14
NW,2,2778,0.000719942,164,3
God's country(northwest us),1,2778,0.000359971,164,17
north west,1,2778,0.000359971,164,14
north western us,1,2778,0.000359971,164,467
Northwest country,1,2778,0.000359971,164,7
Northwestern,1,2778,0.000359971,164,6
nw,1,2778,0.000359971,164,3
te northwest,1,2778,0.000359971,164,28
The beautiful Northwest of the United States.,1,2778,0.000359971,164,7
The North West,1,2778,0.000359971,164,148
THE NORTHWEST,1,2778,0.000359971,164,148
Desert Northwest,1,2778,0.000359971,165,
Eastern Pacific Northwest,1,2778,0.000359971,166,
Inland Northwest,1,2778,0.000359971,167,
Southwest,36,2778,0.012958963,168,-1
southwest,15,2778,0.005399568,168,1
The southwest,2,2778,0.000719942,168,18
The Southwest,2,2778,0.000719942,168,18
Southwest United States,1,2778,0.000359971,168,7
"Southwest, suburban",1,2778,0.000359971,168,7
Southwestern,1,2778,0.000359971,168,6
the Southwest,1,2778,0.000359971,168,8
the southwest,1,2778,0.000359971,168,18
Desert Southwest,1,2778,0.000359971,169,-1
"Desert Southwest with inability to leave area without having to suspend Bill of Rights of U.S. Constitution by being forced to go through Border Patrol/Customs/Immigration checkpoints through any means of transportation (automobile, rail, aviation, on foot.)",1,2778,0.000359971,169,7
High Southwestern Desert.,1,2778,0.000359971,169,7
Southwest coastal,1,2778,0.000359971,170,
Pacific Southwest,1,2778,0.000359971,171,-1
southwestern pacific,1,2778,0.000359971,171,5
West,36,2778,0.012958963,172,-1
west,8,2778,0.00287977,172,1
The west,7,2778,0.002519798,172,18
The West,7,2778,0.002519798,172,8
the west,3,2778,0.001079914,172,18
Western,2,2778,0.000719942,172,6
Western United States,2,2778,0.000719942,172,67
WESTERN USA,2,2778,0.000719942,172,67
I live out in the west.,1,2778,0.000359971,172,7
The west.,1,2778,0.000359971,172,48
western,1,2778,0.000359971,172,6
Western part of U.S.,1,2778,0.000359971,172,67
WESTERN REGION,1,2778,0.000359971,172,67
Western States,1,2778,0.000359971,172,67
Western U.S.,1,2778,0.000359971,172,67
Western United Sates,1,2778,0.000359971,172,67
Western USA,1,2778,0.000359971,172,67
western USA,1,2778,0.000359971,172,67
desert west,1,2778,0.000359971,173,
Far West,1,2778,0.000359971,174,-1
The far west.,1,2778,0.000359971,174,48
Interior west,1,2778,0.000359971,175,
Near West,1,2778,0.000359971,176,
Mountain West,3,2778,0.001079914,177,-1
Mountain west,2,2778,0.000719942,177,1
mountain west,2,2778,0.000719942,177,1
Mountain region - West,1,2778,0.000359971,177,7
the Mountain west,1,2778,0.000359971,177,18
The Wild West,1,2778,0.000359971,178,-1
Widwest,1,2778,0.000359971,178,48
Don't know,1,2778,0.000359971,179,-1
not sure,1,2778,0.000359971,179,6
DORMONT,2,2778,0.000719942,180,
drab,1,2778,0.000359971,181,
East,12,2778,0.004319654,182,-1
Eastern,8,2778,0.00287977,182,6
east,5,2778,0.001799856,182,1
eastern,3,2778,0.001079914,182,16
Eastern United States,3,2778,0.001079914,182,7
The East,2,2778,0.000719942,182,8
The east.,2,2778,0.000719942,182,48
EAST,1,2778,0.000359971,182,1
"East, great lakes area of the US",1,2778,0.000359971,182,7
Eastern U.S.,1,2778,0.000359971,182,67
eastern usa,1,2778,0.000359971,182,67
Eastern with lake effect weather.,1,2778,0.000359971,182,67
great country side of white plain eastern usa,1,2778,0.000359971,182,67
in the East,1,2778,0.000359971,182,7
East Coast,11,2778,0.003959683,183,-1
East coast,10,2778,0.003599712,183,1
east coast,9,2778,0.003239741,183,1
"East coast with a mix of country side, suburban neighborhoods, and cities.  All of this can be found within a two hour radius of where I live.",1,2778,0.000359971,183,17
east coast/ mid atlantic,1,2778,0.000359971,183,17
The East Coast,1,2778,0.000359971,183,8
East/Central,1,2778,0.000359971,184,
Mid-East,3,2778,0.001079914,185,-1
Mid East,2,2778,0.000719942,185,4
Eastern midwest,1,2778,0.000359971,186,
The polluted capitol of the West,1,2778,0.000359971,187,
Mid eastern coastal,1,2778,0.000359971,188,
mid-east,1,2778,0.000359971,189,-1
Mid-east,1,2778,0.000359971,189,1
Middle east,1,2778,0.000359971,189,46
Mideast,1,2778,0.000359971,189,14
mideast,1,2778,0.000359971,189,4
"The area is more rural, but very close to several "" large "" cities. I consider the region as Mid Eastern",1,2778,0.000359971,189,146
East central USA,1,2778,0.000359971,190,
Southeast,39,2778,0.014038877,191,-1
southeast,13,2778,0.004679626,191,1
South east,4,2778,0.001439885,191,4
The Southeast,4,2778,0.001439885,191,8
south east,2,2778,0.000719942,191,14
South East,2,2778,0.000719942,191,14
Southeastern,2,2778,0.000719942,191,6
southeastern,2,2778,0.000719942,191,16
The southeast,2,2778,0.000719942,191,8
rural southeast,1,2778,0.000359971,191,8
SE,1,2778,0.000359971,191,3
SE. Country,1,2778,0.000359971,191,37
Sourheast,1,2778,0.000359971,191,2
South eastern,1,2778,0.000359971,191,4
South eastern United States,1,2778,0.000359971,191,47
"SouthEast beautiful, mountainous",1,2778,0.000359971,191,17
Southeast USA,1,2778,0.000359971,191,7
Southeastern U.S.,1,2778,0.000359971,191,67
Southeastern United States of America,1,2778,0.000359971,191,67
Suthe eastern US,1,2778,0.000359971,191,27
The South-East,1,2778,0.000359971,191,48
the southeast,1,2778,0.000359971,191,18
The Southeast.,1,2778,0.000359971,191,148
east north central,2,2778,0.000719942,192,-1
northeast central north america,1,2778,0.000359971,192,7
extreme southeast,1,2778,0.000359971,193,
South or Southeastern,1,2778,0.000359971,194,
Fairfax County,1,2778,0.000359971,195,
Fantastic!,1,2778,0.000359971,196,
Flyover country,2,2778,0.000719942,197,-1
Fly over,1,2778,0.000359971,197,47
fly over country!!,1,2778,0.000359971,197,147
North,6,2778,0.002159827,198,-1
North America,2,2778,0.000719942,198,7
northern,2,2778,0.000719942,198,7
Frozen North,1,2778,0.000359971,198,7
north,1,2778,0.000359971,198,1
north america,1,2778,0.000359971,198,7
Northern America,1,2778,0.000359971,198,7
Northern us,1,2778,0.000359971,198,7
WAY North ;),1,2778,0.000359971,198,7
"girls, trucks and beer bitch",1,2778,0.000359971,199,
Glober atlanta,1,2778,0.000359971,200,
"4 seasons , next to the ocean with a colonial flare",1,2778,0.000359971,201,
ALL FOUR SEASONS ARE NICE BUT THIS WINTER IS THE MOST BRUTAL ONE YET,1,2778,0.000359971,202,
Good place to live .,1,2778,0.000359971,203,
Good place to live. Has a nice clear difference in all four seasons.,1,2778,0.000359971,204,
"Has it all!  Spring, summer, fall and winter all offer things to do.",1,2778,0.000359971,205,
"The greatest part of the country. Always something to do. The climate is just right, alm,ost always. Four definite but fairly mild seasons compared to the rest of the country.",1,2778,0.000359971,206,
great,3,2778,0.001079914,207,-1
Great,1,2778,0.000359971,207,1
Central plains,2,2778,0.000719942,208,-1
central plains,1,2778,0.000359971,208,1
high plains,2,2778,0.000719942,209,
Northern Plains,2,2778,0.000719942,210,-1
Midwest/Northern Plains,1,2778,0.000359971,210,7
northern plains,1,2778,0.000359971,210,1
great plains,1,2778,0.000359971,211,-1
Great Plains,1,2778,0.000359971,211,1
Plains,1,2778,0.000359971,211,17
Plains state,1,2778,0.000359971,211,17
The Great Plains,1,2778,0.000359971,211,8
The Midwest/Great Plains,1,2778,0.000359971,211,7
Great Plains meet deciduous forest,1,2778,0.000359971,212,
Middle Plains,1,2778,0.000359971,213,
Southern Plains,1,2778,0.000359971,214,-1
southern plains,1,2778,0.000359971,214,1
The Upper Plains,1,2778,0.000359971,215,-1
Upper Plains,1,2778,0.000359971,215,8
Upper Plains States,1,2778,0.000359971,215,7
upper south,3,2778,0.001079914,216,-1
Green country -upper south,1,2778,0.000359971,216,7
The upper south,1,2778,0.000359971,216,8
Gulf Coast,1,2778,0.000359971,217,-1
the gulf coast,1,2778,0.000359971,217,18
hawaii,1,2778,0.000359971,218,-1
Hawaii,1,2778,0.000359971,218,1
Hawaii :),1,2778,0.000359971,218,17
He,1,2778,0.000359971,219,
Hell,2,2778,0.000719942,220,-1
hell,1,2778,0.000359971,220,1
High Desert,1,2778,0.000359971,221,-1
high desert,1,2778,0.000359971,221,1
High desert pacific new united syates,1,2778,0.000359971,222,
sonoran desert,1,2778,0.000359971,223,
The Desert,1,2778,0.000359971,224,
home,2,2778,0.000719942,225,-1
Home,1,2778,0.000359971,225,1
hoosier country,1,2778,0.000359971,226,
Indiana,1,2778,0.000359971,227,-1
"Midwest America, Indiana, USA,",1,2778,0.000359971,227,7
rural Indiana,1,2778,0.000359971,228,
Southern Indiana,1,2778,0.000359971,229,
Minnesota,3,2778,0.001079914,230,-1
Horrible winters here in MN and wonder every year why I am doing this?   The season changes are marvelous and we all appreciate them so much.,1,2778,0.000359971,230,37
Minne-snow-ta,1,2778,0.000359971,230,2
"Not the Midwest, but ""Minnesota"".  I don't consider MN 'west'.",1,2778,0.000359971,230,37
US - Minnesota,1,2778,0.000359971,230,7
nORTHERN mINNESOTA,1,2778,0.000359971,231,
"Hot, sorta uncomfortable, redneck, gun idiot to the max, religiously dark aged, stupid, head up their ass, could really do a better job at being human and needs better education.",1,2778,0.000359971,232,
Hype Park,1,2778,0.000359971,233,
"I live in the border between the South and the Midwest. Not totally Southern, not totally Midwestern.",1,2778,0.000359971,234,
"I live in the east coast part of NJ Somerset County, Franklin Township. I have lived here for 14 years",1,2778,0.000359971,235,
New Jersey,1,2778,0.000359971,236,-1
Northeastern United States (New Jersey),1,2778,0.000359971,236,7
the armpit of america,1,2778,0.000359971,236,6
The armpit of the nation.,1,2778,0.000359971,236,46
"Very expensive, but worth it (New Jersey).",1,2778,0.000359971,236,46
I travel throughout the USA and live at various Wal-Marts,1,2778,0.000359971,237,
I will call the The solitary streets,1,2778,0.000359971,238,
in a mess,1,2778,0.000359971,239,
Jersey Shore,1,2778,0.000359971,240,
jkjhj,1,2778,0.000359971,241,
Kansas,1,2778,0.000359971,242,
Landlocked,1,2778,0.000359971,243,
Limiting.,1,2778,0.000359971,244,
Little .Mexico,1,2778,0.000359971,245,
Little Siberia!,1,2778,0.000359971,246,
Living blue in a red state.,1,2778,0.000359971,247,
Lost,1,2778,0.000359971,248,
Lucky to live here,1,2778,0.000359971,249,
Merry Go Round of Weather!,1,2778,0.000359971,250,
Mid Atlantic,22,2778,0.007919366,251,-1
Mid-Atlantic,16,2778,0.005759539,251,4
mid atlantic,8,2778,0.00287977,251,1
mid-atlantic,6,2778,0.002159827,251,14
Middle Atlantic,4,2778,0.001439885,251,5
Mid atlantic,3,2778,0.001079914,251,1
Mid-atlantic,2,2778,0.000719942,251,14
Mid-Atlantic region,2,2778,0.000719942,251,47
Mid-Atlantic.,2,2778,0.000719942,251,4
Mid alantic,1,2778,0.000359971,251,14
Mid america,1,2778,0.000359971,251,7
mid atlantic mid west,1,2778,0.000359971,251,17
Mid Atlantic region,1,2778,0.000359971,251,7
Mid Atlantic Region,1,2778,0.000359971,251,7
Mid Atlantic states,1,2778,0.000359971,251,7
Mid Atlantic/North East,1,2778,0.000359971,251,7
mid-Atlantic,1,2778,0.000359971,251,14
mid-Atlantic state,1,2778,0.000359971,251,147
"Mid-Atlantic, inland",1,2778,0.000359971,251,147
Mid-Atlantice,1,2778,0.000359971,251,24
MidAtlantic,1,2778,0.000359971,251,4
midatlantic,1,2778,0.000359971,251,14
middle atlantic state,1,2778,0.000359971,251,7
the Mid-Atlantic region,1,2778,0.000359971,251,47
"the mid-Atlantic region...or else maybe ""D.C. suburbs""",1,2778,0.000359971,251,47
The midatlantic,1,2778,0.000359971,251,48
Mid-Atlantic Coast,1,2778,0.000359971,252,-1
mid-atlantic coastal area,1,2778,0.000359971,252,17
"Mid-Atlantic half the year, Texas the other half",1,2778,0.000359971,253,
Northern Mid Atlantic,1,2778,0.000359971,254,
middle of the north east,1,2778,0.000359971,255,
US Capital District of the Mid Atlantic Region,1,2778,0.000359971,256,
western mid atlantic,1,2778,0.000359971,257,
Mid Missouri,1,2778,0.000359971,258,
missiouri,1,2778,0.000359971,259,
Rural missouri,1,2778,0.000359971,260,
Southwest Missouri,1,2778,0.000359971,261,
mid states,1,2778,0.000359971,262,
Mid west or Central Western States,1,2778,0.000359971,263,
The middle of the middle,1,2778,0.000359971,264,
Mid-north,1,2778,0.000359971,265,
Ohio,8,2778,0.00287977,266,-1
ohio,1,2778,0.000359971,266,1
Ohio.,1,2778,0.000359971,266,4
Midwest - Northeast Ohio,1,2778,0.000359971,267,-1
Northeast Ohio,1,2778,0.000359971,267,7
Ohio Valley,1,2778,0.000359971,268,
Mormonville,1,2778,0.000359971,269,
Mountain States,2,2778,0.000719942,270,-1
Mountain states.,1,2778,0.000359971,270,14
mountan states,1,2778,0.000359971,270,1
mountain top - summit,1,2778,0.000359971,271,
Mountain town,1,2778,0.000359971,272,
mountain zone,1,2778,0.000359971,273,
Mountain/central/west,1,2778,0.000359971,274,-1
Mountains or west,1,2778,0.000359971,274,7
Mountains and river,1,2778,0.000359971,275,
mountains south west,1,2778,0.000359971,276,
"Mountains, beautiful.",1,2778,0.000359971,277,
North Central,4,2778,0.001439885,278,-1
north central,3,2778,0.001079914,278,1
North central,2,2778,0.000719942,278,1
n central,1,2778,0.000359971,278,13
North central America,1,2778,0.000359971,278,17
North Central States,1,2778,0.000359971,278,7
North Central/east,1,2778,0.000359971,278,7
Northern central,1,2778,0.000359971,278,161
Northcentral Midwest,1,2778,0.000359971,279,
NE TN,1,2778,0.000359971,280,
new and gleaming,2,2778,0.000719942,281,
New Mexico,1,2778,0.000359971,282,
"Nice place to raise a family. Not too much traffic. A little noisy at times. If you like diesel fumes, you'll love it hear.",1,2778,0.000359971,283,
North coast,1,2778,0.000359971,284,
Northeastern Wisconsin,1,2778,0.000359971,285,
Northern Wisconsin,1,2778,0.000359971,286,
Rural Wisconsin,1,2778,0.000359971,287,
"The mid-west. Specifically, Wisconsin.",1,2778,0.000359971,288,
Northern Rockies Region,1,2778,0.000359971,289,
Northern Virginia,2,2778,0.000719942,290,-1
Northern Virginia suburbs,1,2778,0.000359971,290,7
south central Virginia,1,2778,0.000359971,291,
southeast Virginia,1,2778,0.000359971,292,
Virginia,1,2778,0.000359971,293,
Virginia Piedmont,1,2778,0.000359971,294,
West Virginia,1,2778,0.000359971,295,-1
West Virginia or too close to Washington DC,1,2778,0.000359971,295,7
northwoods,1,2778,0.000359971,296,-1
Northwoods.,1,2778,0.000359971,296,14
NoVa on the east coast,1,2778,0.000359971,297,
"Okay, not to exciting.",1,2778,0.000359971,298,
One of the best places in te entire world,1,2778,0.000359971,299,
open,1,2778,0.000359971,300,
out of touch,1,2778,0.000359971,301,
Pacific Coast,3,2778,0.001079914,302,-1
Pacific,1,2778,0.000359971,302,7
Pacific Coast  South West United States,1,2778,0.000359971,302,7
Pacificp  ',1,2778,0.000359971,302,2
pacific west,1,2778,0.000359971,303,17
Paradise,3,2778,0.001079914,304,-1
paradise,1,2778,0.000359971,304,1
Pennsyltucky,1,2778,0.000359971,305,
Pleasant,1,2778,0.000359971,306,
PNW,1,2778,0.000359971,307,
Practically perfect,1,2778,0.000359971,308,
Raining city,1,2778,0.000359971,309,
Rednecksville,1,2778,0.000359971,310,
Rivirvue,1,2778,0.000359971,311,
rockies,1,2778,0.000359971,312,
Rocky Mountains,8,2778,0.00287977,313,-1
Rocky Mountain Region,4,2778,0.001439885,313,7
Rocky Mountain West,3,2778,0.001079914,313,7
Rocky Mountain,2,2778,0.000719942,313,8
I live in the Rocky Mountain region.,1,2778,0.000359971,313,7
mid West Rocky mountains,1,2778,0.000359971,313,17
Rocky Mountain foothills/ Midwest,1,2778,0.000359971,313,7
rocky mountains,1,2778,0.000359971,313,18
Lower North-East,1,2778,0.000359971,314,
Southern Rocky Mountains,1,2778,0.000359971,315,-1
Southwest or Rocky Mountains,1,2778,0.000359971,315,7
Ruff but wonderful,1,2778,0.000359971,316,
rural western Maine,1,2778,0.000359971,317,
Rust Belt,1,2778,0.000359971,318,-1
"The mid west, rust belt",1,2778,0.000359971,318,17
The midwest.  The rust belt.,1,2778,0.000359971,318,178
The midwest.  The rust belt.  The snow belt.,1,2778,0.000359971,319,
"Safe, mild expenses",1,2778,0.000359971,320,
Semi progressive. Safe. Artistic. Intelligent.,1,2778,0.000359971,321,
severely broken,1,2778,0.000359971,322,
Sleepless,1,2778,0.000359971,323,
Smack dab in the middle.,1,2778,0.000359971,324,
small country area in the southern part of Arkansas,1,2778,0.000359971,325,
snooty,1,2778,0.000359971,326,-1
snooty and unfriendly,1,2778,0.000359971,326,7
something related to the North Pole,1,2778,0.000359971,327,
South Atlantic,1,2778,0.000359971,328,
South Central,4,2778,0.001439885,329,-1
South central,3,2778,0.001079914,329,1
South Cental,1,2778,0.000359971,329,2
south central,1,2778,0.000359971,329,1
South Central U.S.,1,2778,0.000359971,329,7
South Central. Country,1,2778,0.000359971,329,7
South-Central Midwest,1,2778,0.000359971,329,47
south redneck heaven,1,2778,0.000359971,330,
Southeast Georgia,1,2778,0.000359971,331,
Southeast Idaho,1,2778,0.000359971,332,
"West, in southern Idaho",1,2778,0.000359971,333,
Spoiled,1,2778,0.000359971,334,
Sub Tropical,1,2778,0.000359971,335,
sunny,1,2778,0.000359971,336,-1
very sunny,1,2778,0.000359971,336,6
Sunshine State,1,2778,0.000359971,337,
The sunniest state in America,1,2778,0.000359971,338,
The best,2,2778,0.000719942,339,
The best evn climate. Not to hot or not to cold.,1,2778,0.000359971,340,
the best place to live.  Get to experience all the different climates.  Friendly people.  Reasonable cost of living.,1,2778,0.000359971,341,
The classiest part of the south.,1,2778,0.000359971,342,
"the country, south, but not rural",1,2778,0.000359971,343,
The Diverse part,1,2778,0.000359971,344,
The only semi-descent place to live in this country.,1,2778,0.000359971,345,
The subtropics,1,2778,0.000359971,346,
trashy and racist,1,2778,0.000359971,347,
U.S. Capitol,1,2778,0.000359971,348,
unstable,1,2778,0.000359971,349,
Up nort,1,2778,0.000359971,350,
"Upper Penninsula, Yoopers",1,2778,0.000359971,351,
Urban,2,2778,0.000719942,352,
Vermont is beautiful during all seasons.,1,2778,0.000359971,353,
VERY CHANGEABLE,1,2778,0.000359971,354,
WA,1,2778,0.000359971,355,
Weather Fabulous,1,2778,0.000359971,356,
Weird,1,2778,0.000359971,357,
South West,1,2778,0.000359971,358,-1
south west,1,2778,0.000359971,358,1
south west suburban,1,2778,0.000359971,358,17
South west United States,1,2778,0.000359971,358,17
Central Valley of California,1,2778,0.000359971,359,
"I'm move from Southeastern Kentucky to an area with decent roads,NO Coal Companies and where people can find decent paying jobs",1,2778,0.000359971,360,-1
"The Northeast or central New Jersey, sometimes South Central NJ, depending upon the 'scope' of the issue",1,2778,0.000359971,360,7
Delaware Valley in the Northeast,1,2778,0.000359971,361,-1
The northeastern part of the southern half of the North West,1,2778,0.000359971,361,7
Common sense people who live in reality and not fantasy!,1,2778,0.000359971,362,
the most beautiful desert in the world!,1,2778,0.000359971,363,