Breed_Description,times_entered,total,percent_of_entries,group,reason,group_new,class
Affenpinscher                                     ,4,82545,4.85E-05,34,ahi,1,
Affenpinscher                           ,2,82545,2.42E-05,34,ahi,1,4
Affenpinscher,1,82545,1.21E-05,34,ahi,1,4
Afghan                                  ,12,82545,0.000145375,267,ahi,2,
Afghan,3,82545,3.63E-05,267,ahi,2,4
Afghan Hound                                      ,10,82545,0.000121146,-1,zzz,3,
Airedale,1,82545,1.21E-05,-1,zzz,4,
Airedale Terrier,38,82545,0.000460355,237,ahi,5,
Airedale Terrier                        ,32,82545,0.000387667,237,ahi,5,4
Airedale Terrier                                  ,22,82545,0.000266521,237,ahi,5,4
AIREDALE TERRIER,4,82545,4.85E-05,237,ahi,5,1
Airedale Terrier Cross,1,82545,1.21E-05,-1,zzz,6,
Airedale Terrier X                                ,2,82545,2.42E-05,164,ahi,7,
Airedale Terrier X,1,82545,1.21E-05,164,ahi,7,4
Akita,85,82545,0.001029741,104,ahi,8,
Akita                                             ,55,82545,0.000666303,104,ahi,8,4
Akita                                   ,13,82545,0.00015749,104,ahi,8,4
Akita X,38,82545,0.000460355,152,ahi,9,
Akita X                                           ,31,82545,0.000375553,152,ahi,9,4
Alaskan Malamute                                  ,153,82545,0.001853534,175,ahi,10,
Alaskan Malamute,151,82545,0.001829305,175,ahi,10,4
Alaskan Malamute                        ,19,82545,0.000230177,175,ahi,10,4
Alaskan Malamute Cross,1,82545,1.21E-05,-1,zzz,11,
Alaskan Malamute X,52,82545,0.000629959,188,ahi,12,
Alaskan Malamute X                                ,43,82545,0.000520928,188,ahi,12,4
Alsatian,1,82545,1.21E-05,-1,zzz,13,
Alsatian X,1,82545,1.21E-05,-1,zzz,14,
Amer Staff Terrier                      ,56,82545,0.000678418,-1,zzz,15,
American  Pit Bull Terrier                        ,5,82545,6.06E-05,273,ahi,16,
American Pit Bull Terrier,2,82545,2.42E-05,273,ahi,16,4
American Bulldog,50,82545,0.00060573,98,ahi,17,
American Bull Dog,35,82545,0.000424011,98,ahi,17,14
American Bulldog                        ,15,82545,0.000181719,98,ahi,17,4
American Bull Mastiff,2,82545,2.42E-05,-1,zzz,18,
American Bull Terrier,11,82545,0.000133261,-1,zzz,19,
American Bulldog X,18,82545,0.000218063,-1,zzz,20,
American Cocker Spaniel,4,82545,4.85E-05,-1,zzz,21,
American Pit Bull,2,82545,2.42E-05,-1,zzz,22,
American Spoodle,1,82545,1.21E-05,-1,zzz,23,
American Staff X (listed as Am Pit Bull TerrierX) ,2,82545,2.42E-05,-1,zzz,24,
American Staffordshire Bull Terrier,249,82545,0.003016536,-1,zzz,25,
American Staffordshire Bull Terrier X,127,82545,0.001538555,-1,zzz,26,
American Staffordshire Terrier                    ,571,82545,0.006917439,72,ahi,27,
American Staffordshire Terrier,339,82545,0.004106851,72,ahi,27,4
AMERICAN STAFFORDSHIRE TERRIER,2,82545,2.42E-05,72,ahi,27,1
American Staffordshire Terrier Cross,121,82545,0.001465867,-1,zzz,28,
American Staffordshire Terrier X                  ,245,82545,0.002968078,-1,zzz,29,
Anatolian Shepherd Dog,2,82545,2.42E-05,500,zzz,30,
Anatolian Shephard Dog,1,82545,1.21E-05,500,zzz,30,4
Anatolian Shephard Dog Cross,1,82545,1.21E-05,-1,zzz,31,
Anotolian Shepherd,2,82545,2.42E-05,501,zzz,32,
Anatolian Shepherd                                ,1,82545,1.21E-05,501,zzz,32,4
Anatolian Shepherd Dog X,2,82545,2.42E-05,-1,zzz,33,
Anatolian Shepherd X                              ,2,82545,2.42E-05,-1,zzz,34,
Aust Bulldog,8,82545,9.69E-05,-1,zzz,35,
AUST CATTLE DOG CROSS,1,82545,1.21E-05,-1,zzz,36,
Aust Terrier Silky,5,82545,6.06E-05,-1,zzz,37,
Australian Bulldog,29,82545,0.000351324,-1,zzz,38,
Australian Bulldog - Miniature,5,82545,6.06E-05,-1,zzz,39,
Australian Cattle Dog                             ,470,82545,0.005693864,250,ahi,40,
Australian Cattle Dog,368,82545,0.004458174,250,ahi,40,4
Australian Cattle Dog                   ,35,82545,0.000424011,250,ahi,40,4
AUSTRALIAN CATTLE DOG,13,82545,0.00015749,250,ahi,40,1
Australian Cattle Dog Cross,33,82545,0.000399782,-1,zzz,41,
Australian Cattle Dog X                           ,584,82545,0.007074929,174,ahi,42,
Australian Cattle Dog X,289,82545,0.003501121,174,ahi,42,4
Australian Kelpie                                 ,631,82545,0.007644315,239,ahi,43,
Australian Kelpie                       ,473,82545,0.005730208,239,ahi,43,4
Australian Kelpie,283,82545,0.003428433,239,ahi,43,4
AUSTRALIAN KELPIE,8,82545,9.69E-05,239,ahi,43,1
Australian Kelpie Cross,90,82545,0.001090314,311,ahi,44,
AUSTRALIAN KELPIE CROSS,11,82545,0.000133261,311,ahi,44,1
Australian Kelpie X                               ,1211,82545,0.014670786,36,ahi,45,
Australian Kelpie X,389,82545,0.004712581,36,ahi,45,4
Australian Shepherd                               ,138,82545,0.001671815,264,ahi,46,
Australian Shepherd,78,82545,0.000944939,264,ahi,46,4
Australian Shepherd                     ,43,82545,0.000520928,264,ahi,46,4
AUSTRALIAN SHEPHERD,3,82545,3.63E-05,264,ahi,46,1
Australian Shepherd Cross,6,82545,7.27E-05,-1,zzz,47,
Australian Shepherd X                             ,14,82545,0.000169604,100,ahi,48,
Australian Shepherd X,7,82545,8.48E-05,100,ahi,48,4
Australian Silky Terrier                          ,98,82545,0.001187231,241,ahi,49,
Australian Silky Terrier,93,82545,0.001126658,241,ahi,49,4
Australian Silky Terrier                ,41,82545,0.000496699,241,ahi,49,4
AUSTRALIAN SILKY TERRIER,5,82545,6.06E-05,241,ahi,49,1
Australian Silky Terrier Cross,8,82545,9.69E-05,211,ahi,50,
AUSTRALIAN SILKY TERRIER CROSS,3,82545,3.63E-05,211,ahi,50,1
Australian Silky Terrier X                        ,94,82545,0.001138773,116,ahi,51,
Australian Silky Terrier X,82,82545,0.000993398,116,ahi,51,1
Australian Stumpy Tail Cattle Dog                 ,16,82545,0.000193834,32,ahi,52,
Australian Stumpy Tail Cattle Dog,2,82545,2.42E-05,32,ahi,52,4
Australian Stumpy Tail Cattle Dog X,1,82545,1.21E-05,-1,zzz,53,
Australian Terrier,117,82545,0.001417409,97,ahi,54,
Australian Terrier                                ,62,82545,0.000751105,97,ahi,54,4
Australian Terrier                      ,46,82545,0.000557272,97,ahi,54,4
Australian Terrier Cross,25,82545,0.000302865,24,ahi,55,
AUSTRALIAN TERRIER CROSS,1,82545,1.21E-05,24,ahi,55,1
Australian Terrier X,64,82545,0.000775335,277,ahi,56,
Australian Terrier X                              ,62,82545,0.000751105,277,ahi,56,4
Australian Terrier X - Miniature,1,82545,1.21E-05,-1,zzz,57,
Basenji,9,82545,0.000109031,258,ahi,58,
Basenji                                 ,7,82545,8.48E-05,258,ahi,58,4
Basenji                                           ,3,82545,3.63E-05,258,ahi,58,4
Basenji X,7,82545,8.48E-05,86,ahi,59,
Basenji X                                         ,5,82545,6.06E-05,86,ahi,59,4
Basset Fauve de Bretagne,1,82545,1.21E-05,216,ahi,60,
Basset Fauve de Bretagne                          ,1,82545,1.21E-05,216,ahi,60,4
Bassett Hound                                     ,22,82545,0.000266521,212,ahi,61,
Bassett Hound,8,82545,9.69E-05,212,ahi,61,4
Basset Hound,7,82545,8.48E-05,212,ahi,61,4
Bassett Hound                           ,3,82545,3.63E-05,212,ahi,61,4
BASSET HOUND,2,82545,2.42E-05,212,ahi,61,1
Bassett Hound X,2,82545,2.42E-05,-1,zzz,62,
Beagle,554,82545,0.006711491,269,ahi,63,
Beagle                                            ,473,82545,0.005730208,269,ahi,63,4
Beagle                                  ,186,82545,0.002253316,269,ahi,63,4
BEAGLE,9,82545,0.000109031,269,ahi,63,1
Beagle Cross,26,82545,0.00031498,279,ahi,64,
BEAGLE CROSS,5,82545,6.06E-05,279,ahi,64,1
Beagle X,182,82545,0.002204858,15,ahi,65,
Beagle X                                          ,165,82545,0.00199891,15,ahi,65,4
Beaglier                                ,32,82545,0.000387667,-1,zzz,66,
Bearded Collie,32,82545,0.000387667,11,ahi,67,
Bearded Collie                                    ,14,82545,0.000169604,11,ahi,67,4
Bearded Collie                          ,6,82545,7.27E-05,11,ahi,67,4
BEARDED COLLIE,2,82545,2.42E-05,11,ahi,67,1
Bearded Collie Cross,1,82545,1.21E-05,-1,zzz,68,
Bearded Collie X,5,82545,6.06E-05,60,ahi,69,
Bearded Collie X                                  ,4,82545,4.85E-05,60,ahi,69,4
Bedlington Terrier                      ,5,82545,6.06E-05,186,ahi,70,
Bedlington Terrier                                ,5,82545,6.06E-05,186,ahi,70,4
Bedlington Terrier,3,82545,3.63E-05,186,ahi,70,4
Bedlington Terrier Cross,1,82545,1.21E-05,-1,zzz,71,
Belgian Sheepdog,8,82545,9.69E-05,147,ahi,72,
Belgian Sheepdog                        ,1,82545,1.21E-05,147,ahi,72,
Belgian Sheepdog X,1,82545,1.21E-05,-1,zzz,73,
Belgian Shepherd                                  ,45,82545,0.000545157,142,ahi,74,
Belgian Shepherd                        ,19,82545,0.000230177,142,ahi,74,4
Belgian Shepherd,16,82545,0.000193834,142,ahi,74,4
Belgian Shepherd Dog,40,82545,0.000484584,-1,zzz,75,
Belgian Shepherd Dog X,8,82545,9.69E-05,-1,zzz,76,
Belgian Shepherd X                                ,9,82545,0.000109031,182,ahi,77,
Belgian Shepherd X,7,82545,8.48E-05,182,ahi,77,4
Bergamasco Shepherd Dog                           ,1,82545,1.21E-05,-1,zzz,78,
Bernese Mountain Dog                              ,38,82545,0.000460355,197,ahi,79,
Bernese Mountain Dog                    ,28,82545,0.000339209,197,ahi,79,4
Bernese Mountain Dog,23,82545,0.000278636,197,ahi,79,4
BERNESE MOUNTAIN DOG,1,82545,1.21E-05,197,ahi,79,1
Bernese Mountain Dog X                            ,10,82545,0.000121146,301,ahi,80,
Bernese Mountain Dog X,3,82545,3.63E-05,301,ahi,80,4
Bichon Frise,107,82545,0.001296263,308,ahi,81,
Bichon Frise                                      ,87,82545,0.001053971,308,ahi,81,4
Bichon Frise                            ,61,82545,0.000738991,308,ahi,81,4
BICHON FRISE,7,82545,8.48E-05,308,ahi,81,1
Bichon Frise Cross,16,82545,0.000193834,45,ahi,82,
BICHON FRISE CROSS,2,82545,2.42E-05,45,ahi,82,1
Bichon Frise X                                    ,86,82545,0.001041856,146,ahi,83,
Bichon Frise X,37,82545,0.00044824,146,ahi,83,4
Bichon Frise x,33,82545,0.000399782,146,ahi,83,1
Bloodhound                                        ,5,82545,6.06E-05,14,ahi,84,
Bloodhound,1,82545,1.21E-05,14,ahi,84,4
Bloodhound                              ,1,82545,1.21E-05,14,ahi,84,4
Bloodhound X,1,82545,1.21E-05,-1,zzz,85,
Blue Heeler,107,82545,0.001296263,-1,zzz,86,
Blue Heeler X,88,82545,0.001066085,-1,zzz,87,
Border Collie                                     ,1212,82545,0.0146829,252,ahi,88,
Border Collie,880,82545,0.010660852,252,ahi,88,4
Border Collie                           ,560,82545,0.006784178,252,ahi,88,4
BORDER COLLIE,11,82545,0.000133261,252,ahi,88,1
Border Collie (listed as German Coolie)           ,6,82545,7.27E-05,-1,zzz,89,
Border Collie Cross,53,82545,0.000642074,107,ahi,90,
BORDER COLLIE CROSS,7,82545,8.48E-05,107,ahi,90,1
Border Collie X                                   ,608,82545,0.007365679,270,ahi,91,
Border Collie X,463,82545,0.005609062,270,ahi,91,4
Border Collie X (listed as German Coolie X)       ,1,82545,1.21E-05,-1,zzz,92,
Border Collie X (listed as Hungarian Coolie)      ,14,82545,0.000169604,-1,zzz,93,
Border Collie X (listed as Koolie)                ,1,82545,1.21E-05,-1,zzz,94,
Border Terrier                                    ,44,82545,0.000533043,19,ahi,95,
Border Terrier,42,82545,0.000508813,19,ahi,95,4
Border Terrier                          ,40,82545,0.000484584,19,ahi,95,4
BORDER TERRIER,3,82545,3.63E-05,19,ahi,95,1
BORDER TERRIER CROSS,1,82545,1.21E-05,-1,zzz,96,
Border Terrier X                                  ,5,82545,6.06E-05,56,ahi,97,
Border Terrier X,4,82545,4.85E-05,56,ahi,97,4
Borzoi,8,82545,9.69E-05,106,ahi,98,
Borzoi                                            ,4,82545,4.85E-05,106,ahi,98,4
Borzoi                                  ,3,82545,3.63E-05,106,ahi,98,4
Borzoi X                                          ,2,82545,2.42E-05,225,ahi,99,
Borzoi X,1,82545,1.21E-05,225,ahi,99,4
Boston Terrier,32,82545,0.000387667,49,ahi,100,
Boston Terrier                                    ,19,82545,0.000230177,49,ahi,100,4
BOSTON TERRIER,8,82545,9.69E-05,49,ahi,100,1
Boston Terrier                          ,7,82545,8.48E-05,49,ahi,100,4
Boston Terrier X,2,82545,2.42E-05,259,ahi,101,
Boston Terrier X                                  ,2,82545,2.42E-05,259,ahi,101,4
BOUVIER DE FLANDERS,1,82545,1.21E-05,-1,zzz,102,
Bouvier des Flanders,2,82545,2.42E-05,158,zzz,103,
Bouvier Des Flandres                              ,2,82545,2.42E-05,158,ahi,103,14
Bouvier Des Flandres,1,82545,1.21E-05,158,ahi,103,1
Boxer                                             ,292,82545,0.003537464,47,ahi,104,
Boxer,248,82545,0.003004422,47,ahi,104,4
Boxer                                   ,94,82545,0.001138773,47,ahi,104,4
BOXER,4,82545,4.85E-05,47,ahi,104,1
Boxer Cross,4,82545,4.85E-05,31,ahi,105,
BOXER CROSS,2,82545,2.42E-05,31,ahi,105,1
Boxer X                                           ,120,82545,0.001453752,194,ahi,106,
Boxer X,82,82545,0.000993398,194,ahi,106,4
Brazilian Mastiff X,1,82545,1.21E-05,-1,zzz,107,
BREED UNKNOWN,5,82545,6.06E-05,-1,zzz,108,
Briard                                            ,4,82545,4.85E-05,263,ahi,109,
Briard,1,82545,1.21E-05,263,ahi,109,4
Briard X                                          ,2,82545,2.42E-05,-1,zzz,110,
British Bulldog                                   ,128,82545,0.001550669,135,ahi,111,
British Bulldog,63,82545,0.00076322,135,ahi,111,4
British Bulldog                         ,11,82545,0.000133261,135,ahi,111,4
BRITISH BULLDOG,1,82545,1.21E-05,135,ahi,111,1
British Bulldog X                                 ,54,82545,0.000654189,101,ahi,112,
British Bulldog X,11,82545,0.000133261,101,ahi,112,4
British Bulldog X (listed as American Bull Dog X) ,13,82545,0.00015749,-1,zzz,113,
British Bulldog X (listed as American Bull Dog)   ,33,82545,0.000399782,-1,zzz,114,
British Bulldog X (listed as Aussie Bulldog)      ,14,82545,0.000169604,-1,zzz,115,
Brittanny Spaniel                       ,8,82545,9.69E-05,-1,zzz,116,
Brittany                                          ,11,82545,0.000133261,271,ahi,117,
Brittany,7,82545,8.48E-05,271,ahi,117,4
BRITTANY,4,82545,4.85E-05,271,ahi,117,1
Brittany Cross,4,82545,4.85E-05,-1,zzz,118,
Brittany Spaniel,6,82545,7.27E-05,-1,zzz,119,
Brittany Spaniel X,3,82545,3.63E-05,-1,zzz,120,
Bull Arab,6,82545,7.27E-05,243,ahi,121,
Bull Arab                               ,6,82545,7.27E-05,243,ahi,121,
Bull Arab Cross,2,82545,2.42E-05,-1,zzz,122,
Bull Arab X,5,82545,6.06E-05,-1,zzz,123,
Bullmastiff                                       ,77,82545,0.000932825,66,ahi,124,
Bullmastiff,30,82545,0.000363438,66,ahi,124,
Bull Mastiff,26,82545,0.00031498,66,ahi,124,
Bullmastiff                             ,16,82545,0.000193834,66,ahi,124,
Bullmastiff X                                     ,92,82545,0.001114544,120,ahi,125,
Bull Mastiff X,52,82545,0.000629959,120,ahi,125,
Bullmastiff X,28,82545,0.000339209,120,ahi,125,
Bull Terrier,139,82545,0.00168393,27,ahi,126,
Bull Terrier                                      ,122,82545,0.001477982,27,ahi,126,
Bull Terrier                            ,27,82545,0.000327094,27,ahi,126,
Bull Terrier (listed as English Bull Terrier)     ,17,82545,0.000205948,-1,zzz,127,
Bull Terrier (Miniature)                          ,5,82545,6.06E-05,297,ahi,128,
Bull Terrier (Miniature),4,82545,4.85E-05,297,ahi,128,
Bull Terrier (Miniature) X                        ,1,82545,1.21E-05,-1,zzz,129,
Bull Terrier Cross,4,82545,4.85E-05,170,ahi,130,
BULL TERRIER CROSS,1,82545,1.21E-05,170,ahi,130,
Bull Terrier X,117,82545,0.001417409,196,ahi,131,
Bull Terrier X                                    ,96,82545,0.001163002,196,ahi,131,
Bulldog,88,82545,0.001066085,284,ahi,132,
Bulldog                                 ,16,82545,0.000193834,284,ahi,132,
BULLDOG,1,82545,1.21E-05,284,ahi,132,
Bulldog X,2,82545,2.42E-05,-1,zzz,133,
Bullmastiff Cross,4,82545,4.85E-05,-1,zzz,134,
Cairn Terrier                                     ,57,82545,0.000690532,155,ahi,135,
Cairn Terrier                           ,47,82545,0.000569386,155,ahi,135,
Cairn Terrier,42,82545,0.000508813,155,ahi,135,
Caine Terrier,19,82545,0.000230177,155,zzz,135,
CAIRN TERRIER,2,82545,2.42E-05,155,ahi,135,
Cairn Terrier Cross,5,82545,6.06E-05,-1,zzz,136,
Cairn Terrier X                                   ,29,82545,0.000351324,127,ahi,137,
Cairn Terrier X,15,82545,0.000181719,127,ahi,137,
Canaan Dog,1,82545,1.21E-05,-1,zzz,138,
CANADIAN  ESKIMO DOG,1,82545,1.21E-05,-1,zzz,139,
Cane Corso,9,82545,0.000109031,293,ahi,140,
Cane Corso                                        ,3,82545,3.63E-05,293,ahi,140,
Cardigan Corgi,2,82545,2.42E-05,87,ahi,141,
Cardigan Corgi                          ,2,82545,2.42E-05,87,ahi,141,
Carshinaz                               ,1,82545,1.21E-05,-1,zzz,142,
Cattle Dog,43,82545,0.000520928,-1,zzz,143,
Cattle Dog X,30,82545,0.000363438,-1,zzz,144,
Cavador                                 ,1,82545,1.21E-05,-1,zzz,145,
Cavalier King Charles Spaniel,617,82545,0.007474711,324,ahi,146,
Cavalier King Charles Spaniel                     ,500,82545,0.006057302,324,ahi,146,
Cavalier King Charles Spaniel           ,275,82545,0.003331516,324,ahi,146,
CAVALIER KING CHARLES SPANIEL,19,82545,0.000230177,324,ahi,146,
Cavalier King Charles Spaniel Cross,165,82545,0.00199891,185,ahi,147,
CAVALIER KING CHARLES SPANIEL CROSS,21,82545,0.000254407,185,ahi,147,
Cavalier King Charles Spaniel X                   ,302,82545,0.00365861,129,ahi,148,
Cavalier King Charles Spaniel X,208,82545,0.002519838,129,ahi,148,
Cavocker                                ,1,82545,1.21E-05,-1,zzz,149,
Cavoodle,169,82545,0.002047368,55,ahi,150,
Cavoodle                                ,109,82545,0.001320492,55,ahi,150,
Cavoodle (Cavalier X Poodle                       ,105,82545,0.001272033,-1,zzz,151,
Central Asian Shepherd                            ,5,82545,6.06E-05,-1,zzz,152,
Chesapeake Bay Retriever                          ,2,82545,2.42E-05,189,ahi,153,
Chesapeake Bay Retriever,1,82545,1.21E-05,189,ahi,153,
Chihuahua,783,82545,0.009485735,322,ahi,154,
Chihuahua                                         ,443,82545,0.00536677,322,ahi,154,
Chihuahua                               ,145,82545,0.001756618,322,ahi,154,
CHIHUAHUA,10,82545,0.000121146,322,ahi,154,
Chihuahua - Long Haired,12,82545,0.000145375,201,ahi,155,
Chihuahua Long Haired                   ,7,82545,8.48E-05,201,ahi,155,
Chihuahua - Smooth Coat,4,82545,4.85E-05,-1,zzz,156,
Chihuahua Cross,42,82545,0.000508813,302,ahi,157,
CHIHUAHUA CROSS,5,82545,6.06E-05,302,ahi,157,
Chihuahua X,705,82545,0.008540796,260,ahi,158,
Chihuahua X                                       ,379,82545,0.004591435,260,ahi,158,
Chihuahua X - Long Haired,2,82545,2.42E-05,-1,zzz,159,
Chihuahua X - Smooth Coat,1,82545,1.21E-05,-1,zzz,160,
Chinese Crested,19,82545,0.000230177,17,ahi,161,
Chinese Crested                         ,8,82545,9.69E-05,17,ahi,161,
Chinese Crested Dog                               ,44,82545,0.000533043,304,ahi,162,
Chinese Crested Dog,10,82545,0.000121146,304,ahi,162,
CHINESE CRESTED DOG,1,82545,1.21E-05,304,ahi,162,
Chinese Crested Dog X                             ,3,82545,3.63E-05,289,ahi,163,
Chinese Crested Dog X,2,82545,2.42E-05,289,ahi,163,
Chow Chow,24,82545,0.00029075,221,ahi,164,
Chow Chow                                         ,10,82545,0.000121146,221,ahi,164,
Chow Chow                               ,5,82545,6.06E-05,221,ahi,164,
CHOW CHOW,1,82545,1.21E-05,221,ahi,164,
Chow Chow X,3,82545,3.63E-05,187,ahi,165,
Chow Chow X                                       ,3,82545,3.63E-05,187,ahi,165,
Clumber Spaniel                                   ,3,82545,3.63E-05,-1,zzz,166,
Cocker Spaniel                                    ,395,82545,0.004785269,246,ahi,167,
Cocker Spaniel,391,82545,0.00473681,246,ahi,167,
Cocker Spaniel                          ,243,82545,0.002943849,246,ahi,167,
COCKER SPANIEL,12,82545,0.000145375,246,ahi,167,
Cocker Spaniel (American)                         ,9,82545,0.000109031,13,ahi,168,
Cocker Spaniel (American)               ,5,82545,6.06E-05,13,ahi,168,
Cocker Spaniel American,5,82545,6.06E-05,13,ahi,168,
Cocker Spaniel (American),2,82545,2.42E-05,13,ahi,168,
Cocker Spaniel Cross,127,82545,0.001538555,76,ahi,169,
COCKER SPANIEL CROSS,13,82545,0.00015749,76,ahi,169,
Cocker Spaniel X                                  ,112,82545,0.001356836,84,ahi,170,
Cocker Spaniel X,96,82545,0.001163002,84,ahi,170,
Collie                                  ,16,82545,0.000193834,220,ahi,171,
Coolie                                  ,15,82545,0.000181719,220,ahi,171,
Collie,13,82545,0.00015749,220,ahi,171,
Coolie,6,82545,7.27E-05,220,ahi,171,
Collie (Rough)                                    ,47,82545,0.000569386,37,ahi,172,
Collie (Rough),34,82545,0.000411897,37,ahi,172,
Collie - Rough,13,82545,0.00015749,37,ahi,172,
Collie Rough                            ,8,82545,9.69E-05,37,ahi,172,
Collie Rough,3,82545,3.63E-05,37,ahi,172,
Collie (Smooth),19,82545,0.000230177,121,ahi,173,
Collie (Smooth)                                   ,8,82545,9.69E-05,121,ahi,173,
Collie - Smooth,2,82545,2.42E-05,121,ahi,173,
Collie (Rough Coat) X,37,82545,0.00044824,-1,zzz,174,
Collie Rough Cross,4,82545,4.85E-05,251,ahi,175,
COLLIE (ROUGH) CROSS,1,82545,1.21E-05,251,ahi,175,
Collie (Rough) X                                  ,69,82545,0.000835908,-1,zzz,176,
Collie (Smooth) X                                 ,8,82545,9.69E-05,165,ahi,177,
Collie (Smooth) X,7,82545,8.48E-05,165,ahi,177,
Collie X,24,82545,0.00029075,502,zzz,178,
Coolie X,12,82545,0.000145375,502,zzz,178,
Corgi                                   ,26,82545,0.00031498,299,ahi,179,
Corgi,21,82545,0.000254407,299,ahi,179,
Corgi (see either Welsh Cardigan/ Welsh Pembroke) ,17,82545,0.000205948,-1,zzz,180,
Corgi Welsh,1,82545,1.21E-05,-1,zzz,181,
Corgi X,52,82545,0.000629959,-1,zzz,182,
Corgi X(see either Welsh Cardigan/ Welsh Pembroke),27,82545,0.000327094,-1,zzz,183,
Cross                                   ,25,82545,0.000302865,-1,zzz,184,
Cross Breed,60,82545,0.000726876,-1,zzz,185,
Cross Breed (Unknown),2,82545,2.42E-05,150,ahi,186,
CROSS BREED UNKNOWN,2,82545,2.42E-05,150,ahi,186,
Curly Coated Retriever                            ,26,82545,0.00031498,64,ahi,187,
Curly Coat Retriever                    ,13,82545,0.00015749,64,zzz,187,
Curly Coated Retriever,8,82545,9.69E-05,64,ahi,187,
Curly-coated Retriever,4,82545,4.85E-05,64,ahi,187,
Curly Coated Retriever X                          ,5,82545,6.06E-05,144,ahi,188,
Curly Coated Retriever X,2,82545,2.42E-05,144,ahi,188,
Dachshund                                         ,113,82545,0.00136895,281,ahi,189,
Dachshund,103,82545,0.001247804,281,ahi,189,
Dachshund                               ,33,82545,0.000399782,281,ahi,189,
DACHSHUND,5,82545,6.06E-05,281,ahi,189,
Dachshund (Miniature)                             ,53,82545,0.000642074,312,ahi,190,
Dachshund - Miniature,45,82545,0.000545157,312,ahi,190,
Dachshund Miniature                     ,27,82545,0.000327094,312,ahi,190,
Dachshund (Miniature),23,82545,0.000278636,312,ahi,190,
Dachshund Minature,22,82545,0.000266521,312,zzz,190,
DACHSHUND (MINITURE),5,82545,6.06E-05,312,zzz,190,
Dachshund (Miniature) X                           ,3,82545,3.63E-05,-1,zzz,191,
Dachshund Cross,3,82545,3.63E-05,149,ahi,192,
DACHSHUND CROSS,1,82545,1.21E-05,149,ahi,192,
Dachshund Long Haired                   ,1,82545,1.21E-05,-1,zzz,193,
Dachshund Min Long Haired               ,2,82545,2.42E-05,-1,zzz,194,
Dachshund Minature Cross,1,82545,1.21E-05,-1,zzz,195,
Dachshund Mini,3,82545,3.63E-05,-1,zzz,196,
Dachshund Short Haired                  ,5,82545,6.06E-05,-1,zzz,197,
Dachshund Wire Haired                   ,1,82545,1.21E-05,-1,zzz,198,
Dachshund X                                       ,45,82545,0.000545157,296,ahi,199,
Dachshund X,25,82545,0.000302865,296,ahi,199,
Dalmatian                                         ,128,82545,0.001550669,2,ahi,200,
Dalmation,116,82545,0.001405294,2,ahi,200,
Dalmatian                               ,56,82545,0.000678418,2,ahi,200,
Dalmatian,25,82545,0.000302865,2,ahi,200,
DALMATION,6,82545,7.27E-05,2,ahi,200,
Dalmatian Cross,3,82545,3.63E-05,-1,zzz,201,
Dalmation X,27,82545,0.000327094,503,zzz,202,
Dalmatian X                                       ,26,82545,0.00031498,503,zzz,202,
Dandie Dinmont Terrier                            ,2,82545,2.42E-05,-1,zzz,203,
Dandie Dinmont Terrier X,1,82545,1.21E-05,124,ahi,204,
Dandie Dinmont Terrier X                          ,1,82545,1.21E-05,124,ahi,204,
Deerhound,5,82545,6.06E-05,25,ahi,205,
Deerhound                               ,4,82545,4.85E-05,25,ahi,205,
DeerHound,3,82545,3.63E-05,25,ahi,205,
Deerhound                                         ,3,82545,3.63E-05,25,ahi,205,
Deerhound (listed as Staghound)                   ,2,82545,2.42E-05,-1,zzz,206,
DeerHound Cross,2,82545,2.42E-05,-1,zzz,207,
Deerhound X,13,82545,0.00015749,141,ahi,208,
Deerhound X                                       ,10,82545,0.000121146,141,ahi,208,
Dobermann                                         ,103,82545,0.001247804,223,ahi,209,
Doberman,73,82545,0.000884366,223,ahi,209,
Dobermann,47,82545,0.000569386,223,ahi,209,
Dobermann                               ,37,82545,0.00044824,223,ahi,209,
DOBERMAN,1,82545,1.21E-05,223,ahi,209,
Doberman - Miniature,1,82545,1.21E-05,-1,zzz,210,
Doberman Cross,1,82545,1.21E-05,-1,zzz,211,
Dobermann X                                       ,35,82545,0.000424011,278,ahi,212,
Doberman X,20,82545,0.000242292,278,zzz,212,
Dobermann X,11,82545,0.000133261,278,ahi,212,
Dobermann X (listed as Huntaway X)                ,1,82545,1.21E-05,-1,zzz,213,
Dobermann X (listed as Huntaway)                  ,2,82545,2.42E-05,-1,zzz,214,
Dogue De Bordeaux                                 ,32,82545,0.000387667,180,ahi,215,
Dogue de Bordeaux,13,82545,0.00015749,180,ahi,215,
Dogue De Bordeaux,13,82545,0.00015749,180,ahi,215,
Dogue De Bordeaux                       ,2,82545,2.42E-05,180,ahi,215,
Dogue De Bordeaux X                               ,11,82545,0.000133261,262,ahi,216,
Dogue de Bordeaux X,4,82545,4.85E-05,262,ahi,216,
Dogue De Bordeaux X,3,82545,3.63E-05,262,ahi,216,
Dutch Shepherd,2,82545,2.42E-05,154,ahi,217,
Dutch Shepherd                                    ,1,82545,1.21E-05,154,ahi,217,
Elkhound,1,82545,1.21E-05,171,ahi,218,
Elkhound                                ,1,82545,1.21E-05,171,ahi,218,
English Bull Dog,3,82545,3.63E-05,-1,zzz,219,
English Bull Terrier                    ,3,82545,3.63E-05,-1,zzz,220,
English Bullmastiff                     ,1,82545,1.21E-05,-1,zzz,221,
English Cocker Spaniel,14,82545,0.000169604,-1,zzz,222,
English Mastiff,8,82545,9.69E-05,126,ahi,223,
English Mastiff                         ,1,82545,1.21E-05,126,ahi,223,
English Mastiff X,3,82545,3.63E-05,-1,zzz,224,
English Pointer                         ,6,82545,7.27E-05,93,ahi,225,
English Pointer,4,82545,4.85E-05,93,ahi,225,
English Pointer X,1,82545,1.21E-05,-1,zzz,226,
English Setter                                    ,9,82545,0.000109031,245,ahi,227,
English Setter,3,82545,3.63E-05,245,ahi,227,
English Sheepdog,3,82545,3.63E-05,-1,zzz,228,
English Spaniel,2,82545,2.42E-05,-1,zzz,229,
English Springer Spaniel                          ,65,82545,0.000787449,114,ahi,230,
English Springer Spaniel,49,82545,0.000593616,114,ahi,230,
English Springer Spaniel                ,19,82545,0.000230177,114,ahi,230,
English Springer Spaniel Cross,6,82545,7.27E-05,-1,zzz,231,
English Springer Spaniel X                        ,7,82545,8.48E-05,209,ahi,232,
English Springer Spaniel X,3,82545,3.63E-05,209,ahi,232,
English Staffordshire Bull Terrier,133,82545,0.001611242,303,ahi,233,
English Staffordshire Bull Terrier      ,32,82545,0.000387667,303,ahi,233,
English Staffordshire Bull Terrier X,20,82545,0.000242292,-1,zzz,234,
English Toy Terrier,16,82545,0.000193834,125,ahi,235,
English Toy Terrier                               ,4,82545,4.85E-05,125,ahi,235,
ENGLISH TOY TERRIER,1,82545,1.21E-05,125,ahi,235,
English Toy Terrier                     ,1,82545,1.21E-05,125,ahi,235,
English Toy Terrier Cross,1,82545,1.21E-05,-1,zzz,236,
English Toy Terrier X                             ,1,82545,1.21E-05,-1,zzz,237,
Fauve De Bretagne,1,82545,1.21E-05,-1,zzz,238,
Field Spaniel,1,82545,1.21E-05,-1,zzz,239,
Finnish Lapphund                                  ,6,82545,7.27E-05,136,ahi,240,
Finnish Lapphund,5,82545,6.06E-05,136,ahi,240,
Finnish Lapphund                        ,3,82545,3.63E-05,136,ahi,240,
Finnish Spitz                           ,2,82545,2.42E-05,70,ahi,241,
Finnish Spitz,1,82545,1.21E-05,70,ahi,241,
Flatcoated Retriever,9,82545,0.000109031,159,ahi,242,
Flat-coated Retriever,7,82545,8.48E-05,159,ahi,242,
Flat Coated Retriever                   ,5,82545,6.06E-05,159,ahi,242,
Flat Coated Retriever                             ,3,82545,3.63E-05,159,ahi,242,
Flat Coated Retriever X                           ,1,82545,1.21E-05,-1,zzz,243,
Fox Terrier                                       ,207,82545,0.002507723,75,ahi,244,
Fox Terrier,97,82545,0.001175117,75,ahi,244,
Fox Terrier                             ,78,82545,0.000944939,75,ahi,244,
Fox Terrier - Miniature,96,82545,0.001163002,-1,zzz,245,
Fox Terrier (Smooth),162,82545,0.001962566,41,ahi,246,
Fox Terrier (Smooth)                              ,152,82545,0.00184142,41,ahi,246,
Fox Terrier (Smooth)                    ,10,82545,0.000121146,41,ahi,246,
FOX TERRIER (SMOOTH),7,82545,8.48E-05,41,ahi,246,
Fox Terrier Smooth,5,82545,6.06E-05,41,ahi,246,
Fox Terrier (Smooth) X                            ,254,82545,0.003077109,26,ahi,247,
Fox Terrier (Smooth)  X,174,82545,0.002107941,26,ahi,247,
Fox Terrier Wire,22,82545,0.000266521,74,ahi,248,
Fox Terrier (Wire)                                ,12,82545,0.000145375,74,ahi,248,
FOX TERRIER WIRE,2,82545,2.42E-05,74,ahi,248,
Fox Terrier (Wire),1,82545,1.21E-05,74,ahi,248,
Fox Terrier (Wire) X,4,82545,4.85E-05,-1,zzz,249,
FOX TERRIER CROSS,7,82545,8.48E-05,-1,zzz,250,
Fox Terrier Smooth Cross,7,82545,8.48E-05,-1,zzz,251,
Fox Terrier Wire Cross,16,82545,0.000193834,-1,zzz,252,
Fox Terrier X,151,82545,0.001829305,204,ahi,253,
Fox Terrier X                                     ,76,82545,0.00092071,204,ahi,253,
Fox Terrier X - Miniature,36,82545,0.000436126,-1,zzz,254,
Foxhound,2,82545,2.42E-05,35,ahi,255,
Foxhound                                          ,2,82545,2.42E-05,35,ahi,255,
Foxhound                                ,1,82545,1.21E-05,35,ahi,255,
Foxhound X,6,82545,7.27E-05,-1,zzz,256,
French Bulldog,51,82545,0.000617845,288,ahi,257,
French Bull Dog                                   ,32,82545,0.000387667,288,ahi,257,
French Bulldog                          ,18,82545,0.000218063,288,ahi,257,
FRENCH BULLDOG,4,82545,4.85E-05,288,ahi,257,
French Bull Dog X                                 ,5,82545,6.06E-05,65,ahi,258,
French Bulldog X,4,82545,4.85E-05,65,ahi,258,
French Mastiff,6,82545,7.27E-05,-1,zzz,259,
German Coolie,11,82545,0.000133261,307,ahi,260,
German Cooly,9,82545,0.000109031,307,zzz,260,
German Coolie                           ,6,82545,7.27E-05,307,ahi,260,
German Coolie X,11,82545,0.000133261,-1,zzz,261,
German Miniature Schnauzer              ,2,82545,2.42E-05,-1,zzz,262,
German Pinscher,7,82545,8.48E-05,40,ahi,263,
German Pinscher                                   ,2,82545,2.42E-05,40,ahi,263,
GERMAN PINSCHER,1,82545,1.21E-05,40,ahi,263,
German Pinscher                         ,1,82545,1.21E-05,40,ahi,263,
German Pinscher X                                 ,7,82545,8.48E-05,-1,zzz,264,
German Schnauzer                        ,1,82545,1.21E-05,-1,zzz,265,
German Shepherd,357,82545,0.004324914,274,ahi,266,
German Shepherd                         ,240,82545,0.002907505,274,ahi,266,
German Shepherd - Long Haired,14,82545,0.000169604,-1,zzz,267,
German Shepherd Dog                               ,853,82545,0.010333757,117,ahi,268,
German Shepherd Dog,547,82545,0.006626688,117,ahi,268,
GERMAN SHEPHERD DOG,20,82545,0.000242292,117,ahi,268,
German Shepherd Dog Cross,16,82545,0.000193834,292,ahi,269,
GERMAN SHEPHERD DOG CROSS,3,82545,3.63E-05,292,ahi,269,
German Shepherd Dog X                             ,265,82545,0.00321037,90,ahi,270,
German Shepherd Dog X,222,82545,0.002689442,90,ahi,270,
German Shepherd X,142,82545,0.001720274,-1,zzz,271,
German Shepherd X - Long Haired,2,82545,2.42E-05,-1,zzz,272,
German Shepherd X (listed as Shepherd X)          ,1,82545,1.21E-05,-1,zzz,273,
German Sherpherd (listed as Shepherd)             ,1,82545,1.21E-05,-1,zzz,274,
German Shorthaired Pointer                        ,141,82545,0.001708159,134,ahi,275,
German Shorthaired Pointer,94,82545,0.001138773,134,ahi,275,
German Shorthaired Pointer              ,93,82545,0.001126658,134,ahi,275,
German Short-haired Pointer,30,82545,0.000363438,134,ahi,275,
German Short-haired Pointer Cross,1,82545,1.21E-05,-1,zzz,276,
German Shorthaired Pointer X                      ,14,82545,0.000169604,300,ahi,277,
German Shorthaired Pointer X,9,82545,0.000109031,300,ahi,277,
German Spitz,9,82545,0.000109031,184,ahi,278,
German Spitz                                      ,3,82545,3.63E-05,184,ahi,278,
German Spitz                            ,2,82545,2.42E-05,184,ahi,278,
German Spitz X,2,82545,2.42E-05,-1,zzz,279,
German Wirehaired Pointer               ,6,82545,7.27E-05,110,ahi,280,
German Wirehaired Pointer                         ,4,82545,4.85E-05,110,ahi,280,
German Wirehaired Pointer X                       ,1,82545,1.21E-05,-1,zzz,281,
Golden Retriever                                  ,582,82545,0.0070507,283,ahi,282,
Golden Retriever,559,82545,0.006772064,283,ahi,282,
Golden Retriever                        ,378,82545,0.00457932,283,ahi,282,
GOLDEN RETRIEVER,19,82545,0.000230177,283,ahi,282,
Golden Retriever Cross,64,82545,0.000775335,231,ahi,283,
GOLDEN RETRIEVER CROSS,1,82545,1.21E-05,231,ahi,283,
Golden Retriever X                                ,127,82545,0.001538555,77,ahi,284,
Golden Retriever X,98,82545,0.001187231,77,ahi,284,
Gordon Setter                                     ,14,82545,0.000169604,139,ahi,285,
Gordon Setter,5,82545,6.06E-05,139,ahi,285,
Gordon Setter                           ,2,82545,2.42E-05,139,ahi,285,
Grand Basset Griffon Vendeen,1,82545,1.21E-05,-1,zzz,286,
Great Dane,87,82545,0.001053971,16,ahi,287,
Great Dane                                        ,67,82545,0.000811678,16,ahi,287,
Great Dane                              ,19,82545,0.000230177,16,ahi,287,
GREAT DANE,4,82545,4.85E-05,16,ahi,287,
Great Dane Cross,4,82545,4.85E-05,-1,zzz,288,
Great Dane X,40,82545,0.000484584,102,ahi,289,
Great Dane X                                      ,29,82545,0.000351324,102,ahi,289,
Greyhound,241,82545,0.00291962,195,ahi,290,
Greyhound                                         ,229,82545,0.002774244,195,ahi,290,
Greyhound                               ,53,82545,0.000642074,195,ahi,290,
GREYHOUND,9,82545,0.000109031,195,ahi,290,
Greyhound Cross,2,82545,2.42E-05,-1,zzz,291,
Greyhound Italian,2,82545,2.42E-05,-1,zzz,292,
Greyhound X                                       ,15,82545,0.000181719,198,ahi,293,
Greyhound X,11,82545,0.000133261,198,ahi,293,
Greyhound X (listed as Lurcher)                   ,2,82545,2.42E-05,-1,zzz,294,
Griffin Bruxellois                                ,15,82545,0.000181719,28,zzz,295,
Griffon Bruxellois,4,82545,4.85E-05,28,ahi,295,
Griffon Bruxellios,2,82545,2.42E-05,28,zzz,295,
Griffon Bruxellois                      ,2,82545,2.42E-05,28,ahi,295,
Griffon Bruxellois X,4,82545,4.85E-05,504,zzz,296,
Griffin Bruxellois X                              ,3,82545,3.63E-05,504,zzz,296,
Groodle,64,82545,0.000775335,148,ahi,297,
Groodle                                 ,54,82545,0.000654189,148,ahi,297,
Groodle (Golden Retriever X Poodle)               ,69,82545,0.000835908,-1,zzz,298,
Groodle X,1,82545,1.21E-05,-1,zzz,299,
Harrier                                           ,1,82545,1.21E-05,-1,zzz,300,
Havanese                                          ,10,82545,0.000121146,227,ahi,301,
Havanese,9,82545,0.000109031,227,ahi,301,
HAVANESE,4,82545,4.85E-05,227,ahi,301,
Havanese                                ,4,82545,4.85E-05,227,ahi,301,
Heeler                                  ,148,82545,0.001792961,33,ahi,302,
Heeler,28,82545,0.000339209,33,ahi,302,
Heeler X,73,82545,0.000884366,-1,zzz,303,
Hungarian Viszla,26,82545,0.00031498,-1,zzz,304,
Hungarian Viszla X                                ,8,82545,9.69E-05,166,ahi,305,
Hungarian Viszla X,3,82545,3.63E-05,166,ahi,305,
Hungarian Vizsla X,2,82545,2.42E-05,166,zzz,305,
Hungarian Vizsla                                  ,52,82545,0.000629959,71,ahi,306,
Hungarian Vizsla                        ,43,82545,0.000520928,71,ahi,306,
Hungarian Vizsla,39,82545,0.00047247,71,ahi,306,
HUNGARIAN VIZSLA,5,82545,6.06E-05,71,ahi,306,
Hungarian Wirehaired Vizsla                       ,8,82545,9.69E-05,247,ahi,307,
Hungarian Wirehaired Vizsla,1,82545,1.21E-05,247,ahi,307,
Hungarian Wirehaired Vizsla X                     ,1,82545,1.21E-05,-1,zzz,308,
Husky,50,82545,0.00060573,226,ahi,309,
Husky                                   ,32,82545,0.000387667,226,ahi,309,
Husky X,32,82545,0.000387667,-1,zzz,310,
Irish Red and White Setter                        ,2,82545,2.42E-05,92,ahi,311,
Irish Red and White Setter,1,82545,1.21E-05,92,ahi,311,
Irish Setter                                      ,17,82545,0.000205948,222,ahi,312,
Irish Setter,13,82545,0.00015749,222,ahi,312,
Irish Setter                            ,11,82545,0.000133261,222,ahi,312,
Irish Terrier,13,82545,0.00015749,132,ahi,313,
Irish Terrier                           ,6,82545,7.27E-05,132,ahi,313,
Irish Terrier                                     ,4,82545,4.85E-05,132,ahi,313,
IRISH TERRIER,3,82545,3.63E-05,132,ahi,313,
Irish Terrier X,1,82545,1.21E-05,-1,zzz,314,
Irish Water Spaniel,3,82545,3.63E-05,192,ahi,315,
Irish Water Spaniel                               ,1,82545,1.21E-05,192,ahi,315,
Irish Wolfhound                                   ,16,82545,0.000193834,138,ahi,316,
Irish Wolfhound,11,82545,0.000133261,138,ahi,316,
Irish Wolfhound                         ,8,82545,9.69E-05,138,ahi,316,
Irish Wolf Hound,2,82545,2.42E-05,138,ahi,316,
Irish Wolf Hound Cross,2,82545,2.42E-05,-1,zzz,317,
Irish Wolfhound X,18,82545,0.000218063,105,ahi,318,
Irish Wolfhound X                                 ,18,82545,0.000218063,105,ahi,318,
Italian Cane Corso                      ,2,82545,2.42E-05,-1,zzz,319,
Italian Greyhound,62,82545,0.000751105,88,ahi,320,
Italian Greyhound                                 ,41,82545,0.000496699,88,ahi,320,
Italian Greyhound                       ,19,82545,0.000230177,88,ahi,320,
ITALIAN GREYHOUND,3,82545,3.63E-05,88,ahi,320,
Italian Greyhound Cross,2,82545,2.42E-05,-1,zzz,321,
Italian Greyhound X,4,82545,4.85E-05,206,ahi,322,
Italian Greyhound X                               ,4,82545,4.85E-05,206,ahi,322,
Italian Spinone                                   ,2,82545,2.42E-05,-1,zzz,323,
Jack Russell Terrier,1108,82545,0.013422981,305,ahi,324,
Jack Russell Terrier                              ,946,82545,0.011460416,305,ahi,324,
Jack Russell Terrier                    ,410,82545,0.004966988,305,ahi,324,
JACK RUSSELL TERRIER,33,82545,0.000399782,305,ahi,324,
Jack Russell Terrier - Miniature,6,82545,7.27E-05,-1,zzz,325,
Jack Russell Terrier Cross,91,82545,0.001102429,291,ahi,326,
JACK RUSSELL TERRIER CROSS,10,82545,0.000121146,291,ahi,326,
Jack Russell Terrier X,902,82545,0.010927373,3,ahi,327,
Jack Russell TerrierX                             ,763,82545,0.009243443,3,ahi,327,
Japanese Chin                                     ,8,82545,9.69E-05,130,ahi,328,
Japanese Chin,2,82545,2.42E-05,130,ahi,328,
Japanese Chin                           ,1,82545,1.21E-05,130,ahi,328,
Japanese Chin X,2,82545,2.42E-05,122,ahi,329,
Japanese Chin X                                   ,1,82545,1.21E-05,122,ahi,329,
Japanese Spitz,38,82545,0.000460355,42,ahi,330,
Japanese Spitz                                    ,29,82545,0.000351324,42,ahi,330,
Japanese Spitz                          ,17,82545,0.000205948,42,ahi,330,
Japanese Spitz X,7,82545,8.48E-05,203,ahi,331,
Japanese Spitz X                                  ,1,82545,1.21E-05,203,ahi,331,
Kangal,2,82545,2.42E-05,-1,zzz,332,
Keeshond,43,82545,0.000520928,63,ahi,333,
Keeshond                                          ,24,82545,0.00029075,63,ahi,333,
Keeshond                                ,15,82545,0.000181719,63,ahi,333,
KeesHond,7,82545,8.48E-05,63,ahi,333,
Keeshond X                                        ,3,82545,3.63E-05,295,ahi,334,
Keeshond X,2,82545,2.42E-05,295,ahi,334,
Kelpie,207,82545,0.002507723,-1,zzz,335,
Kelpie X,475,82545,0.005754437,-1,zzz,336,
Kerry Blue Terrier                                ,9,82545,0.000109031,320,ahi,337,
Kerry Blue Terrier,5,82545,6.06E-05,320,ahi,337,
Kerry Blue Terrier                      ,4,82545,4.85E-05,320,ahi,337,
KERRY BLUE TERRIER,1,82545,1.21E-05,320,ahi,337,
King Charles Spaniel                    ,41,82545,0.000496699,9,ahi,338,
King Charles Spaniel,39,82545,0.00047247,9,ahi,338,
King Charles Spaniel                              ,21,82545,0.000254407,9,ahi,338,
KING CHARLES SPANIEL,3,82545,3.63E-05,9,ahi,338,
King Charles Spaniel Cross,6,82545,7.27E-05,156,ahi,339,
KING CHARLES SPANIEL CROSS,1,82545,1.21E-05,156,ahi,339,
King Charles Spaniel X,19,82545,0.000230177,151,ahi,340,
King Charles Spaniel X                            ,12,82545,0.000145375,151,ahi,340,
Labradoodle                             ,128,82545,0.001550669,210,ahi,341,
Labradoodle,107,82545,0.001296263,210,ahi,341,
Labradoodle - Miniature,16,82545,0.000193834,-1,zzz,342,
Labradoodle X,12,82545,0.000145375,-1,zzz,343,
Labrador                                ,719,82545,0.0087104,94,ahi,344,
Labrador,688,82545,0.008334848,94,ahi,344,
LABRADOR CROSS,6,82545,7.27E-05,-1,zzz,345,
Labrador Retriever                                ,1621,82545,0.019637773,287,ahi,346,
Labrador Retriever,951,82545,0.011520989,287,ahi,346,
Labrador Retriever                      ,141,82545,0.001708159,287,ahi,346,
LABRADOR RETRIEVER,22,82545,0.000266521,287,ahi,346,
Labrador Retriever Cross,167,82545,0.002023139,29,ahi,347,
LABRADOR RETRIEVER CROSS,13,82545,0.00015749,29,ahi,347,
Labrador Retriever X                              ,806,82545,0.009764371,285,ahi,348,
Labrador Retriever X,331,82545,0.004009934,285,ahi,348,
Labrador Retriever X (listed as Labradoodle)      ,95,82545,0.001150887,-1,zzz,349,
Labrador X,311,82545,0.003767642,-1,zzz,350,
Labraspoodle                            ,1,82545,1.21E-05,-1,zzz,351,
Lagotto Romagnolo                       ,18,82545,0.000218063,54,ahi,352,
Lagotto Romagnolo                                 ,14,82545,0.000169604,54,ahi,352,
Lagotto Romagnolo,11,82545,0.000133261,54,ahi,352,
Lagotto Romaenolo,4,82545,4.85E-05,54,zzz,352,
LAGOTTO ROMAGNOLO,3,82545,3.63E-05,54,ahi,352,
Lakeland Terrier                        ,5,82545,6.06E-05,261,ahi,353,
Lakeland Terrier,4,82545,4.85E-05,261,ahi,353,
Lakeland Terrier                                  ,2,82545,2.42E-05,261,ahi,353,
LAKELAND TERRIER,1,82545,1.21E-05,261,ahi,353,
Large Munsterlander                               ,1,82545,1.21E-05,-1,zzz,354,
Leonberger,5,82545,6.06E-05,123,ahi,355,
Leonberger                                        ,1,82545,1.21E-05,123,ahi,355,
Leonberger X                                      ,3,82545,3.63E-05,-1,zzz,356,
Lhasa Apso,91,82545,0.001102429,240,ahi,357,
Lhasa Apso                                        ,52,82545,0.000629959,240,ahi,357,
Lhasa Apso                              ,35,82545,0.000424011,240,ahi,357,
LHASA APSO,1,82545,1.21E-05,240,ahi,357,
Lhasa Apso Cross,14,82545,0.000169604,12,ahi,358,
LHASA APSO CROSS,3,82545,3.63E-05,12,ahi,358,
Lhasa Apso X                                      ,70,82545,0.000848022,83,ahi,359,
Lhasa Apso X,55,82545,0.000666303,83,ahi,359,
Lowchen                                           ,2,82545,2.42E-05,248,ahi,360,
LOWCHEN,1,82545,1.21E-05,248,ahi,360,
Lowchen                                 ,1,82545,1.21E-05,248,ahi,360,
Lurcher,2,82545,2.42E-05,167,ahi,361,
Lurcher                                 ,2,82545,2.42E-05,167,ahi,361,
Mahese                                  ,1,82545,1.21E-05,-1,zzz,362,
Maitalier                               ,2,82545,2.42E-05,-1,zzz,363,
Malamute                                ,5,82545,6.06E-05,-1,zzz,364,
Malinois,18,82545,0.000218063,-1,zzz,365,
Malinois X,22,82545,0.000266521,-1,zzz,366,
Maltalier,14,82545,0.000169604,4,ahi,367,
Maltalier                               ,3,82545,3.63E-05,4,ahi,367,
Maltalier (Maltese x Cavalier)                    ,39,82545,0.00047247,-1,zzz,368,
Maltese                                 ,1044,82545,0.012647647,215,ahi,369,
Maltese,636,82545,0.007704888,215,ahi,369,
Maltese                                           ,345,82545,0.004179538,215,ahi,369,
MALTESE,10,82545,0.000121146,215,ahi,369,
Maltese Cross,561,82545,0.006796293,313,ahi,370,
MALTESE CROSS,98,82545,0.001187231,313,ahi,370,
Maltese cross cavalier                  ,1,82545,1.21E-05,-1,zzz,371,
Maltese Terrier,176,82545,0.00213217,-1,zzz,372,
Maltese Terrier X,323,82545,0.003913017,-1,zzz,373,
Maltese X,3634,82545,0.044024472,309,ahi,374,
Maltese X                                         ,3609,82545,0.043721606,309,ahi,374,
Maltese X Cavalier                      ,4,82545,4.85E-05,-1,zzz,375,
Maltese X Poodle                                  ,31,82545,0.000375553,-1,zzz,376,
Manchester Terrier,8,82545,9.69E-05,272,ahi,377,
Manchester Terrier                                ,4,82545,4.85E-05,272,ahi,377,
Manchester Terrier Cross,1,82545,1.21E-05,-1,zzz,378,
Manchester Terrier X,1,82545,1.21E-05,-1,zzz,379,
Mareema - Italian Shepherd              ,8,82545,9.69E-05,-1,zzz,380,
Maremma Sheep Dog                                 ,60,82545,0.000726876,99,ahi,381,
Maremma Sheepdog,52,82545,0.000629959,99,ahi,381,
Maremma Sheep Dog X                               ,18,82545,0.000218063,200,ahi,382,
Maremma Sheepdog X,8,82545,9.69E-05,200,ahi,382,
Maremma Sheepdog Cross,1,82545,1.21E-05,-1,zzz,383,
Mastiff,49,82545,0.000593616,314,ahi,384,
Mastiff                                           ,47,82545,0.000569386,314,ahi,384,
Mastiff                                 ,20,82545,0.000242292,314,ahi,384,
Mastif,6,82545,7.27E-05,314,zzz,384,
MASTIFF,2,82545,2.42E-05,314,ahi,384,
Mastif Cross,3,82545,3.63E-05,-1,zzz,385,
Mastiff X                                         ,199,82545,0.002410806,253,ahi,386,
Mastiff X,163,82545,0.00197468,253,ahi,386,
Mastiff X (listed as Bull Arab)                   ,10,82545,0.000121146,-1,zzz,387,
Minature Pinscher X                               ,3,82545,3.63E-05,-1,zzz,388,
Mini Jack Russell Terrier               ,6,82545,7.27E-05,-1,zzz,389,
Mini Pinscher,1,82545,1.21E-05,-1,zzz,390,
Miniature Bull Terrier                  ,4,82545,4.85E-05,-1,zzz,391,
Miniature Dachshund Short Haired        ,7,82545,8.48E-05,-1,zzz,392,
Miniature Dachshund Wire Haired         ,1,82545,1.21E-05,-1,zzz,393,
Miniature Fox Terrier                   ,59,82545,0.000714762,-1,zzz,394,
Miniature Groodle                       ,1,82545,1.21E-05,-1,zzz,395,
Miniature Pinscher,34,82545,0.000411897,178,ahi,396,
Miniature Pinscher                                ,31,82545,0.000375553,178,ahi,396,
Miniature Pinscher                      ,10,82545,0.000121146,178,ahi,396,
MINIATURE PINSCHER,1,82545,1.21E-05,178,ahi,396,
Miniature Pinscher X,1,82545,1.21E-05,-1,zzz,397,
Miniature Pomeranian                    ,3,82545,3.63E-05,-1,zzz,398,
Miniature Poodle                        ,43,82545,0.000520928,-1,zzz,399,
Miniature Schnauzer                               ,157,82545,0.001901993,52,ahi,400,
Miniature Schnauzer                     ,153,82545,0.001853534,52,ahi,400,
Miniature Schnauser,2,82545,2.42E-05,52,zzz,400,
MINITURE FOX TERRIER WIRE HAIR,1,82545,1.21E-05,-1,zzz,401,
Mixed                                             ,245,82545,0.002968078,-1,zzz,402,
Mixed Breed,12,82545,0.000145375,-1,zzz,403,
Moodle,71,82545,0.000860137,59,ahi,404,
Moodle                                  ,33,82545,0.000399782,59,ahi,404,
Musterlander                            ,8,82545,9.69E-05,228,zzz,405,
Munsterlander                                     ,6,82545,7.27E-05,228,ahi,405,
MUNSTERLANDER,1,82545,1.21E-05,228,ahi,405,
Munsterlander,1,82545,1.21E-05,228,ahi,405,
Munsterlander - Large,1,82545,1.21E-05,-1,zzz,406,
Munsterlander X                                   ,1,82545,1.21E-05,-1,zzz,407,
Neapolitan Mastiff,6,82545,7.27E-05,232,ahi,408,
Neopolitan Mastiff                                ,3,82545,3.63E-05,232,zzz,408,
Neapolitan Mastiff                      ,2,82545,2.42E-05,232,ahi,408,
Neapolitan Mastiff X,5,82545,6.06E-05,505,zzz,409,
Neopolitan Mastiff X                              ,2,82545,2.42E-05,505,zzz,409,
New Zealand Huntaway,2,82545,2.42E-05,108,ahi,410,
New Zealand Huntaway                    ,1,82545,1.21E-05,108,ahi,410,
Newfoundland                                      ,13,82545,0.00015749,82,ahi,411,
Newfoundland,9,82545,0.000109031,82,ahi,411,
Newfoundland                            ,6,82545,7.27E-05,82,ahi,411,
Newfoundland X,1,82545,1.21E-05,80,ahi,412,
Newfoundland X                                    ,1,82545,1.21E-05,80,ahi,412,
Norfolk Terrier,2,82545,2.42E-05,131,ahi,413,
Norfolk Terrier                         ,1,82545,1.21E-05,131,ahi,413,
Norwegian Buhund                                  ,1,82545,1.21E-05,-1,zzz,414,
Norwegian Elk Hound,6,82545,7.27E-05,140,ahi,415,
Norwegian Elkhound,6,82545,7.27E-05,140,ahi,415,
Norwegian Elkhound                                ,6,82545,7.27E-05,140,ahi,415,
Norwegian Elkhound                      ,2,82545,2.42E-05,140,ahi,415,
Norwegian Elkhound Cross,1,82545,1.21E-05,-1,zzz,416,
Norwich Terrier,1,82545,1.21E-05,-1,zzz,417,
Nova Scotia Duck Tolling Retriever                ,18,82545,0.000218063,266,ahi,418,
Nova Scotia Duck Tolling Retriever,11,82545,0.000133261,266,ahi,418,
Nova Scotia Duck Tolling Retriever      ,10,82545,0.000121146,266,ahi,418,
Nova Scotia Duck Tolling Retriever Cross,1,82545,1.21E-05,-1,zzz,419,
Nova Scotia Duck Tolling Retriever X,1,82545,1.21E-05,-1,zzz,420,
NZ Shepherd                             ,1,82545,1.21E-05,-1,zzz,421,
Old English Sheepdog,18,82545,0.000218063,282,ahi,422,
Old English Sheep Dog                             ,10,82545,0.000121146,282,ahi,422,
Old English Sheepdog                    ,10,82545,0.000121146,282,ahi,422,
Old English Sheep Dog X                           ,3,82545,3.63E-05,-1,zzz,423,
Papillon                                          ,75,82545,0.000908595,137,ahi,424,
Papillon,69,82545,0.000835908,137,ahi,424,
Papillon                                ,48,82545,0.000581501,137,ahi,424,
Papillion,40,82545,0.000484584,137,zzz,424,
PAPILLON,4,82545,4.85E-05,137,ahi,424,
Papillion X,24,82545,0.00029075,-1,zzz,425,
PAPILLON  CROSS,4,82545,4.85E-05,219,ahi,426,
Papillon Cross,2,82545,2.42E-05,219,ahi,426,
Papillon X,36,82545,0.000436126,10,ahi,427,
Papillon X                                        ,33,82545,0.000399782,10,ahi,427,
Parson Jack Russell Terrier             ,3,82545,3.63E-05,-1,zzz,428,
Pekingese,15,82545,0.000181719,318,ahi,429,
Pekingese                                         ,9,82545,0.000109031,318,ahi,429,
Pekingese                               ,4,82545,4.85E-05,318,ahi,429,
PEKINGESE,3,82545,3.63E-05,318,ahi,429,
Pekinese,2,82545,2.42E-05,318,zzz,429,
Pekingese Cross,1,82545,1.21E-05,-1,zzz,430,
Pekingese X,13,82545,0.00015749,242,ahi,431,
Pekingese X                                       ,9,82545,0.000109031,242,ahi,431,
Pembroke Corgi                          ,9,82545,0.000109031,163,ahi,432,
Pembroke Corgi,6,82545,7.27E-05,163,ahi,432,
Petit basset Griffon Vendeen            ,3,82545,3.63E-05,316,ahi,433,
Petit Basset Griffon Vendeen            ,2,82545,2.42E-05,316,ahi,433,
Pharaoh Hound                                     ,1,82545,1.21E-05,506,zzz,434,
Pharoah Hound                           ,1,82545,1.21E-05,506,zzz,434,
Pharoh Hound,1,82545,1.21E-05,506,zzz,434,
Pharaoh Hound X                                   ,1,82545,1.21E-05,-1,zzz,435,
Pinscher - Miniature,9,82545,0.000109031,-1,zzz,436,
Pinscher X,2,82545,2.42E-05,-1,zzz,437,
Pit Bull Terrier,2,82545,2.42E-05,73,ahi,438,
Pit Bull Terrier                        ,2,82545,2.42E-05,73,ahi,438,
Pit Bull Terrier X,1,82545,1.21E-05,-1,zzz,439,
Pointer,29,82545,0.000351324,7,ahi,440,
Pointer                                           ,24,82545,0.00029075,7,ahi,440,
Pointer                                 ,3,82545,3.63E-05,7,ahi,440,
Pointer Cross,1,82545,1.21E-05,-1,zzz,441,
Pointer X,16,82545,0.000193834,280,ahi,442,
Pointer X                                         ,14,82545,0.000169604,280,ahi,442,
Polish Lowland Sheepdog                           ,2,82545,2.42E-05,-1,zzz,443,
Pomeranian,340,82545,0.004118965,238,ahi,444,
Pomeranian                                        ,183,82545,0.002216973,238,ahi,444,
Pomeranian                              ,74,82545,0.000896481,238,ahi,444,
POMERANIAN,4,82545,4.85E-05,238,ahi,444,
Pomeranian - Miniature,2,82545,2.42E-05,-1,zzz,445,
Pomeranian Cross,24,82545,0.00029075,265,ahi,446,
POMERANIAN CROSS,6,82545,7.27E-05,265,ahi,446,
Pomeranian X,372,82545,0.004506633,81,ahi,447,
Pomeranian X                                      ,248,82545,0.003004422,81,ahi,447,
Pomeranian X - Miniature,2,82545,2.42E-05,-1,zzz,448,
Poodle,248,82545,0.003004422,218,ahi,449,
Poodle                                  ,202,82545,0.00244715,218,ahi,449,
Poodle (Miniature)                                ,121,82545,0.001465867,326,ahi,450,
Poodle Miniature,71,82545,0.000860137,326,ahi,450,
Poodle - Miniature,57,82545,0.000690532,326,ahi,450,
Poodle (Miniature),47,82545,0.000569386,326,ahi,450,
POODLE MINIATURE,10,82545,0.000121146,326,ahi,450,
Poodle (Standard)                                 ,162,82545,0.001962566,290,ahi,451,
Poodle Standard,48,82545,0.000581501,290,ahi,451,
Poodle - Standard,15,82545,0.000181719,290,ahi,451,
POODLE STANDARD,3,82545,3.63E-05,290,ahi,451,
Poodle (Toy)                                      ,205,82545,0.002483494,62,ahi,452,
Poodle - Toy,120,82545,0.001453752,62,ahi,452,
Poodle Toy,93,82545,0.001126658,62,ahi,452,
Poodle (Toy),77,82545,0.000932825,62,ahi,452,
POODLE TOY,18,82545,0.000218063,62,ahi,452,
Poodle (Miniature) X                              ,24,82545,0.00029075,315,ahi,453,
Poodle (Miniature) X,8,82545,9.69E-05,315,ahi,453,
Poodle (Standard) X                               ,451,82545,0.005463686,229,ahi,454,
Poodle Standard X,1,82545,1.21E-05,229,ahi,454,
Poodle (Toy) X                                    ,44,82545,0.000533043,96,ahi,455,
Poodle (Toy) X,9,82545,0.000109031,96,ahi,455,
POODLE MINATURE CROSS,17,82545,0.000205948,-1,zzz,456,
Poodle Miniature Cross,52,82545,0.000629959,-1,zzz,457,
Poodle Standard Cross,34,82545,0.000411897,275,ahi,458,
POODLE STANDARD CROSS,7,82545,8.48E-05,275,ahi,458,
Poodle Toy Cross,21,82545,0.000254407,183,ahi,459,
POODLE TOY CROSS,4,82545,4.85E-05,183,ahi,459,
Poodle X,331,82545,0.004009934,-1,zzz,460,
Poodle X - Miniature,4,82545,4.85E-05,-1,zzz,461,
Poodle X - Toy,21,82545,0.000254407,-1,zzz,462,
Portuguese Water Dog,5,82545,6.06E-05,38,ahi,463,
Portugese Water Dog,4,82545,4.85E-05,38,ahi,463,
Portuguese Water Dog                    ,4,82545,4.85E-05,38,ahi,463,
Portuguese Water Dog                              ,3,82545,3.63E-05,38,ahi,463,
Portugese Water Dog                     ,2,82545,2.42E-05,38,ahi,463,
Pug,228,82545,0.00276213,254,ahi,464,
Pug                                               ,206,82545,0.002495608,254,ahi,464,
Pug                                     ,106,82545,0.001284148,254,ahi,464,
PUG,11,82545,0.000133261,254,ahi,464,
Pug Cross,23,82545,0.000278636,323,ahi,465,
PUG CROSS,7,82545,8.48E-05,323,ahi,465,
Pug X                                             ,198,82545,0.002398692,317,ahi,466,
Pug X,111,82545,0.001344721,317,ahi,466,
Pugalier,62,82545,0.000751105,214,ahi,467,
Pugalier                                ,18,82545,0.000218063,214,ahi,467,
Puli,4,82545,4.85E-05,113,ahi,468,
Puli                                              ,2,82545,2.42E-05,113,ahi,468,
Pyrenean Mountain Dog                             ,3,82545,3.63E-05,294,ahi,469,
Pyrenean Mountain Dog,2,82545,2.42E-05,294,ahi,469,
Pyrenean Mountian Dog,2,82545,2.42E-05,294,zzz,469,
Pyrenean Mountain Dog                   ,1,82545,1.21E-05,294,ahi,469,
Pyrenean Mountain Dog X                           ,1,82545,1.21E-05,-1,zzz,470,
Rare                                              ,1,82545,1.21E-05,-1,zzz,471,
Red Heeler,41,82545,0.000496699,-1,zzz,472,
Red Heeler X,54,82545,0.000654189,-1,zzz,473,
Retriever                                         ,56,82545,0.000678418,8,ahi,474,
Retriever                               ,19,82545,0.000230177,8,ahi,474,
Retriever,15,82545,0.000181719,8,ahi,474,
Retriever - Curly Coated,9,82545,0.000109031,-1,zzz,475,
Retriever Curly,1,82545,1.21E-05,-1,zzz,476,
Retriever Golden,21,82545,0.000254407,-1,zzz,477,
Retriever X                                       ,22,82545,0.000266521,321,ahi,478,
Retriever X,12,82545,0.000145375,321,ahi,478,
Retriever X - Curly Coated,2,82545,2.42E-05,-1,zzz,479,
Rhodesian Ridgeback,126,82545,0.00152644,298,ahi,480,
Rhodesian Ridgeback                               ,118,82545,0.001429523,298,ahi,480,
Rhodesian Ridgeback                     ,84,82545,0.001017627,298,ahi,480,
RHODESIAN RIDGEBACK,6,82545,7.27E-05,298,ahi,480,
Rhodesian Ridgeback Cross,13,82545,0.00015749,224,ahi,481,
RHODESIAN RIDGEBACK CROSS,5,82545,6.06E-05,224,ahi,481,
Rhodesian Ridgeback X                             ,174,82545,0.002107941,95,ahi,482,
Rhodesian Ridgeback X,153,82545,0.001853534,95,ahi,482,
River Murray Retriever                  ,2,82545,2.42E-05,-1,zzz,483,
Rottweiler,436,82545,0.005281967,6,ahi,484,
Rottweiler                                        ,325,82545,0.003937246,6,ahi,484,
Rottweiler                              ,75,82545,0.000908595,6,ahi,484,
ROTTWEILER,2,82545,2.42E-05,6,ahi,484,
Rottweiler Cross,13,82545,0.00015749,181,ahi,485,
ROTTWEILER CROSS,1,82545,1.21E-05,181,ahi,485,
Rottweiler X,308,82545,0.003731298,236,ahi,486,
Rottweiler X                                      ,241,82545,0.00291962,236,ahi,486,
Russian Black Terrier,1,82545,1.21E-05,-1,zzz,487,
Russo - European Laika                  ,1,82545,1.21E-05,-1,zzz,488,
Saint Bernard,5,82545,6.06E-05,145,ahi,489,
Saint Bernard                           ,5,82545,6.06E-05,145,ahi,489,
Saint Bernard X,1,82545,1.21E-05,-1,zzz,490,
Saluki,11,82545,0.000133261,91,ahi,491,
Saluki                                  ,4,82545,4.85E-05,91,ahi,491,
Saluki                                            ,4,82545,4.85E-05,91,ahi,491,
Saluki Cross,1,82545,1.21E-05,-1,zzz,492,
Saluki X                                          ,1,82545,1.21E-05,-1,zzz,493,
Samoyed                                           ,52,82545,0.000629959,235,ahi,494,
Samoyed,44,82545,0.000533043,235,ahi,494,
Samoyed                                 ,29,82545,0.000351324,235,ahi,494,
SAMOYED,1,82545,1.21E-05,235,ahi,494,
Samoyed Cross,4,82545,4.85E-05,205,ahi,495,
SAMOYED CROSS,2,82545,2.42E-05,205,ahi,495,
Samoyed X,15,82545,0.000181719,213,ahi,496,
Samoyed X                                         ,12,82545,0.000145375,213,ahi,496,
Samreiver                               ,1,82545,1.21E-05,-1,zzz,497,
Schipperke,26,82545,0.00031498,69,ahi,498,
Schipperke                                        ,18,82545,0.000218063,69,ahi,498,
Schipperke                              ,9,82545,0.000109031,69,ahi,498,
SCHIPPERKE,1,82545,1.21E-05,69,ahi,498,
Schipperke X,3,82545,3.63E-05,115,ahi,499,
Schipperke X                                      ,1,82545,1.21E-05,115,ahi,499,
Schnauzer,212,82545,0.002568296,68,ahi,500,
Schnauzer                                         ,97,82545,0.001175117,68,ahi,500,
Schnauser,18,82545,0.000218063,68,zzz,500,
SCHNAUZER,3,82545,3.63E-05,68,ahi,500,
Schnauzer - Miniature,85,82545,0.001029741,67,ahi,501,
Schnauzer (Miniature),66,82545,0.000799564,67,ahi,501,
Schnauzer Miniature,27,82545,0.000327094,67,ahi,501,
SCHNAUZER MINIATURE,25,82545,0.000302865,67,ahi,501,
Schnauzer (Giant),3,82545,3.63E-05,161,ahi,502,
SCHNAUZER GIANT,1,82545,1.21E-05,161,ahi,502,
Schnauzer (Giant) X,1,82545,1.21E-05,-1,zzz,503,
Schnauzer (Miniature) X,3,82545,3.63E-05,-1,zzz,504,
Schnauzer Cross,23,82545,0.000278636,57,ahi,505,
SCHNAUZER CROSS,8,82545,9.69E-05,57,ahi,505,
Schnauzer Miniature Cross,2,82545,2.42E-05,-1,zzz,506,
Schnauzer Standard                      ,63,82545,0.00076322,-1,zzz,507,
Schnauzer X                                       ,52,82545,0.000629959,89,ahi,508,
Schnauzer X,31,82545,0.000375553,89,ahi,508,
Schnauzer X - Miniature,19,82545,0.000230177,-1,zzz,509,
Schnauzer X Poodle (listed as Schnoodle)          ,30,82545,0.000363438,-1,zzz,510,
Schnoodle                               ,29,82545,0.000351324,153,ahi,511,
Schnoodle,19,82545,0.000230177,153,ahi,511,
Scotch Collie,2,82545,2.42E-05,-1,zzz,512,
Scotch Terrier,19,82545,0.000230177,-1,zzz,513,
Scotch Terrier X,2,82545,2.42E-05,-1,zzz,514,
Scottish Terrier,25,82545,0.000302865,169,ahi,515,
Scottish Terrier                                  ,24,82545,0.00029075,169,ahi,515,
Scottish Terrier                        ,12,82545,0.000145375,169,ahi,515,
SCOTTISH TERRIER,5,82545,6.06E-05,169,ahi,515,
Scottish Terrier Cross,2,82545,2.42E-05,-1,zzz,516,
Scottish Terrier X,5,82545,6.06E-05,22,ahi,517,
Scottish Terrier X                                ,1,82545,1.21E-05,22,ahi,517,
Setter                                  ,2,82545,2.42E-05,-1,zzz,518,
Shar Pei,153,82545,0.001853534,85,ahi,519,
Shar Pei                                          ,78,82545,0.000944939,85,ahi,519,
Shar-Pei,6,82545,7.27E-05,85,ahi,519,
SHAR PEI,5,82545,6.06E-05,85,ahi,519,
Shar Pei Chinese                        ,35,82545,0.000424011,-1,zzz,520,
Shar Pei X                                        ,91,82545,0.001102429,172,ahi,521,
Shar Pei X,71,82545,0.000860137,172,ahi,521,
Shar-Pei Cross,2,82545,2.42E-05,-1,zzz,522,
Sharplaninac,1,82545,1.21E-05,-1,zzz,523,
Sheepdog,4,82545,4.85E-05,-1,zzz,524,
Sheepdog X,3,82545,3.63E-05,-1,zzz,525,
Sheltie                                 ,13,82545,0.00015749,276,ahi,526,
Sheltie,2,82545,2.42E-05,276,ahi,526,
Shepherd,11,82545,0.000133261,-1,zzz,527,
Shepherd X,18,82545,0.000218063,-1,zzz,528,
Shetland Collie                         ,2,82545,2.42E-05,-1,zzz,529,
Shetland Sheep Dog                                ,91,82545,0.001102429,162,ahi,530,
Shetland Sheepdog,49,82545,0.000593616,162,ahi,530,
Shetland Sheepdog                       ,31,82545,0.000375553,162,ahi,530,
SHETLAND SHEEP DOG,3,82545,3.63E-05,162,ahi,530,
Shetland Sheep Dog X                              ,10,82545,0.000121146,208,ahi,531,
Shetland Sheepdog X,4,82545,4.85E-05,208,ahi,531,
Shetland Sheepdog (Sheltie),43,82545,0.000520928,-1,zzz,532,
Shetland Sheepdog (Sheltie) X,1,82545,1.21E-05,-1,zzz,533,
Shetland Sheepdog Cross,3,82545,3.63E-05,-1,zzz,534,
Shiba Inu,16,82545,0.000193834,61,ahi,535,
Shiba Inu                                         ,13,82545,0.00015749,61,ahi,535,
Shiba Inu                               ,4,82545,4.85E-05,61,ahi,535,
Shiba Inu X                                       ,2,82545,2.42E-05,306,ahi,536,
Shiba Inu X,1,82545,1.21E-05,306,ahi,536,
Shih Tzu,257,82545,0.003113453,179,ahi,537,
Shih Tzu                                          ,170,82545,0.002059483,179,ahi,537,
Shih Tzu                                ,135,82545,0.001635472,179,ahi,537,
Shih-Tzu,30,82545,0.000363438,179,ahi,537,
Shihtzu,19,82545,0.000230177,179,ahi,537,
SHIH TZU,6,82545,7.27E-05,179,ahi,537,
Shih-Tzu Cross,54,82545,0.000654189,310,ahi,538,
SHIH TZU CROSS,12,82545,0.000145375,310,ahi,538,
Shih Tzu X,605,82545,0.007329336,207,ahi,539,
Shih Tzu X                                        ,427,82545,0.005172936,207,ahi,539,
Siberian Husky,376,82545,0.004555091,50,ahi,540,
Siberian Husky                                    ,317,82545,0.00384033,50,ahi,540,
Siberian Husky                          ,45,82545,0.000545157,50,ahi,540,
Siberian Husky Cross,2,82545,2.42E-05,-1,zzz,541,
Siberian Husky X                                  ,114,82545,0.001381065,18,ahi,542,
Siberian Husky X,81,82545,0.000981283,18,ahi,542,
Silky Terrier,74,82545,0.000896481,-1,zzz,543,
Silky Terrier -  Miniature,1,82545,1.21E-05,-1,zzz,544,
Silky Terrier X,59,82545,0.000714762,-1,zzz,545,
Silky Terrier X -  Miniature,1,82545,1.21E-05,-1,zzz,546,
Skye Terrier,8,82545,9.69E-05,234,ahi,547,
SKYE TERRIER,1,82545,1.21E-05,234,ahi,547,
Skye Terrier Cross,1,82545,1.21E-05,-1,zzz,548,
Skye Terrier X,2,82545,2.42E-05,58,ahi,549,
Skye Terrier X                                    ,1,82545,1.21E-05,58,ahi,549,
Smithfield,2,82545,2.42E-05,-1,zzz,550,
Smithfield Cattle Dog                   ,4,82545,4.85E-05,-1,zzz,551,
Smithfield X,1,82545,1.21E-05,-1,zzz,552,
Soft Coat Wheaten Terrier,11,82545,0.000133261,507,zzz,553,
SOFT COATED WHEATON TERRIER,7,82545,8.48E-05,507,zzz,553,
Soft Coated Wheaten Terrier                       ,4,82545,4.85E-05,507,zzz,553,
Spanador                                ,3,82545,3.63E-05,-1,zzz,554,
Spaniel                                 ,29,82545,0.000351324,173,ahi,555,
Spaniel,20,82545,0.000242292,173,ahi,555,
Spaniel Cocker,18,82545,0.000218063,-1,zzz,556,
Spaniel English Springer,1,82545,1.21E-05,-1,zzz,557,
Spaniel Labrador                        ,1,82545,1.21E-05,-1,zzz,558,
Spaniel X,20,82545,0.000242292,118,ahi,559,
Spaniel X                                         ,17,82545,0.000205948,118,ahi,559,
Spaniel x Beagle (listed as Speagle)              ,1,82545,1.21E-05,-1,zzz,560,
Spitz                                   ,2,82545,2.42E-05,-1,zzz,561,
Spitz (see German/Japanese/Finnish)               ,5,82545,6.06E-05,-1,zzz,562,
Spitz X,1,82545,1.21E-05,-1,zzz,563,
Spitz X (see German/Japanes/Finnish)              ,2,82545,2.42E-05,-1,zzz,564,
Spoodle                                 ,174,82545,0.002107941,119,ahi,565,
Spoodle,172,82545,0.002083712,119,ahi,565,
Spoodle (Spaniel X Poodle)                        ,202,82545,0.00244715,-1,zzz,566,
Spoodle X,11,82545,0.000133261,-1,zzz,567,
Spoodle X (Spaniel X Poodle)                      ,9,82545,0.000109031,-1,zzz,568,
Springer Spaniel                        ,10,82545,0.000121146,79,ahi,569,
Springer Spaniel,6,82545,7.27E-05,79,ahi,569,
Springer Spaniel X,4,82545,4.85E-05,-1,zzz,570,
St. Bernard,12,82545,0.000145375,191,ahi,571,
St Bernard                                        ,9,82545,0.000109031,191,ahi,571,
St Bernard,3,82545,3.63E-05,191,ahi,571,
St Bernard X                                      ,3,82545,3.63E-05,193,ahi,572,
St. Bernard X,1,82545,1.21E-05,193,ahi,572,
Staffordshire Bull Terrier                        ,1245,82545,0.015082682,168,ahi,573,
Staffordshire Bull Terrier,1195,82545,0.014476952,168,ahi,573,
Staffordshire Bull Terrier              ,253,82545,0.003064995,168,ahi,573,
STAFFORDSHIRE BULL TERRIER,16,82545,0.000193834,168,ahi,573,
Staffordshire Bull Terrier Cross,42,82545,0.000508813,39,ahi,574,
STAFFORDSHIRE BULL TERRIER CROSS,7,82545,8.48E-05,39,ahi,574,
Staffordshire Bull Terrier X                      ,1530,82545,0.018535344,286,ahi,575,
Staffordshire Bull Terrier X,1506,82545,0.018244594,286,ahi,575,
Staffordshire Terrier                   ,85,82545,0.001029741,177,ahi,576,
Staffordshire Terrier,1,82545,1.21E-05,177,ahi,576,
Staghound                               ,5,82545,6.06E-05,157,ahi,577,
Stag Hound,4,82545,4.85E-05,157,ahi,577,
Stag Hound X,4,82545,4.85E-05,-1,zzz,578,
Standard Poodle                                   ,13,82545,0.00015749,244,ahi,579,
Standard Poodle                         ,4,82545,4.85E-05,244,ahi,579,
Stumpy Tailed Cattle                    ,1,82545,1.21E-05,-1,zzz,580,
Sussex Spaniel,2,82545,2.42E-05,43,ahi,581,
Sussex Spaniel                          ,1,82545,1.21E-05,43,ahi,581,
Swedish Vallhund,8,82545,9.69E-05,23,ahi,582,
Swedish Vallhund                                  ,4,82545,4.85E-05,23,ahi,582,
Swedish Vallhund                        ,1,82545,1.21E-05,23,ahi,582,
Swedish Wolfhound                       ,1,82545,1.21E-05,-1,zzz,583,
Sydney Silky terrier                    ,11,82545,0.000133261,-1,zzz,584,
TENNTIFIELD TERRIER CROSS,1,82545,1.21E-05,-1,zzz,585,
Tenterfield Terrier,278,82545,0.00336786,176,ahi,586,
Tenterfield Terrier                               ,247,82545,0.002992307,176,ahi,586,
Tenterfield Terrier                     ,88,82545,0.001066085,176,ahi,586,
TENTERFIELD TERRIER,7,82545,8.48E-05,176,ahi,586,
Tenterfield Terrier cross,20,82545,0.000242292,-1,zzz,587,
Tenterfield Terrier X,80,82545,0.000969168,53,ahi,588,
Tenterfield Terrier X                             ,47,82545,0.000569386,53,ahi,588,
Terrier,103,82545,0.001247804,128,ahi,589,
Terrier                                 ,88,82545,0.001066085,128,ahi,589,
Terrier                                           ,51,82545,0.000617845,128,ahi,589,
TERRIER - UNKNOWN,11,82545,0.000133261,-1,zzz,590,
Terrier Fox Mini,5,82545,6.06E-05,-1,zzz,591,
Terrier Jack Russell,45,82545,0.000545157,-1,zzz,592,
Terrier Kerry Blue,2,82545,2.42E-05,-1,zzz,593,
Terrier S`Shire Bull,27,82545,0.000327094,-1,zzz,594,
Terrier Welsh,1,82545,1.21E-05,-1,zzz,595,
Terrier Westhighland,19,82545,0.000230177,-1,zzz,596,
Terrier X,293,82545,0.003549579,133,ahi,597,
Terrier X                                         ,141,82545,0.001708159,133,ahi,597,
Terrier Yorkshire,1,82545,1.21E-05,-1,zzz,598,
Tibetan Mastiff,4,82545,4.85E-05,51,ahi,599,
Tibetan Mastiff                                   ,4,82545,4.85E-05,51,ahi,599,
Tibetan Spaniel,61,82545,0.000738991,44,ahi,600,
Tibetan Spaniel                                   ,43,82545,0.000520928,44,ahi,600,
Tibetan Spaniel                         ,37,82545,0.00044824,44,ahi,600,
TIBETAN SPANIEL,3,82545,3.63E-05,44,ahi,600,
Tibetan Spaniel Cross,5,82545,6.06E-05,-1,zzz,601,
Tibetan Spaniel X,23,82545,0.000278636,48,ahi,602,
Tibetan Spaniel X                                 ,14,82545,0.000169604,48,ahi,602,
Tibetan Terrier,9,82545,0.000109031,319,ahi,603,
Tibetan Terrier                                   ,4,82545,4.85E-05,319,ahi,603,
Tibetian Terrier                        ,4,82545,4.85E-05,319,zzz,603,
Tibetan Terrier X,2,82545,2.42E-05,-1,zzz,604,
Toy Poodle                              ,83,82545,0.001005512,-1,zzz,605,
Toy Terrier                             ,1,82545,1.21E-05,-1,zzz,606,
Unknown                                           ,79,82545,0.000957054,30,ahi,607,
Unknown,19,82545,0.000230177,30,ahi,607,
Unknown Breed                           ,1,82545,1.21E-05,-1,zzz,608,
Unknown-pleaseadvise,3,82545,3.63E-05,-1,zzz,609,
Vizsla Pointer                          ,4,82545,4.85E-05,-1,zzz,610,
Water Spaniel,1,82545,1.21E-05,-1,zzz,611,
Weimaraner,59,82545,0.000714762,233,ahi,612,
Weimaraner                                        ,36,82545,0.000436126,233,ahi,612,
Weimaraner X                                      ,8,82545,9.69E-05,268,ahi,613,
Weimaraner X,2,82545,2.42E-05,268,ahi,613,
Weimeraner                              ,35,82545,0.000424011,199,ahi,614,
WEIMERANER,4,82545,4.85E-05,199,ahi,614,
WELSH CORGI,2,82545,2.42E-05,109,ahi,615,
Welsh Corgi                             ,2,82545,2.42E-05,109,ahi,615,
Welsh Corgi  X (Cardigan),9,82545,0.000109031,508,zzz,616,
Welsh Corgi (Cardigan) X                          ,8,82545,9.69E-05,508,zzz,616,
Welsh Corgi (Cardigan)                            ,9,82545,0.000109031,5,ahi,617,
Welsh Corgi Cardigan,5,82545,6.06E-05,5,ahi,617,
Welsh Corgi (Cardigan),1,82545,1.21E-05,5,ahi,617,
WELSH CORGIE CARDIGAN,1,82545,1.21E-05,5,zzz,617,
Welsh Corgi (Pembroke),15,82545,0.000181719,103,ahi,618,
Welsh Corgi (Pembroke)                            ,8,82545,9.69E-05,103,ahi,618,
Welsh Corgi Pembroke,4,82545,4.85E-05,103,ahi,618,
WELSH CORGIE PEMBROKE,4,82545,4.85E-05,103,zzz,618,
Welsh Corgi (Pembroke) Cross,4,82545,4.85E-05,-1,zzz,619,
Welsh Corgi (Pembroke) X                          ,5,82545,6.06E-05,-1,zzz,620,
Welsh Pemb Corgi X,1,82545,1.21E-05,-1,zzz,621,
Welsh Springer Spaniel,12,82545,0.000145375,78,ahi,622,
Welsh Springer Spaniel                            ,9,82545,0.000109031,78,ahi,622,
Welsh Springer Spaniel                  ,2,82545,2.42E-05,78,ahi,622,
Welsh Terrier,5,82545,6.06E-05,21,ahi,623,
Welsh Terrier                           ,2,82545,2.42E-05,21,ahi,623,
WELSH TERRIER,1,82545,1.21E-05,21,ahi,623,
West Highland Terrier                   ,164,82545,0.001986795,249,ahi,624,
West Highland Terrier,105,82545,0.001272033,249,ahi,624,
West Highland Terrier X,40,82545,0.000484584,-1,zzz,625,
West Highland White Terrier                       ,231,82545,0.002798474,230,ahi,626,
West Highland White Terrier,140,82545,0.001696045,230,ahi,626,
WEST HIGHLAND WHITE TERRIER,17,82545,0.000205948,230,ahi,626,
West Highland White Terrier Cross,24,82545,0.00029075,143,ahi,627,
WEST HIGHLAND WHITE TERRIER CROSS,4,82545,4.85E-05,143,ahi,627,
West Highland White Terrier X                     ,73,82545,0.000884366,256,ahi,628,
West Highland White Terrier X,27,82545,0.000327094,256,ahi,628,
Wheaton Terrier                         ,3,82545,3.63E-05,-1,zzz,629,
Whippet                                           ,154,82545,0.001865649,190,ahi,630,
Whippet,142,82545,0.001720274,190,ahi,630,
Whippet                                 ,58,82545,0.000702647,190,ahi,630,
WHIPPET,7,82545,8.48E-05,190,ahi,630,
Whippet Cross,8,82545,9.69E-05,-1,zzz,631,
Whippet X                                         ,34,82545,0.000411897,20,ahi,632,
Whippet X,30,82545,0.000363438,20,ahi,632,
White Swiss Shepherd,6,82545,7.27E-05,509,ahi,633,
White Swiss Shepard,1,82545,1.21E-05,509,zzz,633,
White Swiss Shepherd                    ,1,82545,1.21E-05,509,ahi,633,
White Swiss Shepherd Dog                          ,13,82545,0.00015749,-1,zzz,634,
Wirehaired Terrier                      ,4,82545,4.85E-05,510,zzz,635,
Wire Hair Terrier,3,82545,3.63E-05,510,zzz,635,
Wire Hair Terrier X,1,82545,1.21E-05,-1,zzz,636,
Wire Haired Fox Terrier                 ,2,82545,2.42E-05,-1,zzz,637,
Wolfhound X,6,82545,7.27E-05,-1,zzz,638,
X Breed,91,82545,0.001102429,217,ahi,639,
X Breed                                 ,2,82545,2.42E-05,217,ahi,639,
XOLOITZCUINTLI                          ,1,82545,1.21E-05,-1,zzz,640,
Yorkshire Terrier                                 ,51,82545,0.000617845,257,ahi,641,
Yorkshire Terrier,33,82545,0.000399782,257,ahi,641,
Yorkshire Terrier                       ,16,82545,0.000193834,257,ahi,641,
YORKSHIRE TERRIER,3,82545,3.63E-05,257,ahi,641,
YORKSHIRE TERRIER CROSS,1,82545,1.21E-05,111,ahi,642,
Yorkshire Terrier Cross,1,82545,1.21E-05,111,ahi,642,
Yorkshire Terrier X,7,82545,8.48E-05,112,ahi,643,
Yorkshire Terrier X                               ,4,82545,4.85E-05,112,ahi,643,