Category_Set,Category_Occurrences,Total_Examples,percent_of_entries,Entity_Number
mining_manufacturing_utilities_isic_c_e,9234,73645,0.1253852943173331,-1
construction_isic_f,9234,73645,0.1253852943173331,-1
total_value_added,9234,73645,0.1253852943173331,-1
other_activities_isic_j_p,9234,73645,0.1253852943173331,-1
manufacturing_isic_d,9191,73645,0.1248014121800529,-1
transport_storage_and_communication_isic_i,9188,73645,0.1247606762169869,-1
wholesale_retail_trade_restaurants_and_hotels_isic_g_h,9188,73645,0.1247606762169869,-1
agriculture_hunting_forestry_fishing_isic_a_b,9142,73645,0.1241360581166406,-1
