Category_Set,Category_Occurrences,Total_Examples,percent_of_entries,Entity_Number
final_consumption_expenditure,9234,80583,0.1145899259148952,-1
gross_domestic_product_gdp,9234,80583,0.1145899259148952,-1
exports_of_goods_and_services,9213,80583,0.1143293250437437,-1
imports_of_goods_and_services,9192,80583,0.1140687241725922,-1
household_consumption_expenditure_including_non_profit_institutions_serving_households,9188,80583,0.1140190859114205,-1
gross_fixed_capital_formation_including_acquisitions_less_disposals_of_valuables,9188,80583,0.1140190859114205,-1
general_government_final_consumption_expenditure,9188,80583,0.1140190859114205,-1
gross_capital_formation,9188,80583,0.1140190859114205,-1
changes_in_inventories,6958,80583,0.0863457553081915,-1
