label,Attribute_name,total_vals,num_nans,num_of_dist_val,mean,std_dev,min_val,max_val,%_dist_val,%_nans,sample_1,sample_2,sample_3,sample_4,sample_5,has_delimiters,has_url,has_email,has_date,mean_word_count,std_dev_word_count,mean_stopword_total,stdev_stopword_total,mean_char_count,stdev_char_count,mean_whitespace_count,stdev_whitespace_count,mean_delim_count,stdev_delim_count,is_list,is_long_sentence
7,Id,148654,0,148654,74327.5,42912.71346,1,148654,100,0,71492,20474,135476,83586,122772,FALSE,FALSE,FALSE,TRUE,1,0,0,0,5.4,0.489897949,0,0,0,0,FALSE,FALSE
7,EmployeeName,148654,0,110811,0,0,0,0,74.54289827,0,Steve Smith,STEVEN VACCAREZZA,Sang N Tran,Shonda T Poole,Graham P Hoffman,FALSE,FALSE,FALSE,FALSE,2.6,0.489897949,0,0,13.8,2.481934729,1.6,0.489897949,1.6,0.489897949,FALSE,FALSE
1,JobTitle,148654,0,2159,0,0,0,0,1.452365897,0,Special Nurse,TRANSIT TRAFFIC CHECKER,Food Service Worker,Transit Supervisor,EMT/Paramedic/Firefighter,FALSE,FALSE,FALSE,FALSE,2.2,0.748331477,0,0,19.6,4.176122604,1.2,0.748331477,1.2,0.748331477,FALSE,FALSE
7,BasePay,148654,605,109900,0,0,0,0,73.93006579,0.406985349,1850.03,58496.09,48515.4,69874.6,80031.97,FALSE,FALSE,FALSE,TRUE,1,0,0,0,7.4,0.489897949,0,0,0,0,FALSE,FALSE
7,OvertimePay,148654,0,66555,0,0,0,0,44.77175185,0,0,1809.52,3102.27,34261.32,11455.35,FALSE,FALSE,FALSE,TRUE,1,0,0,0,6.6,1.854723699,0,0,0,0,FALSE,FALSE
7,OtherPay,148654,0,84968,0,0,0,0,57.15823321,0,0,1450.54,1269.52,5243.17,5163.82,FALSE,FALSE,FALSE,TRUE,1,0,0,0,6.2,1.6,0,0,0,0,FALSE,FALSE
7,Benefits,148654,36159,99635,0,0,0,0,67.02476893,24.32426978,518.9,,26460.63,26244.69,31853,FALSE,FALSE,FALSE,TRUE,1,0,0,0,6.2,1.939071943,0,0,0,0,FALSE,FALSE
0,TotalPay,148654,0,138486,74768.32197,50516.83536,-618.13,567595.43,93.15995533,0,1850.03,61756.15,52887.19,109379.09,96651.14,FALSE,FALSE,FALSE,TRUE,1,0,0,0,8,0.632455532,0,0,0,0,FALSE,FALSE
7,TotalPayBenefits,148654,0,142098,93692.55481,62793.32228,-618.13,567595.43,95.58975877,0,2368.93,61756.15,79347.82,135623.78,128504.14,FALSE,FALSE,FALSE,TRUE,1,0,0,0,8.2,0.748331477,0,0,0,0,FALSE,FALSE
1,Year,148654,0,4,2012.522643,1.117533827,2011,2014,0.002690812,0,2012,2011,2014,2013,2012,FALSE,FALSE,FALSE,TRUE,1,0,0,0,4,0,0,0,0,0,FALSE,FALSE
7,Notes,148654,148654,0,0,0,0,0,0,100,,,,,,FALSE,FALSE,FALSE,TRUE,1,0,0,0,3,0,0,0,0,0,FALSE,FALSE
7,Agency,148654,0,1,0,0,0,0,0.000672703,0,San Francisco,San Francisco,San Francisco,San Francisco,San Francisco,FALSE,FALSE,FALSE,FALSE,2,0,0,0,13,0,1,0,1,0,FALSE,FALSE
1,Status,148654,110535,2,0,0,0,0,0.001345406,74.35723223,,FT,PT,PT,PT,FALSE,FALSE,FALSE,FALSE,1,0,0,0,2.2,0.4,0,0,0,0,FALSE,FALSE