label,Attribute_name,total_vals,num_nans,num_of_dist_val,mean,std_dev,min_val,max_val,%_dist_val,%_nans,sample_1,sample_2,sample_3,sample_4,sample_5,has_delimiters,has_url,has_email,has_date,mean_word_count,std_dev_word_count,mean_stopword_total,stdev_stopword_total,mean_char_count,stdev_char_count,mean_whitespace_count,stdev_whitespace_count,mean_delim_count,stdev_delim_count,is_list,is_long_sentence
1,Dorm,98,3,8,0,0,0,0,8.163265306,3.06122449,Day student,Bellingrath,Irene,George,Coit,FALSE,FALSE,FALSE,FALSE,1.2,0.4,0,0,7.4,3.006659276,0.2,0.4,0.2,0.4,FALSE,FALSE
1,Quality,98,0,4,2.255102041,0.895695198,1,4,4.081632653,0,1,4,2,3,4,FALSE,FALSE,FALSE,TRUE,1,0,0,0,1,0,0,0,0,0,FALSE,FALSE
1,HotspotFrequency,98,0,5,0,0,0,0,5.102040816,0,Never,Often,Rarely,Occasionally,I do not have a phone,FALSE,FALSE,FALSE,FALSE,2,2,0.8,1.6,9.8,6.177378085,1,2,1,2,FALSE,FALSE
1,HotspotUse,98,0,4,0,0,0,0,4.081632653,0,I do not use hotspots,I use hotspots for other reasons,Yes,No,Yes,FALSE,FALSE,FALSE,FALSE,2.8,2.227105745,0.8,0.979795897,12.2,12.18851919,1.8,2.227105745,1.8,2.227105745,FALSE,FALSE
1,Problem,98,0,3,0,0,0,0,3.06122449,0,Connecting to the wifi,I do not have any problems,The speed of the wifi,The speed of the wifi,The speed of the wifi,FALSE,FALSE,FALSE,FALSE,5,0.632455532,2.4,0.8,22.2,1.939071943,4,0.632455532,4,0.632455532,FALSE,FALSE
1,TechCenter,98,0,2,0,0,0,0,2.040816327,0,No,Yes,Yes,Yes,Yes,FALSE,FALSE,FALSE,FALSE,1,0,0,0,2.8,0.4,0,0,0,0,FALSE,FALSE
1,Inhibit,98,0,5,0,0,0,0,5.102040816,0,Sometimes,Always,Rarely,Often,Never,FALSE,FALSE,FALSE,FALSE,1,0,0,0,6.2,1.469693846,0,0,0,0,FALSE,FALSE
1,DataPlan,98,0,3,0,0,0,0,3.06122449,0,No,Yes,I don't have access to cellular data.,No,No,FALSE,FALSE,FALSE,FALSE,2.2,2.4,0.6,1.2,9.2,13.90539464,1.2,2.4,1.2,2.4,FALSE,FALSE
1,Locations,98,3,69,0,0,0,0,70.40816327,3.06122449,In class,Bellingrath,Hodgson Hall,Hodgson,Dorm,FALSE,FALSE,FALSE,FALSE,1.4,0.489897949,0,0,8.4,2.870540019,0.4,0.489897949,0.4,0.489897949,FALSE,FALSE