Locations,times_entered,total,percent_of_entries,group,reason,group_new
A n t,1,98,0.010204082,1,,
A&T,2,98,0.020408163,1,,
A&t,1,98,0.010204082,1,,
a&t,1,98,0.010204082,1,,
A&T / Dorm,1,98,0.010204082,2,,
A&T Building,1,98,0.010204082,1,,
at hodgson,1,98,0.010204082,20,,
At school,1,98,0.010204082,4,,
Bellingrath,2,98,0.020408163,5,,
Class,4,98,0.040816327,6,,
class,1,98,0.010204082,6,,
Class room,1,98,0.010204082,7,,
Classes - Hodgson ,1,98,0.010204082,8,,
"Classes, student center",1,98,0.010204082,9,,
Classes/Library,1,98,0.010204082,10,,
Classroom ,1,98,0.010204082,7,,
Classrooms,1,98,0.010204082,7,,
Classrooms?,1,98,0.010204082,7,,
Coit,1,98,0.010204082,11,,
Dorm,8,98,0.081632653,12,,
dorm,6,98,0.06122449,12,,
dorm and high school ,1,98,0.010204082,13,,
"Dorm, Student Center, Classroom",1,98,0.010204082,14,,
Dorm. TV Room.,1,98,0.010204082,15,,
dorn,1,98,0.010204082,12,,
Everywhere ,1,98,0.010204082,16,,
George dorm,1,98,0.010204082,17,,
High School,1,98,0.010204082,18,,
High school,1,98,0.010204082,18,,
Highschool and a&t,1,98,0.010204082,19,,
hight school and a&t,1,98,0.010204082,19,,
Hodgenson hall,1,98,0.010204082,20,,
Hodgeson,2,98,0.020408163,20,,
Hodgision hall,1,98,0.010204082,20,,
Hodgson,3,98,0.030612245,20,,
hodgson,1,98,0.010204082,20,,
Hodgson ,1,98,0.010204082,20,,
Hodgson Hall,3,98,0.030612245,20,,
Hodgson hall,2,98,0.020408163,20,,
Hodgson Hall ,1,98,0.010204082,20,,
Hodgson Hall or Student Center,1,98,0.010204082,21,,
Hodgson or student center ,1,98,0.010204082,21,,
Hodgson/ A&T,1,98,0.010204082,3,,
hodgsons hall,1,98,0.010204082,20,,
Hodson hall,1,98,0.010204082,20,,
Hogdson Hall,1,98,0.010204082,20,,
In class,3,98,0.030612245,6,,
in class,1,98,0.010204082,6,,
In classrooms and in the library.,1,98,0.010204082,22,,
In the clasroom or in the library,1,98,0.010204082,23,,
In the dorm,1,98,0.010204082,12,,
In the highschool,1,98,0.010204082,18,,
In the library or at the A&T. ,1,98,0.010204082,24,,
Library,1,98,0.010204082,25,,
Library ,1,98,0.010204082,25,,
SC/Library,1,98,0.010204082,26,,
School,2,98,0.020408163,27,,
School and dorm,1,98,0.010204082,28,,
school and dorm,1,98,0.010204082,28,,
"School, dorm",1,98,0.010204082,28,,
Teacher Learning Center,1,98,0.010204082,29,,
The A&T,1,98,0.010204082,1,,
the a&t,1,98,0.010204082,1,,
The dorm,1,98,0.010204082,12,,
The library,1,98,0.010204082,25,,
"TLC, Hodgeson hall, a and t",1,98,0.010204082,30,,
Upper school ,1,98,0.010204082,31,,
Working on my laptop ,1,98,0.010204082,32,,
yes,1,98,0.010204082,33,,