Locations,times_entered,total,percent_of_entries,group,class
A&T,2,98,0.020408163,1,-1
A n t,1,98,0.010204082,1,14
A&t,1,98,0.010204082,1,1
a&t,1,98,0.010204082,1,1
A&T Building,1,98,0.010204082,1,7
The A&T,1,98,0.010204082,1,8
the a&t,1,98,0.010204082,1,18
A&T / Dorm,1,98,0.010204082,2,
Hodgson/ A&T,1,98,0.010204082,3,
At school,1,98,0.010204082,4,
Bellingrath,2,98,0.020408163,5,
Class,4,98,0.040816327,6,-1
In class,3,98,0.030612245,6,17
class,1,98,0.010204082,6,1
in class,1,98,0.010204082,6,17
Class room,1,98,0.010204082,7,-1
Classroom ,1,98,0.010204082,7,4
Classrooms,1,98,0.010204082,7,48
Classrooms?,1,98,0.010204082,7,48
Classes - Hodgson ,1,98,0.010204082,8,
"Classes, student center",1,98,0.010204082,9,
Classes/Library,1,98,0.010204082,10,
Coit,1,98,0.010204082,11,
Dorm,8,98,0.081632653,12,-1
dorm,6,98,0.06122449,12,1
dorn,1,98,0.010204082,12,12
In the dorm,1,98,0.010204082,12,17
The dorm,1,98,0.010204082,12,18
dorm and high school ,1,98,0.010204082,13,
"Dorm, Student Center, Classroom",1,98,0.010204082,14,
Dorm. TV Room.,1,98,0.010204082,15,
Everywhere ,1,98,0.010204082,16,
George dorm,1,98,0.010204082,17,
High School,1,98,0.010204082,18,-1
High school,1,98,0.010204082,18,1
In the highschool,1,98,0.010204082,18,147
Highschool and a&t,1,98,0.010204082,19,-1
hight school and a&t,1,98,0.010204082,19,12
Hodgson,3,98,0.030612245,20,-1
Hodgson Hall,3,98,0.030612245,20,7
Hodgeson,2,98,0.020408163,20,2
Hodgson hall,2,98,0.020408163,20,7
at hodgson,1,98,0.010204082,20,17
Hodgenson hall,1,98,0.010204082,20,27
Hodgision hall,1,98,0.010204082,20,27
hodgson,1,98,0.010204082,20,12
Hodgson ,1,98,0.010204082,20,12
Hodgson Hall ,1,98,0.010204082,20,7
hodgsons hall,1,98,0.010204082,20,178
Hodson hall,1,98,0.010204082,20,27
Hogdson Hall,1,98,0.010204082,20,27
Hodgson Hall or Student Center,1,98,0.010204082,21,-1
Hodgson or student center ,1,98,0.010204082,21,17
In classrooms and in the library.,1,98,0.010204082,22,
In the clasroom or in the library,1,98,0.010204082,23,
In the library or at the A&T. ,1,98,0.010204082,24,
Library,1,98,0.010204082,25,-1
Library ,1,98,0.010204082,25,4
The library,1,98,0.010204082,25,18
SC/Library,1,98,0.010204082,26,
School,2,98,0.020408163,27,
School and dorm,1,98,0.010204082,28,-1
school and dorm,1,98,0.010204082,28,1
"School, dorm",1,98,0.010204082,28,47
Teacher Learning Center,1,98,0.010204082,29,
"TLC, Hodgeson hall, a and t",1,98,0.010204082,30,
Upper school ,1,98,0.010204082,31,
Working on my laptop ,1,98,0.010204082,32,
yes,1,98,0.010204082,33,