Category_Set,Category_Occurrences,Total_Examples,Entity_Number
Affenpinscher                                     ,4,82545,1
Affenpinscher                           ,2,82545,1
Affenpinscher,1,82545,1
Afghan                                  ,12,82545,2
Afghan,3,82545,2
Afghan Hound                                      ,10,82545,3
Airedale,1,82545,4
Airedale Terrier,38,82545,5
Airedale Terrier                        ,32,82545,5
Airedale Terrier                                  ,22,82545,5
AIREDALE TERRIER,4,82545,5
Airedale Terrier Cross,1,82545,6
Airedale Terrier X                                ,2,82545,7
Airedale Terrier X,1,82545,7
Akita,85,82545,8
Akita                                             ,55,82545,8
Akita                                   ,13,82545,8
Akita X,38,82545,9
Akita X                                           ,31,82545,9
Alaskan Malamute                                  ,153,82545,10
Alaskan Malamute,151,82545,10
Alaskan Malamute                        ,19,82545,10
Alaskan Malamute Cross,1,82545,11
Alaskan Malamute X,52,82545,12
Alaskan Malamute X                                ,43,82545,12
Alsatian,1,82545,13
Alsatian X,1,82545,14
Amer Staff Terrier                      ,56,82545,15
American  Pit Bull Terrier                        ,5,82545,16
American Pit Bull Terrier,2,82545,16
American Bulldog,50,82545,17
American Bull Dog,35,82545,17
American Bulldog                        ,15,82545,17
American Bull Mastiff,2,82545,18
American Bull Terrier,11,82545,19
American Bulldog X,18,82545,20
American Cocker Spaniel,4,82545,21
American Pit Bull,2,82545,22
American Spoodle,1,82545,23
American Staff X (listed as Am Pit Bull TerrierX) ,2,82545,24
American Staffordshire Bull Terrier,249,82545,25
American Staffordshire Bull Terrier X,127,82545,26
American Staffordshire Terrier                    ,571,82545,27
American Staffordshire Terrier,339,82545,27
AMERICAN STAFFORDSHIRE TERRIER,2,82545,27
American Staffordshire Terrier Cross,121,82545,28
American Staffordshire Terrier X                  ,245,82545,29
Anatolian Shepherd Dog,2,82545,30
Anatolian Shephard Dog,1,82545,30
Anatolian Shephard Dog Cross,1,82545,31
Anotolian Shepherd,2,82545,32
Anatolian Shepherd                                ,1,82545,32
Anatolian Shepherd Dog X,2,82545,33
Anatolian Shepherd X                              ,2,82545,34
Aust Bulldog,8,82545,35
AUST CATTLE DOG CROSS,1,82545,36
Aust Terrier Silky,5,82545,37
Australian Bulldog,29,82545,38
Australian Bulldog - Miniature,5,82545,39
Australian Cattle Dog                             ,470,82545,40
Australian Cattle Dog,368,82545,40
Australian Cattle Dog                   ,35,82545,40
AUSTRALIAN CATTLE DOG,13,82545,40
Australian Cattle Dog Cross,33,82545,41
Australian Cattle Dog X                           ,584,82545,42
Australian Cattle Dog X,289,82545,42
Australian Kelpie                                 ,631,82545,43
Australian Kelpie                       ,473,82545,43
Australian Kelpie,283,82545,43
AUSTRALIAN KELPIE,8,82545,43
Australian Kelpie Cross,90,82545,44
AUSTRALIAN KELPIE CROSS,11,82545,44
Australian Kelpie X                               ,1211,82545,45
Australian Kelpie X,389,82545,45
Australian Shepherd                               ,138,82545,46
Australian Shepherd,78,82545,46
Australian Shepherd                     ,43,82545,46
AUSTRALIAN SHEPHERD,3,82545,46
Australian Shepherd Cross,6,82545,47
Australian Shepherd X                             ,14,82545,48
Australian Shepherd X,7,82545,48
Australian Silky Terrier                          ,98,82545,49
Australian Silky Terrier,93,82545,49
Australian Silky Terrier                ,41,82545,49
AUSTRALIAN SILKY TERRIER,5,82545,49
Australian Silky Terrier Cross,8,82545,50
AUSTRALIAN SILKY TERRIER CROSS,3,82545,50
Australian Silky Terrier X                        ,94,82545,51
Australian Silky Terrier X,82,82545,51
Australian Stumpy Tail Cattle Dog                 ,16,82545,52
Australian Stumpy Tail Cattle Dog,2,82545,52
Australian Stumpy Tail Cattle Dog X,1,82545,53
Australian Terrier,117,82545,54
Australian Terrier                                ,62,82545,54
Australian Terrier                      ,46,82545,54
Australian Terrier Cross,25,82545,55
AUSTRALIAN TERRIER CROSS,1,82545,55
Australian Terrier X,64,82545,56
Australian Terrier X                              ,62,82545,56
Australian Terrier X - Miniature,1,82545,57
Basenji,9,82545,58
Basenji                                 ,7,82545,58
Basenji                                           ,3,82545,58
Basenji X,7,82545,59
Basenji X                                         ,5,82545,59
Basset Fauve de Bretagne,1,82545,60
Basset Fauve de Bretagne                          ,1,82545,60
Bassett Hound                                     ,22,82545,61
Bassett Hound,8,82545,61
Basset Hound,7,82545,61
Bassett Hound                           ,3,82545,61
BASSET HOUND,2,82545,61
Bassett Hound X,2,82545,62
Beagle,554,82545,63
Beagle                                            ,473,82545,63
Beagle                                  ,186,82545,63
BEAGLE,9,82545,63
Beagle Cross,26,82545,64
BEAGLE CROSS,5,82545,64
Beagle X,182,82545,65
Beagle X                                          ,165,82545,65
Beaglier                                ,32,82545,66
Bearded Collie,32,82545,67
Bearded Collie                                    ,14,82545,67
Bearded Collie                          ,6,82545,67
BEARDED COLLIE,2,82545,67
Bearded Collie Cross,1,82545,68
Bearded Collie X,5,82545,69
Bearded Collie X                                  ,4,82545,69
Bedlington Terrier                      ,5,82545,70
Bedlington Terrier                                ,5,82545,70
Bedlington Terrier,3,82545,70
Bedlington Terrier Cross,1,82545,71
Belgian Sheepdog,8,82545,72
Belgian Sheepdog                        ,1,82545,72
Belgian Sheepdog X,1,82545,73
Belgian Shepherd                                  ,45,82545,74
Belgian Shepherd                        ,19,82545,74
Belgian Shepherd,16,82545,74
Belgian Shepherd Dog,40,82545,75
Belgian Shepherd Dog X,8,82545,76
Belgian Shepherd X                                ,9,82545,77
Belgian Shepherd X,7,82545,77
Bergamasco Shepherd Dog                           ,1,82545,78
Bernese Mountain Dog                              ,38,82545,79
Bernese Mountain Dog                    ,28,82545,79
Bernese Mountain Dog,23,82545,79
BERNESE MOUNTAIN DOG,1,82545,79
Bernese Mountain Dog X                            ,10,82545,80
Bernese Mountain Dog X,3,82545,80
Bichon Frise,107,82545,81
Bichon Frise                                      ,87,82545,81
Bichon Frise                            ,61,82545,81
BICHON FRISE,7,82545,81
Bichon Frise Cross,16,82545,82
BICHON FRISE CROSS,2,82545,82
Bichon Frise X                                    ,86,82545,83
Bichon Frise X,37,82545,83
Bichon Frise x,33,82545,83
Bloodhound                                        ,5,82545,84
Bloodhound,1,82545,84
Bloodhound                              ,1,82545,84
Bloodhound X,1,82545,85
Blue Heeler,107,82545,86
Blue Heeler X,88,82545,87
Border Collie                                     ,1212,82545,88
Border Collie,880,82545,88
Border Collie                           ,560,82545,88
BORDER COLLIE,11,82545,88
Border Collie (listed as German Coolie)           ,6,82545,89
Border Collie Cross,53,82545,90
BORDER COLLIE CROSS,7,82545,90
Border Collie X                                   ,608,82545,91
Border Collie X,463,82545,91
Border Collie X (listed as German Coolie X)       ,1,82545,92
Border Collie X (listed as Hungarian Coolie)      ,14,82545,93
Border Collie X (listed as Koolie)                ,1,82545,94
Border Terrier                                    ,44,82545,95
Border Terrier,42,82545,95
Border Terrier                          ,40,82545,95
BORDER TERRIER,3,82545,95
BORDER TERRIER CROSS,1,82545,96
Border Terrier X                                  ,5,82545,97
Border Terrier X,4,82545,97
Borzoi,8,82545,98
Borzoi                                            ,4,82545,98
Borzoi                                  ,3,82545,98
Borzoi X                                          ,2,82545,99
Borzoi X,1,82545,99
Boston Terrier,32,82545,100
Boston Terrier                                    ,19,82545,100
BOSTON TERRIER,8,82545,100
Boston Terrier                          ,7,82545,100
Boston Terrier X,2,82545,101
Boston Terrier X                                  ,2,82545,101
BOUVIER DE FLANDERS,1,82545,102
Bouvier des Flanders,2,82545,103
Bouvier Des Flandres                              ,2,82545,103
Bouvier Des Flandres,1,82545,103
Boxer                                             ,292,82545,104
Boxer,248,82545,104
Boxer                                   ,94,82545,104
BOXER,4,82545,104
Boxer Cross,4,82545,105
BOXER CROSS,2,82545,105
Boxer X                                           ,120,82545,106
Boxer X,82,82545,106
Brazilian Mastiff X,1,82545,107
BREED UNKNOWN,5,82545,108
Briard                                            ,4,82545,109
Briard,1,82545,109
Briard X                                          ,2,82545,110
British Bulldog                                   ,128,82545,111
British Bulldog,63,82545,111
British Bulldog                         ,11,82545,111
BRITISH BULLDOG,1,82545,111
British Bulldog X                                 ,54,82545,112
British Bulldog X,11,82545,112
British Bulldog X (listed as American Bull Dog X) ,13,82545,113
British Bulldog X (listed as American Bull Dog)   ,33,82545,114
British Bulldog X (listed as Aussie Bulldog)      ,14,82545,115
Brittanny Spaniel                       ,8,82545,116
Brittany                                          ,11,82545,117
Brittany,7,82545,117
BRITTANY,4,82545,117
Brittany Cross,4,82545,118
Brittany Spaniel,6,82545,119
Brittany Spaniel X,3,82545,120
Bull Arab,6,82545,121
Bull Arab                               ,6,82545,121
Bull Arab Cross,2,82545,122
Bull Arab X,5,82545,123
Bullmastiff                                       ,77,82545,124
Bullmastiff,30,82545,124
Bull Mastiff,26,82545,124
Bullmastiff                             ,16,82545,124
Bullmastiff X                                     ,92,82545,125
Bull Mastiff X,52,82545,125
Bullmastiff X,28,82545,125
Bull Terrier,139,82545,126
Bull Terrier                                      ,122,82545,126
Bull Terrier                            ,27,82545,126
Bull Terrier (listed as English Bull Terrier)     ,17,82545,127
Bull Terrier (Miniature)                          ,5,82545,128
Bull Terrier (Miniature),4,82545,128
Bull Terrier (Miniature) X                        ,1,82545,129
Bull Terrier Cross,4,82545,130
BULL TERRIER CROSS,1,82545,130
Bull Terrier X,117,82545,131
Bull Terrier X                                    ,96,82545,131
Bulldog,88,82545,132
Bulldog                                 ,16,82545,132
BULLDOG,1,82545,132
Bulldog X,2,82545,133
Bullmastiff Cross,4,82545,134
Cairn Terrier                                     ,57,82545,135
Cairn Terrier                           ,47,82545,135
Cairn Terrier,42,82545,135
Caine Terrier,19,82545,135
CAIRN TERRIER,2,82545,135
Cairn Terrier Cross,5,82545,136
Cairn Terrier X                                   ,29,82545,137
Cairn Terrier X,15,82545,137
Canaan Dog,1,82545,138
CANADIAN  ESKIMO DOG,1,82545,139
Cane Corso,9,82545,140
Cane Corso                                        ,3,82545,140
Cardigan Corgi,2,82545,141
Cardigan Corgi                          ,2,82545,141
Carshinaz                               ,1,82545,142
Cattle Dog,43,82545,143
Cattle Dog X,30,82545,144
Cavador                                 ,1,82545,145
Cavalier King Charles Spaniel,617,82545,146
Cavalier King Charles Spaniel                     ,500,82545,146
Cavalier King Charles Spaniel           ,275,82545,146
CAVALIER KING CHARLES SPANIEL,19,82545,146
Cavalier King Charles Spaniel Cross,165,82545,147
CAVALIER KING CHARLES SPANIEL CROSS,21,82545,147
Cavalier King Charles Spaniel X                   ,302,82545,148
Cavalier King Charles Spaniel X,208,82545,148
Cavocker                                ,1,82545,149
Cavoodle,169,82545,150
Cavoodle                                ,109,82545,150
Cavoodle (Cavalier X Poodle                       ,105,82545,151
Central Asian Shepherd                            ,5,82545,152
Chesapeake Bay Retriever                          ,2,82545,153
Chesapeake Bay Retriever,1,82545,153
Chihuahua,783,82545,154
Chihuahua                                         ,443,82545,154
Chihuahua                               ,145,82545,154
CHIHUAHUA,10,82545,154
Chihuahua - Long Haired,12,82545,155
Chihuahua Long Haired                   ,7,82545,155
Chihuahua - Smooth Coat,4,82545,156
Chihuahua Cross,42,82545,157
CHIHUAHUA CROSS,5,82545,157
Chihuahua X,705,82545,158
Chihuahua X                                       ,379,82545,158
Chihuahua X - Long Haired,2,82545,159
Chihuahua X - Smooth Coat,1,82545,160
Chinese Crested,19,82545,161
Chinese Crested                         ,8,82545,161
Chinese Crested Dog                               ,44,82545,162
Chinese Crested Dog,10,82545,162
CHINESE CRESTED DOG,1,82545,162
Chinese Crested Dog X                             ,3,82545,163
Chinese Crested Dog X,2,82545,163
Chow Chow,24,82545,164
Chow Chow                                         ,10,82545,164
Chow Chow                               ,5,82545,164
CHOW CHOW,1,82545,164
Chow Chow X,3,82545,165
Chow Chow X                                       ,3,82545,165
Clumber Spaniel                                   ,3,82545,166
Cocker Spaniel                                    ,395,82545,167
Cocker Spaniel,391,82545,167
Cocker Spaniel                          ,243,82545,167
COCKER SPANIEL,12,82545,167
Cocker Spaniel (American)                         ,9,82545,168
Cocker Spaniel (American)               ,5,82545,168
Cocker Spaniel American,5,82545,168
Cocker Spaniel (American),2,82545,168
Cocker Spaniel Cross,127,82545,169
COCKER SPANIEL CROSS,13,82545,169
Cocker Spaniel X                                  ,112,82545,170
Cocker Spaniel X,96,82545,170
Collie                                  ,16,82545,171
Coolie                                  ,15,82545,171
Collie,13,82545,171
Coolie,6,82545,171
Collie (Rough)                                    ,47,82545,172
Collie (Rough),34,82545,172
Collie - Rough,13,82545,172
Collie Rough                            ,8,82545,172
Collie Rough,3,82545,172
Collie (Smooth),19,82545,173
Collie (Smooth)                                   ,8,82545,173
Collie - Smooth,2,82545,173
Collie (Rough Coat) X,37,82545,174
Collie Rough Cross,4,82545,175
COLLIE (ROUGH) CROSS,1,82545,175
Collie (Rough) X                                  ,69,82545,176
Collie (Smooth) X                                 ,8,82545,177
Collie (Smooth) X,7,82545,177
Collie X,24,82545,178
Coolie X,12,82545,178
Corgi                                   ,26,82545,179
Corgi,21,82545,179
Corgi (see either Welsh Cardigan/ Welsh Pembroke) ,17,82545,180
Corgi Welsh,1,82545,181
Corgi X,52,82545,182
Corgi X(see either Welsh Cardigan/ Welsh Pembroke),27,82545,183
Cross                                   ,25,82545,184
Cross Breed,60,82545,185
Cross Breed (Unknown),2,82545,186
CROSS BREED UNKNOWN,2,82545,186
Curly Coated Retriever                            ,26,82545,187
Curly Coat Retriever                    ,13,82545,187
Curly Coated Retriever,8,82545,187
Curly-coated Retriever,4,82545,187
Curly Coated Retriever X                          ,5,82545,188
Curly Coated Retriever X,2,82545,188
Dachshund                                         ,113,82545,189
Dachshund,103,82545,189
Dachshund                               ,33,82545,189
DACHSHUND,5,82545,189
Dachshund (Miniature)                             ,53,82545,190
Dachshund - Miniature,45,82545,190
Dachshund Miniature                     ,27,82545,190
Dachshund (Miniature),23,82545,190
Dachshund Minature,22,82545,190
DACHSHUND (MINITURE),5,82545,190
Dachshund (Miniature) X                           ,3,82545,191
Dachshund Cross,3,82545,192
DACHSHUND CROSS,1,82545,192
Dachshund Long Haired                   ,1,82545,193
Dachshund Min Long Haired               ,2,82545,194
Dachshund Minature Cross,1,82545,195
Dachshund Mini,3,82545,196
Dachshund Short Haired                  ,5,82545,197
Dachshund Wire Haired                   ,1,82545,198
Dachshund X                                       ,45,82545,199
Dachshund X,25,82545,199
Dalmatian                                         ,128,82545,200
Dalmation,116,82545,200
Dalmatian                               ,56,82545,200
Dalmatian,25,82545,200
DALMATION,6,82545,200
Dalmatian Cross,3,82545,201
Dalmation X,27,82545,202
Dalmatian X                                       ,26,82545,202
Dandie Dinmont Terrier                            ,2,82545,203
Dandie Dinmont Terrier X,1,82545,204
Dandie Dinmont Terrier X                          ,1,82545,204
Deerhound,5,82545,205
Deerhound                               ,4,82545,205
DeerHound,3,82545,205
Deerhound                                         ,3,82545,205
Deerhound (listed as Staghound)                   ,2,82545,206
DeerHound Cross,2,82545,207
Deerhound X,13,82545,208
Deerhound X                                       ,10,82545,208
Dobermann                                         ,103,82545,209
Doberman,73,82545,209
Dobermann,47,82545,209
Dobermann                               ,37,82545,209
DOBERMAN,1,82545,209
Doberman - Miniature,1,82545,210
Doberman Cross,1,82545,211
Dobermann X                                       ,35,82545,212
Doberman X,20,82545,212
Dobermann X,11,82545,212
Dobermann X (listed as Huntaway X)                ,1,82545,213
Dobermann X (listed as Huntaway)                  ,2,82545,214
Dogue De Bordeaux                                 ,32,82545,215
Dogue de Bordeaux,13,82545,215
Dogue De Bordeaux,13,82545,215
Dogue De Bordeaux                       ,2,82545,215
Dogue De Bordeaux X                               ,11,82545,216
Dogue de Bordeaux X,4,82545,216
Dogue De Bordeaux X,3,82545,216
Dutch Shepherd,2,82545,217
Dutch Shepherd                                    ,1,82545,217
Elkhound,1,82545,218
Elkhound                                ,1,82545,218
English Bull Dog,3,82545,219
English Bull Terrier                    ,3,82545,220
English Bullmastiff                     ,1,82545,221
English Cocker Spaniel,14,82545,222
English Mastiff,8,82545,223
English Mastiff                         ,1,82545,223
English Mastiff X,3,82545,224
English Pointer                         ,6,82545,225
English Pointer,4,82545,225
English Pointer X,1,82545,226
English Setter                                    ,9,82545,227
English Setter,3,82545,227
English Sheepdog,3,82545,228
English Spaniel,2,82545,229
English Springer Spaniel                          ,65,82545,230
English Springer Spaniel,49,82545,230
English Springer Spaniel                ,19,82545,230
English Springer Spaniel Cross,6,82545,231
English Springer Spaniel X                        ,7,82545,232
English Springer Spaniel X,3,82545,232
English Staffordshire Bull Terrier,133,82545,233
English Staffordshire Bull Terrier      ,32,82545,233
English Staffordshire Bull Terrier X,20,82545,234
English Toy Terrier,16,82545,235
English Toy Terrier                               ,4,82545,235
ENGLISH TOY TERRIER,1,82545,235
English Toy Terrier                     ,1,82545,235
English Toy Terrier Cross,1,82545,236
English Toy Terrier X                             ,1,82545,237
Fauve De Bretagne,1,82545,238
Field Spaniel,1,82545,239
Finnish Lapphund                                  ,6,82545,240
Finnish Lapphund,5,82545,240
Finnish Lapphund                        ,3,82545,240
Finnish Spitz                           ,2,82545,241
Finnish Spitz,1,82545,241
Flatcoated Retriever,9,82545,242
Flat-coated Retriever,7,82545,242
Flat Coated Retriever                   ,5,82545,242
Flat Coated Retriever                             ,3,82545,242
Flat Coated Retriever X                           ,1,82545,243
Fox Terrier                                       ,207,82545,244
Fox Terrier,97,82545,244
Fox Terrier                             ,78,82545,244
Fox Terrier - Miniature,96,82545,245
Fox Terrier (Smooth),162,82545,246
Fox Terrier (Smooth)                              ,152,82545,246
Fox Terrier (Smooth)                    ,10,82545,246
FOX TERRIER (SMOOTH),7,82545,246
Fox Terrier Smooth,5,82545,246
Fox Terrier (Smooth) X                            ,254,82545,247
Fox Terrier (Smooth)  X,174,82545,247
Fox Terrier Wire,22,82545,248
Fox Terrier (Wire)                                ,12,82545,248
FOX TERRIER WIRE,2,82545,248
Fox Terrier (Wire),1,82545,248
Fox Terrier (Wire) X,4,82545,249
FOX TERRIER CROSS,7,82545,250
Fox Terrier Smooth Cross,7,82545,251
Fox Terrier Wire Cross,16,82545,252
Fox Terrier X,151,82545,253
Fox Terrier X                                     ,76,82545,253
Fox Terrier X - Miniature,36,82545,254
Foxhound,2,82545,255
Foxhound                                          ,2,82545,255
Foxhound                                ,1,82545,255
Foxhound X,6,82545,256
French Bulldog,51,82545,257
French Bull Dog                                   ,32,82545,257
French Bulldog                          ,18,82545,257
FRENCH BULLDOG,4,82545,257
French Bull Dog X                                 ,5,82545,258
French Bulldog X,4,82545,258
French Mastiff,6,82545,259
German Coolie,11,82545,260
German Cooly,9,82545,260
German Coolie                           ,6,82545,260
German Coolie X,11,82545,261
German Miniature Schnauzer              ,2,82545,262
German Pinscher,7,82545,263
German Pinscher                                   ,2,82545,263
GERMAN PINSCHER,1,82545,263
German Pinscher                         ,1,82545,263
German Pinscher X                                 ,7,82545,264
German Schnauzer                        ,1,82545,265
German Shepherd,357,82545,266
German Shepherd                         ,240,82545,266
German Shepherd - Long Haired,14,82545,267
German Shepherd Dog                               ,853,82545,268
German Shepherd Dog,547,82545,268
GERMAN SHEPHERD DOG,20,82545,268
German Shepherd Dog Cross,16,82545,269
GERMAN SHEPHERD DOG CROSS,3,82545,269
German Shepherd Dog X                             ,265,82545,270
German Shepherd Dog X,222,82545,270
German Shepherd X,142,82545,271
German Shepherd X - Long Haired,2,82545,272
German Shepherd X (listed as Shepherd X)          ,1,82545,273
German Sherpherd (listed as Shepherd)             ,1,82545,274
German Shorthaired Pointer                        ,141,82545,275
German Shorthaired Pointer,94,82545,275
German Shorthaired Pointer              ,93,82545,275
German Short-haired Pointer,30,82545,275
German Short-haired Pointer Cross,1,82545,276
German Shorthaired Pointer X                      ,14,82545,277
German Shorthaired Pointer X,9,82545,277
German Spitz,9,82545,278
German Spitz                                      ,3,82545,278
German Spitz                            ,2,82545,278
German Spitz X,2,82545,279
German Wirehaired Pointer               ,6,82545,280
German Wirehaired Pointer                         ,4,82545,280
German Wirehaired Pointer X                       ,1,82545,281
Golden Retriever                                  ,582,82545,282
Golden Retriever,559,82545,282
Golden Retriever                        ,378,82545,282
GOLDEN RETRIEVER,19,82545,282
Golden Retriever Cross,64,82545,283
GOLDEN RETRIEVER CROSS,1,82545,283
Golden Retriever X                                ,127,82545,284
Golden Retriever X,98,82545,284
Gordon Setter                                     ,14,82545,285
Gordon Setter,5,82545,285
Gordon Setter                           ,2,82545,285
Grand Basset Griffon Vendeen,1,82545,286
Great Dane,87,82545,287
Great Dane                                        ,67,82545,287
Great Dane                              ,19,82545,287
GREAT DANE,4,82545,287
Great Dane Cross,4,82545,288
Great Dane X,40,82545,289
Great Dane X                                      ,29,82545,289
Greyhound,241,82545,290
Greyhound                                         ,229,82545,290
Greyhound                               ,53,82545,290
GREYHOUND,9,82545,290
Greyhound Cross,2,82545,291
Greyhound Italian,2,82545,292
Greyhound X                                       ,15,82545,293
Greyhound X,11,82545,293
Greyhound X (listed as Lurcher)                   ,2,82545,294
Griffin Bruxellois                                ,15,82545,295
Griffon Bruxellois,4,82545,295
Griffon Bruxellios,2,82545,295
Griffon Bruxellois                      ,2,82545,295
Griffon Bruxellois X,4,82545,296
Griffin Bruxellois X                              ,3,82545,296
Groodle,64,82545,297
Groodle                                 ,54,82545,297
Groodle (Golden Retriever X Poodle)               ,69,82545,298
Groodle X,1,82545,299
Harrier                                           ,1,82545,300
Havanese                                          ,10,82545,301
Havanese,9,82545,301
HAVANESE,4,82545,301
Havanese                                ,4,82545,301
Heeler                                  ,148,82545,302
Heeler,28,82545,302
Heeler X,73,82545,303
Hungarian Viszla,26,82545,304
Hungarian Viszla X                                ,8,82545,305
Hungarian Viszla X,3,82545,305
Hungarian Vizsla X,2,82545,305
Hungarian Vizsla                                  ,52,82545,306
Hungarian Vizsla                        ,43,82545,306
Hungarian Vizsla,39,82545,306
HUNGARIAN VIZSLA,5,82545,306
Hungarian Wirehaired Vizsla                       ,8,82545,307
Hungarian Wirehaired Vizsla,1,82545,307
Hungarian Wirehaired Vizsla X                     ,1,82545,308
Husky,50,82545,309
Husky                                   ,32,82545,309
Husky X,32,82545,310
Irish Red and White Setter                        ,2,82545,311
Irish Red and White Setter,1,82545,311
Irish Setter                                      ,17,82545,312
Irish Setter,13,82545,312
Irish Setter                            ,11,82545,312
Irish Terrier,13,82545,313
Irish Terrier                           ,6,82545,313
Irish Terrier                                     ,4,82545,313
IRISH TERRIER,3,82545,313
Irish Terrier X,1,82545,314
Irish Water Spaniel,3,82545,315
Irish Water Spaniel                               ,1,82545,315
Irish Wolfhound                                   ,16,82545,316
Irish Wolfhound,11,82545,316
Irish Wolfhound                         ,8,82545,316
Irish Wolf Hound,2,82545,316
Irish Wolf Hound Cross,2,82545,317
Irish Wolfhound X,18,82545,318
Irish Wolfhound X                                 ,18,82545,318
Italian Cane Corso                      ,2,82545,319
Italian Greyhound,62,82545,320
Italian Greyhound                                 ,41,82545,320
Italian Greyhound                       ,19,82545,320
ITALIAN GREYHOUND,3,82545,320
Italian Greyhound Cross,2,82545,321
Italian Greyhound X,4,82545,322
Italian Greyhound X                               ,4,82545,322
Italian Spinone                                   ,2,82545,323
Jack Russell Terrier,1108,82545,324
Jack Russell Terrier                              ,946,82545,324
Jack Russell Terrier                    ,410,82545,324
JACK RUSSELL TERRIER,33,82545,324
Jack Russell Terrier - Miniature,6,82545,325
Jack Russell Terrier Cross,91,82545,326
JACK RUSSELL TERRIER CROSS,10,82545,326
Jack Russell Terrier X,902,82545,327
Jack Russell TerrierX                             ,763,82545,327
Japanese Chin                                     ,8,82545,328
Japanese Chin,2,82545,328
Japanese Chin                           ,1,82545,328
Japanese Chin X,2,82545,329
Japanese Chin X                                   ,1,82545,329
Japanese Spitz,38,82545,330
Japanese Spitz                                    ,29,82545,330
Japanese Spitz                          ,17,82545,330
Japanese Spitz X,7,82545,331
Japanese Spitz X                                  ,1,82545,331
Kangal,2,82545,332
Keeshond,43,82545,333
Keeshond                                          ,24,82545,333
Keeshond                                ,15,82545,333
KeesHond,7,82545,333
Keeshond X                                        ,3,82545,334
Keeshond X,2,82545,334
Kelpie,207,82545,335
Kelpie X,475,82545,336
Kerry Blue Terrier                                ,9,82545,337
Kerry Blue Terrier,5,82545,337
Kerry Blue Terrier                      ,4,82545,337
KERRY BLUE TERRIER,1,82545,337
King Charles Spaniel                    ,41,82545,338
King Charles Spaniel,39,82545,338
King Charles Spaniel                              ,21,82545,338
KING CHARLES SPANIEL,3,82545,338
King Charles Spaniel Cross,6,82545,339
KING CHARLES SPANIEL CROSS,1,82545,339
King Charles Spaniel X,19,82545,340
King Charles Spaniel X                            ,12,82545,340
Labradoodle                             ,128,82545,341
Labradoodle,107,82545,341
Labradoodle - Miniature,16,82545,342
Labradoodle X,12,82545,343
Labrador                                ,719,82545,344
Labrador,688,82545,344
LABRADOR CROSS,6,82545,345
Labrador Retriever                                ,1621,82545,346
Labrador Retriever,951,82545,346
Labrador Retriever                      ,141,82545,346
LABRADOR RETRIEVER,22,82545,346
Labrador Retriever Cross,167,82545,347
LABRADOR RETRIEVER CROSS,13,82545,347
Labrador Retriever X                              ,806,82545,348
Labrador Retriever X,331,82545,348
Labrador Retriever X (listed as Labradoodle)      ,95,82545,349
Labrador X,311,82545,350
Labraspoodle                            ,1,82545,351
Lagotto Romagnolo                       ,18,82545,352
Lagotto Romagnolo                                 ,14,82545,352
Lagotto Romagnolo,11,82545,352
Lagotto Romaenolo,4,82545,352
LAGOTTO ROMAGNOLO,3,82545,352
Lakeland Terrier                        ,5,82545,353
Lakeland Terrier,4,82545,353
Lakeland Terrier                                  ,2,82545,353
LAKELAND TERRIER,1,82545,353
Large Munsterlander                               ,1,82545,354
Leonberger,5,82545,355
Leonberger                                        ,1,82545,355
Leonberger X                                      ,3,82545,356
Lhasa Apso,91,82545,357
Lhasa Apso                                        ,52,82545,357
Lhasa Apso                              ,35,82545,357
LHASA APSO,1,82545,357
Lhasa Apso Cross,14,82545,358
LHASA APSO CROSS,3,82545,358
Lhasa Apso X                                      ,70,82545,359
Lhasa Apso X,55,82545,359
Lowchen                                           ,2,82545,360
LOWCHEN,1,82545,360
Lowchen                                 ,1,82545,360
Lurcher,2,82545,361
Lurcher                                 ,2,82545,361
Mahese                                  ,1,82545,362
Maitalier                               ,2,82545,363
Malamute                                ,5,82545,364
Malinois,18,82545,365
Malinois X,22,82545,366
Maltalier,14,82545,367
Maltalier                               ,3,82545,367
Maltalier (Maltese x Cavalier)                    ,39,82545,368
Maltese                                 ,1044,82545,369
Maltese,636,82545,369
Maltese                                           ,345,82545,369
MALTESE,10,82545,369
Maltese Cross,561,82545,370
MALTESE CROSS,98,82545,370
Maltese cross cavalier                  ,1,82545,371
Maltese Terrier,176,82545,372
Maltese Terrier X,323,82545,373
Maltese X,3634,82545,374
Maltese X                                         ,3609,82545,374
Maltese X Cavalier                      ,4,82545,375
Maltese X Poodle                                  ,31,82545,376
Manchester Terrier,8,82545,377
Manchester Terrier                                ,4,82545,377
Manchester Terrier Cross,1,82545,378
Manchester Terrier X,1,82545,379
Mareema - Italian Shepherd              ,8,82545,380
Maremma Sheep Dog                                 ,60,82545,381
Maremma Sheepdog,52,82545,381
Maremma Sheep Dog X                               ,18,82545,382
Maremma Sheepdog X,8,82545,382
Maremma Sheepdog Cross,1,82545,383
Mastiff,49,82545,384
Mastiff                                           ,47,82545,384
Mastiff                                 ,20,82545,384
Mastif,6,82545,384
MASTIFF,2,82545,384
Mastif Cross,3,82545,385
Mastiff X                                         ,199,82545,386
Mastiff X,163,82545,386
Mastiff X (listed as Bull Arab)                   ,10,82545,387
Minature Pinscher X                               ,3,82545,388
Mini Jack Russell Terrier               ,6,82545,389
Mini Pinscher,1,82545,390
Miniature Bull Terrier                  ,4,82545,391
Miniature Dachshund Short Haired        ,7,82545,392
Miniature Dachshund Wire Haired         ,1,82545,393
Miniature Fox Terrier                   ,59,82545,394
Miniature Groodle                       ,1,82545,395
Miniature Pinscher,34,82545,396
Miniature Pinscher                                ,31,82545,396
Miniature Pinscher                      ,10,82545,396
MINIATURE PINSCHER,1,82545,396
Miniature Pinscher X,1,82545,397
Miniature Pomeranian                    ,3,82545,398
Miniature Poodle                        ,43,82545,399
Miniature Schnauzer                               ,157,82545,400
Miniature Schnauzer                     ,153,82545,400
Miniature Schnauser,2,82545,400
MINITURE FOX TERRIER WIRE HAIR,1,82545,401
Mixed                                             ,245,82545,402
Mixed Breed,12,82545,403
Moodle,71,82545,404
Moodle                                  ,33,82545,404
Musterlander                            ,8,82545,405
Munsterlander                                     ,6,82545,405
MUNSTERLANDER,1,82545,405
Munsterlander,1,82545,405
Munsterlander - Large,1,82545,406
Munsterlander X                                   ,1,82545,407
Neapolitan Mastiff,6,82545,408
Neopolitan Mastiff                                ,3,82545,408
Neapolitan Mastiff                      ,2,82545,408
Neapolitan Mastiff X,5,82545,409
Neopolitan Mastiff X                              ,2,82545,409
New Zealand Huntaway,2,82545,410
New Zealand Huntaway                    ,1,82545,410
Newfoundland                                      ,13,82545,411
Newfoundland,9,82545,411
Newfoundland                            ,6,82545,411
Newfoundland X,1,82545,412
Newfoundland X                                    ,1,82545,412
Norfolk Terrier,2,82545,413
Norfolk Terrier                         ,1,82545,413
Norwegian Buhund                                  ,1,82545,414
Norwegian Elk Hound,6,82545,415
Norwegian Elkhound,6,82545,415
Norwegian Elkhound                                ,6,82545,415
Norwegian Elkhound                      ,2,82545,415
Norwegian Elkhound Cross,1,82545,416
Norwich Terrier,1,82545,417
Nova Scotia Duck Tolling Retriever                ,18,82545,418
Nova Scotia Duck Tolling Retriever,11,82545,418
Nova Scotia Duck Tolling Retriever      ,10,82545,418
Nova Scotia Duck Tolling Retriever Cross,1,82545,419
Nova Scotia Duck Tolling Retriever X,1,82545,420
NZ Shepherd                             ,1,82545,421
Old English Sheepdog,18,82545,422
Old English Sheep Dog                             ,10,82545,422
Old English Sheepdog                    ,10,82545,422
Old English Sheep Dog X                           ,3,82545,423
Papillon                                          ,75,82545,424
Papillon,69,82545,424
Papillon                                ,48,82545,424
Papillion,40,82545,424
PAPILLON,4,82545,424
Papillion X,24,82545,425
PAPILLON  CROSS,4,82545,426
Papillon Cross,2,82545,426
Papillon X,36,82545,427
Papillon X                                        ,33,82545,427
Parson Jack Russell Terrier             ,3,82545,428
Pekingese,15,82545,429
Pekingese                                         ,9,82545,429
Pekingese                               ,4,82545,429
PEKINGESE,3,82545,429
Pekinese,2,82545,429
Pekingese Cross,1,82545,430
Pekingese X,13,82545,431
Pekingese X                                       ,9,82545,431
Pembroke Corgi                          ,9,82545,432
Pembroke Corgi,6,82545,432
Petit basset Griffon Vendeen            ,3,82545,433
Petit Basset Griffon Vendeen            ,2,82545,433
Pharaoh Hound                                     ,1,82545,434
Pharoah Hound                           ,1,82545,434
Pharoh Hound,1,82545,434
Pharaoh Hound X                                   ,1,82545,435
Pinscher - Miniature,9,82545,436
Pinscher X,2,82545,437
Pit Bull Terrier,2,82545,438
Pit Bull Terrier                        ,2,82545,438
Pit Bull Terrier X,1,82545,439
Pointer,29,82545,440
Pointer                                           ,24,82545,440
Pointer                                 ,3,82545,440
Pointer Cross,1,82545,441
Pointer X,16,82545,442
Pointer X                                         ,14,82545,442
Polish Lowland Sheepdog                           ,2,82545,443
Pomeranian,340,82545,444
Pomeranian                                        ,183,82545,444
Pomeranian                              ,74,82545,444
POMERANIAN,4,82545,444
Pomeranian - Miniature,2,82545,445
Pomeranian Cross,24,82545,446
POMERANIAN CROSS,6,82545,446
Pomeranian X,372,82545,447
Pomeranian X                                      ,248,82545,447
Pomeranian X - Miniature,2,82545,448
Poodle,248,82545,449
Poodle                                  ,202,82545,449
Poodle (Miniature)                                ,121,82545,450
Poodle Miniature,71,82545,450
Poodle - Miniature,57,82545,450
Poodle (Miniature),47,82545,450
POODLE MINIATURE,10,82545,450
Poodle (Standard)                                 ,162,82545,451
Poodle Standard,48,82545,451
Poodle - Standard,15,82545,451
POODLE STANDARD,3,82545,451
Poodle (Toy)                                      ,205,82545,452
Poodle - Toy,120,82545,452
Poodle Toy,93,82545,452
Poodle (Toy),77,82545,452
POODLE TOY,18,82545,452
Poodle (Miniature) X                              ,24,82545,453
Poodle (Miniature) X,8,82545,453
Poodle (Standard) X                               ,451,82545,454
Poodle Standard X,1,82545,454
Poodle (Toy) X                                    ,44,82545,455
Poodle (Toy) X,9,82545,455
POODLE MINATURE CROSS,17,82545,456
Poodle Miniature Cross,52,82545,457
Poodle Standard Cross,34,82545,458
POODLE STANDARD CROSS,7,82545,458
Poodle Toy Cross,21,82545,459
POODLE TOY CROSS,4,82545,459
Poodle X,331,82545,460
Poodle X - Miniature,4,82545,461
Poodle X - Toy,21,82545,462
Portuguese Water Dog,5,82545,463
Portugese Water Dog,4,82545,463
Portuguese Water Dog                    ,4,82545,463
Portuguese Water Dog                              ,3,82545,463
Portugese Water Dog                     ,2,82545,463
Pug,228,82545,464
Pug                                               ,206,82545,464
Pug                                     ,106,82545,464
PUG,11,82545,464
Pug Cross,23,82545,465
PUG CROSS,7,82545,465
Pug X                                             ,198,82545,466
Pug X,111,82545,466
Pugalier,62,82545,467
Pugalier                                ,18,82545,467
Puli,4,82545,468
Puli                                              ,2,82545,468
Pyrenean Mountain Dog                             ,3,82545,469
Pyrenean Mountain Dog,2,82545,469
Pyrenean Mountian Dog,2,82545,469
Pyrenean Mountain Dog                   ,1,82545,469
Pyrenean Mountain Dog X                           ,1,82545,470
Rare                                              ,1,82545,471
Red Heeler,41,82545,472
Red Heeler X,54,82545,473
Retriever                                         ,56,82545,474
Retriever                               ,19,82545,474
Retriever,15,82545,474
Retriever - Curly Coated,9,82545,475
Retriever Curly,1,82545,476
Retriever Golden,21,82545,477
Retriever X                                       ,22,82545,478
Retriever X,12,82545,478
Retriever X - Curly Coated,2,82545,479
Rhodesian Ridgeback,126,82545,480
Rhodesian Ridgeback                               ,118,82545,480
Rhodesian Ridgeback                     ,84,82545,480
RHODESIAN RIDGEBACK,6,82545,480
Rhodesian Ridgeback Cross,13,82545,481
RHODESIAN RIDGEBACK CROSS,5,82545,481
Rhodesian Ridgeback X                             ,174,82545,482
Rhodesian Ridgeback X,153,82545,482
River Murray Retriever                  ,2,82545,483
Rottweiler,436,82545,484
Rottweiler                                        ,325,82545,484
Rottweiler                              ,75,82545,484
ROTTWEILER,2,82545,484
Rottweiler Cross,13,82545,485
ROTTWEILER CROSS,1,82545,485
Rottweiler X,308,82545,486
Rottweiler X                                      ,241,82545,486
Russian Black Terrier,1,82545,487
Russo - European Laika                  ,1,82545,488
Saint Bernard,5,82545,489
Saint Bernard                           ,5,82545,489
Saint Bernard X,1,82545,490
Saluki,11,82545,491
Saluki                                  ,4,82545,491
Saluki                                            ,4,82545,491
Saluki Cross,1,82545,492
Saluki X                                          ,1,82545,493
Samoyed                                           ,52,82545,494
Samoyed,44,82545,494
Samoyed                                 ,29,82545,494
SAMOYED,1,82545,494
Samoyed Cross,4,82545,495
SAMOYED CROSS,2,82545,495
Samoyed X,15,82545,496
Samoyed X                                         ,12,82545,496
Samreiver                               ,1,82545,497
Schipperke,26,82545,498
Schipperke                                        ,18,82545,498
Schipperke                              ,9,82545,498
SCHIPPERKE,1,82545,498
Schipperke X,3,82545,499
Schipperke X                                      ,1,82545,499
Schnauzer,212,82545,500
Schnauzer                                         ,97,82545,500
Schnauser,18,82545,500
SCHNAUZER,3,82545,500
Schnauzer - Miniature,85,82545,501
Schnauzer (Miniature),66,82545,501
Schnauzer Miniature,27,82545,501
SCHNAUZER MINIATURE,25,82545,501
Schnauzer (Giant),3,82545,502
SCHNAUZER GIANT,1,82545,502
Schnauzer (Giant) X,1,82545,503
Schnauzer (Miniature) X,3,82545,504
Schnauzer Cross,23,82545,505
SCHNAUZER CROSS,8,82545,505
Schnauzer Miniature Cross,2,82545,506
Schnauzer Standard                      ,63,82545,507
Schnauzer X                                       ,52,82545,508
Schnauzer X,31,82545,508
Schnauzer X - Miniature,19,82545,509
Schnauzer X Poodle (listed as Schnoodle)          ,30,82545,510
Schnoodle                               ,29,82545,511
Schnoodle,19,82545,511
Scotch Collie,2,82545,512
Scotch Terrier,19,82545,513
Scotch Terrier X,2,82545,514
Scottish Terrier,25,82545,515
Scottish Terrier                                  ,24,82545,515
Scottish Terrier                        ,12,82545,515
SCOTTISH TERRIER,5,82545,515
Scottish Terrier Cross,2,82545,516
Scottish Terrier X,5,82545,517
Scottish Terrier X                                ,1,82545,517
Setter                                  ,2,82545,518
Shar Pei,153,82545,519
Shar Pei                                          ,78,82545,519
Shar-Pei,6,82545,519
SHAR PEI,5,82545,519
Shar Pei Chinese                        ,35,82545,520
Shar Pei X                                        ,91,82545,521
Shar Pei X,71,82545,521
Shar-Pei Cross,2,82545,522
Sharplaninac,1,82545,523
Sheepdog,4,82545,524
Sheepdog X,3,82545,525
Sheltie                                 ,13,82545,526
Sheltie,2,82545,526
Shepherd,11,82545,527
Shepherd X,18,82545,528
Shetland Collie                         ,2,82545,529
Shetland Sheep Dog                                ,91,82545,530
Shetland Sheepdog,49,82545,530
Shetland Sheepdog                       ,31,82545,530
SHETLAND SHEEP DOG,3,82545,530
Shetland Sheep Dog X                              ,10,82545,531
Shetland Sheepdog X,4,82545,531
Shetland Sheepdog (Sheltie),43,82545,532
Shetland Sheepdog (Sheltie) X,1,82545,533
Shetland Sheepdog Cross,3,82545,534
Shiba Inu,16,82545,535
Shiba Inu                                         ,13,82545,535
Shiba Inu                               ,4,82545,535
Shiba Inu X                                       ,2,82545,536
Shiba Inu X,1,82545,536
Shih Tzu,257,82545,537
Shih Tzu                                          ,170,82545,537
Shih Tzu                                ,135,82545,537
Shih-Tzu,30,82545,537
Shihtzu,19,82545,537
SHIH TZU,6,82545,537
Shih-Tzu Cross,54,82545,538
SHIH TZU CROSS,12,82545,538
Shih Tzu X,605,82545,539
Shih Tzu X                                        ,427,82545,539
Siberian Husky,376,82545,540
Siberian Husky                                    ,317,82545,540
Siberian Husky                          ,45,82545,540
Siberian Husky Cross,2,82545,541
Siberian Husky X                                  ,114,82545,542
Siberian Husky X,81,82545,542
Silky Terrier,74,82545,543
Silky Terrier -  Miniature,1,82545,544
Silky Terrier X,59,82545,545
Silky Terrier X -  Miniature,1,82545,546
Skye Terrier,8,82545,547
SKYE TERRIER,1,82545,547
Skye Terrier Cross,1,82545,548
Skye Terrier X,2,82545,549
Skye Terrier X                                    ,1,82545,549
Smithfield,2,82545,550
Smithfield Cattle Dog                   ,4,82545,551
Smithfield X,1,82545,552
Soft Coat Wheaten Terrier,11,82545,553
SOFT COATED WHEATON TERRIER,7,82545,553
Soft Coated Wheaten Terrier                       ,4,82545,553
Spanador                                ,3,82545,554
Spaniel                                 ,29,82545,555
Spaniel,20,82545,555
Spaniel Cocker,18,82545,556
Spaniel English Springer,1,82545,557
Spaniel Labrador                        ,1,82545,558
Spaniel X,20,82545,559
Spaniel X                                         ,17,82545,559
Spaniel x Beagle (listed as Speagle)              ,1,82545,560
Spitz                                   ,2,82545,561
Spitz (see German/Japanese/Finnish)               ,5,82545,562
Spitz X,1,82545,563
Spitz X (see German/Japanes/Finnish)              ,2,82545,564
Spoodle                                 ,174,82545,565
Spoodle,172,82545,565
Spoodle (Spaniel X Poodle)                        ,202,82545,566
Spoodle X,11,82545,567
Spoodle X (Spaniel X Poodle)                      ,9,82545,568
Springer Spaniel                        ,10,82545,569
Springer Spaniel,6,82545,569
Springer Spaniel X,4,82545,570
St. Bernard,12,82545,571
St Bernard                                        ,9,82545,571
St Bernard,3,82545,571
St Bernard X                                      ,3,82545,572
St. Bernard X,1,82545,572
Staffordshire Bull Terrier                        ,1245,82545,573
Staffordshire Bull Terrier,1195,82545,573
Staffordshire Bull Terrier              ,253,82545,573
STAFFORDSHIRE BULL TERRIER,16,82545,573
Staffordshire Bull Terrier Cross,42,82545,574
STAFFORDSHIRE BULL TERRIER CROSS,7,82545,574
Staffordshire Bull Terrier X                      ,1530,82545,575
Staffordshire Bull Terrier X,1506,82545,575
Staffordshire Terrier                   ,85,82545,576
Staffordshire Terrier,1,82545,576
Staghound                               ,5,82545,577
Stag Hound,4,82545,577
Stag Hound X,4,82545,578
Standard Poodle                                   ,13,82545,579
Standard Poodle                         ,4,82545,579
Stumpy Tailed Cattle                    ,1,82545,580
Sussex Spaniel,2,82545,581
Sussex Spaniel                          ,1,82545,581
Swedish Vallhund,8,82545,582
Swedish Vallhund                                  ,4,82545,582
Swedish Vallhund                        ,1,82545,582
Swedish Wolfhound                       ,1,82545,583
Sydney Silky terrier                    ,11,82545,584
TENNTIFIELD TERRIER CROSS,1,82545,585
Tenterfield Terrier,278,82545,586
Tenterfield Terrier                               ,247,82545,586
Tenterfield Terrier                     ,88,82545,586
TENTERFIELD TERRIER,7,82545,586
Tenterfield Terrier cross,20,82545,587
Tenterfield Terrier X,80,82545,588
Tenterfield Terrier X                             ,47,82545,588
Terrier,103,82545,589
Terrier                                 ,88,82545,589
Terrier                                           ,51,82545,589
TERRIER - UNKNOWN,11,82545,590
Terrier Fox Mini,5,82545,591
Terrier Jack Russell,45,82545,592
Terrier Kerry Blue,2,82545,593
Terrier S`Shire Bull,27,82545,594
Terrier Welsh,1,82545,595
Terrier Westhighland,19,82545,596
Terrier X,293,82545,597
Terrier X                                         ,141,82545,597
Terrier Yorkshire,1,82545,598
Tibetan Mastiff,4,82545,599
Tibetan Mastiff                                   ,4,82545,599
Tibetan Spaniel,61,82545,600
Tibetan Spaniel                                   ,43,82545,600
Tibetan Spaniel                         ,37,82545,600
TIBETAN SPANIEL,3,82545,600
Tibetan Spaniel Cross,5,82545,601
Tibetan Spaniel X,23,82545,602
Tibetan Spaniel X                                 ,14,82545,602
Tibetan Terrier,9,82545,603
Tibetan Terrier                                   ,4,82545,603
Tibetian Terrier                        ,4,82545,603
Tibetan Terrier X,2,82545,604
Toy Poodle                              ,83,82545,605
Toy Terrier                             ,1,82545,606
Unknown                                           ,79,82545,607
Unknown,19,82545,607
Unknown Breed                           ,1,82545,608
Unknown-pleaseadvise,3,82545,609
Vizsla Pointer                          ,4,82545,610
Water Spaniel,1,82545,611
Weimaraner,59,82545,612
Weimaraner                                        ,36,82545,612
Weimaraner X                                      ,8,82545,613
Weimaraner X,2,82545,613
Weimeraner                              ,35,82545,614
WEIMERANER,4,82545,614
WELSH CORGI,2,82545,615
Welsh Corgi                             ,2,82545,615
Welsh Corgi  X (Cardigan),9,82545,616
Welsh Corgi (Cardigan) X                          ,8,82545,616
Welsh Corgi (Cardigan)                            ,9,82545,617
Welsh Corgi Cardigan,5,82545,617
Welsh Corgi (Cardigan),1,82545,617
WELSH CORGIE CARDIGAN,1,82545,617
Welsh Corgi (Pembroke),15,82545,618
Welsh Corgi (Pembroke)                            ,8,82545,618
Welsh Corgi Pembroke,4,82545,618
WELSH CORGIE PEMBROKE,4,82545,618
Welsh Corgi (Pembroke) Cross,4,82545,619
Welsh Corgi (Pembroke) X                          ,5,82545,620
Welsh Pemb Corgi X,1,82545,621
Welsh Springer Spaniel,12,82545,622
Welsh Springer Spaniel                            ,9,82545,622
Welsh Springer Spaniel                  ,2,82545,622
Welsh Terrier,5,82545,623
Welsh Terrier                           ,2,82545,623
WELSH TERRIER,1,82545,623
West Highland Terrier                   ,164,82545,624
West Highland Terrier,105,82545,624
West Highland Terrier X,40,82545,625
West Highland White Terrier                       ,231,82545,626
West Highland White Terrier,140,82545,626
WEST HIGHLAND WHITE TERRIER,17,82545,626
West Highland White Terrier Cross,24,82545,627
WEST HIGHLAND WHITE TERRIER CROSS,4,82545,627
West Highland White Terrier X                     ,73,82545,628
West Highland White Terrier X,27,82545,628
Wheaton Terrier                         ,3,82545,629
Whippet                                           ,154,82545,630
Whippet,142,82545,630
Whippet                                 ,58,82545,630
WHIPPET,7,82545,630
Whippet Cross,8,82545,631
Whippet X                                         ,34,82545,632
Whippet X,30,82545,632
White Swiss Shepherd,6,82545,633
White Swiss Shepard,1,82545,633
White Swiss Shepherd                    ,1,82545,633
White Swiss Shepherd Dog                          ,13,82545,634
Wirehaired Terrier                      ,4,82545,635
Wire Hair Terrier,3,82545,635
Wire Hair Terrier X,1,82545,636
Wire Haired Fox Terrier                 ,2,82545,637
Wolfhound X,6,82545,638
X Breed,91,82545,639
X Breed                                 ,2,82545,639
XOLOITZCUINTLI                          ,1,82545,640
Yorkshire Terrier                                 ,51,82545,641
Yorkshire Terrier,33,82545,641
Yorkshire Terrier                       ,16,82545,641
YORKSHIRE TERRIER,3,82545,641
YORKSHIRE TERRIER CROSS,1,82545,642
Yorkshire Terrier Cross,1,82545,642
Yorkshire Terrier X,7,82545,643
Yorkshire Terrier X                               ,4,82545,643
