Category_Set,Category_Occurrences,Total_Examples,Entity_Number
"Software Developers, Applications",114841,374362,1
Computer Systems Analysts,36700,374362,2
"Software Developers, Systems Software",21356,374362,3
"Electronics Engineers, Except Computer",13192,374362,4
Computer and Information Systems Managers,9631,374362,5
"Computer Software Engineers, Applications",6345,374362,6
Accountants and Auditors,6122,374362,7
Network and Computer Systems Administrators*,5986,374362,8
"Meat, Poultry, and Fish Cutters and Trimmers",5330,374362,9
Mechanical Engineers,5260,374362,10
Marketing Managers,4440,374362,11
"Internists, General",4311,374362,12
Management Analysts,4281,374362,13
Database Administrators,4155,374362,14
Financial Analysts,4074,374362,15
Electrical Engineers,3886,374362,16
Market Research Analysts and Marketing Specialists*,3668,374362,17
Statisticians,3427,374362,18
Financial Managers,3146,374362,19
Industrial Engineers,3093,374362,20
Sales Engineers,2677,374362,21
Materials Engineers,2560,374362,22
Architectural and Engineering Managers,2491,374362,23
Computer Programmers,2490,374362,24
"Cooks, Restaurant",2310,374362,25
Civil Engineers,2144,374362,26
"Physicians and Surgeons, All Other",2120,374362,27
Chefs and Head Cooks,1563,374362,28
"Computer Occupations, All Other",1554,374362,29
"Computer Occupations, All Other*",66,374362,29
Operations Research Analysts,1543,374362,30
"Business Teachers, Postsecondary",1524,374362,31
"Computer Software Engineers, Systems Software",1513,374362,32
"Elementary School Teachers, Except Special Education",1479,374362,33
"Janitors and Cleaners, Except Maids and Housekeeping Cleaners",1418,374362,34
General and Operations Managers,1307,374362,35
"Secondary School Teachers, Except Special and Career/Technical Education",1118,374362,36
"Engineering Teachers, Postsecondary",1097,374362,37
Sales Managers,1080,374362,38
Home Health Aides,1076,374362,39
"Transportation, Storage, and Distribution Managers",1065,374362,40
Lawyers,1054,374362,41
"Information Security Analysts, Web Developers, and Computer Network Architects",1004,374362,42
"Combined Food Preparation and Serving Workers, Including Fast Food",998,374362,43
Pharmacists,995,374362,44
Chemists,980,374362,45
Logisticians,941,374362,46
Graphic Designers,931,374362,47
"Dentists, General",889,374362,48
Medical and Clinical Laboratory Technologists,884,374362,49
Occupational Therapists,861,374362,50
Butchers and Meat Cutters,846,374362,51
Biochemists and Biophysicists,835,374362,52
Chemical Engineers,832,374362,53
Economists,823,374362,54
Industrial Production Managers,802,374362,55
"Architects, Except Landscape and Naval",783,374362,56
"Cooks, Fast Food",767,374362,57
Instructional Coordinators,766,374362,58
"Health Specialties Teachers, Postsecondary",764,374362,59
"Mathematical Science Teachers, Postsecondary",763,374362,60
Slaughterers and Meat Packers,746,374362,61
"Foreign Language and Literature Teachers, Postsecondary",743,374362,62
Medical and Health Services Managers,728,374362,63
"Packers and Packagers, Hand",705,374362,64
Biomedical Engineers,698,374362,65
Computer Network Architects,682,374362,66
"Bookkeeping, Accounting, and Auditing Clerks",677,374362,67
Chief Executives,631,374362,68
"Securities, Commodities, and Financial Services Sales Agents",631,374362,69
Multimedia Artists and Animators,627,374362,70
Purchasing Managers,624,374362,71
Helpers--Production Workers,611,374362,72
"Medical Scientists, Except Epidemiologists",607,374362,73
Family and General Practitioners,602,374362,74
"Economics Teachers, Postsecondary",598,374362,75
Computer and Information Research Scientists,590,374362,76
Commercial and Industrial Designers,587,374362,77
Information Security Analysts,580,374362,78
Computer Hardware Engineers,567,374362,79
"Computer Science Teachers, Postsecondary",565,374362,80
Clergy,547,374362,81
"Pediatricians, General",524,374362,82
Actuaries,518,374362,83
Aerospace Engineers,485,374362,84
Construction Managers,484,374362,85
"Software Developers, Applications, Non R & D (ACWIA Only)",484,374362,86
"Farmworkers and Laborers, Crop, Nursery, and Greenhouse",484,374362,87
Food Service Managers,483,374362,88
Network and Computer Systems Administrators,476,374362,89
Credit Analysts,467,374362,90
Public Relations Specialists,447,374362,91
Cost Estimators,447,374362,92
Natural Sciences Managers,440,374362,93
"Tailors, Dressmakers, and Custom Sewers",437,374362,94
"Middle School Teachers, Except Special and Career/Technical Education",437,374362,95
Psychiatrists,416,374362,96
"Special Education Teachers, Secondary School",411,374362,97
First-Line Supervisors of Retail Sales Workers,383,374362,98
"Health Diagnosing and Treating Practitioners, All Other",381,374362,99
Food Scientists and Technologists,378,374362,100
Engineering Managers,368,374362,101
Training and Development Specialists,363,374362,102
Coaches and Scouts,357,374362,103
Fashion Designers,357,374362,104
Compliance Officers,354,374362,105
"Geoscientists, Except Hydrologists and Geographers",350,374362,106
Surgeons,343,374362,107
Budget Analysts,340,374362,108
"Art, Drama, and Music Teachers, Postsecondary",338,374362,109
Veterinarians,338,374362,110
"Biological Science Teachers, Postsecondary",337,374362,111
Market Research Analysts,333,374362,112
Art Directors,333,374362,113
Maids and Housekeeping Cleaners,326,374362,114
Environmental Engineers,325,374362,115
Speech-Language Pathologists,314,374362,116
Petroleum Engineers,313,374362,117
Materials Scientists,289,374362,118
Food Preparation Workers,287,374362,119
Computer Support Specialists,286,374362,120
Human Resources Managers,279,374362,121
"Education Teachers, Postsecondary",277,374362,122
Accountants,275,374362,123
Marine Engineers and Naval Architects,270,374362,124
Human Resources Specialists,268,374362,125
Childcare Workers,260,374362,126
"Political Science Teachers, Postsecondary",256,374362,127
Self-Enrichment Education Teachers,253,374362,128
Landscaping and Groundskeeping Workers,250,374362,129
"Education Administrators, Postsecondary",249,374362,130
"Chemistry Teachers, Postsecondary",246,374362,131
Advertising and Promotions Managers,244,374362,132
Interpreters and Translators,243,374362,133
Interior Designers,240,374362,134
Bakers,237,374362,135
"Sales Representatives, Wholesale and Manufacturing, Technical and Scientific Products",235,374362,136
"Directors, Religious Activities and Education",232,374362,137
"Preschool Teachers, Except Special Education",231,374362,138
"Physics Teachers, Postsecondary",227,374362,139
"Communications Teachers, Postsecondary",224,374362,140
Web Developers,223,374362,141
"Philosophy and Religion Teachers, Postsecondary",223,374362,142
Architectural and Civil Drafters,221,374362,143
"Secondary School Teachers, Except Special and Vocational Education",220,374362,144
"Secretaries and Administrative Assistants, Except Legal, Medical, and Executive",220,374362,145
"English Language and Literature Teachers, Postsecondary",217,374362,146
Paralegals and Legal Assistants*,214,374362,147
"Psychology Teachers, Postsecondary",210,374362,148
Electrical and Electronics Engineering Technicians,205,374362,149
Editors,204,374362,150
"Sales Representatives, Wholesale and Manufacturing, Except Technical and Scientific Products",204,374362,151
Reporters and Correspondents,201,374362,152
"Wholesale and Retail Buyers, Except Farm Products",198,374362,153
"Cooks, Private Household",193,374362,154
"Maintenance and Repair Workers, General",191,374362,155
"History Teachers, Postsecondary",191,374362,156
Computer User Support Specialists,190,374362,157
"Special Education Teachers, Preschool, Kindergarten, and Elementary School*",190,374362,158
"Health and Safety Engineers, Except Mining Safety Engineers and Inspectors",188,374362,159
"Hairdressers, Hairstylists, and Cosmetologists",187,374362,160
Anesthesiologists,186,374362,161
Personal Financial Advisors,178,374362,162
Public Relations and Fundraising Managers,178,374362,163
Mechanical Engineering Technicians,177,374362,164
"Purchasing Agents, Except Wholesale, Retail, and Farm Products",176,374362,165
Mathematicians,172,374362,166
Procurement Clerks,170,374362,167
Training and Development Managers,169,374362,168
Executive Secretaries and Executive Administrative Assistants,167,374362,169
Technical Writers,167,374362,170
Cashiers,163,374362,171
"Environmental Scientists and Specialists, Including Health",162,374362,172
"Education Administrators, Elementary and Secondary School",161,374362,173
"Computer Systems Analysts, Non R&D (ACWIA Only)",159,374362,174
"Special Education Teachers, Middle School",157,374362,175
Automotive Service Technicians and Mechanics,156,374362,176
Obstetricians and Gynecologists,156,374362,177
Social and Community Service Managers,156,374362,178
Stonemasons,152,374362,179
Administrative Services Managers,150,374362,180
Soil and Plant Scientists,149,374362,181
Carpenters,148,374362,182
"Kindergarten Teachers, Except Special Education",148,374362,183
Dental Laboratory Technicians,148,374362,184
"Office Clerks, General",148,374362,185
Lodging Managers,148,374362,186
Animal Scientists,147,374362,187
Music Directors and Composers,147,374362,188
"Farmers, Ranchers, and Other Agricultural Managers",145,374362,189
First-Line Supervisors of Food Preparation and Serving Workers,135,374362,190
First-Line Supervisors of Office and Administrative Support Workers,130,374362,191
Physicists,129,374362,192
"Recreation and Fitness Studies Teachers, Postsecondary",128,374362,193
"Computer and Information Scientists, Research",125,374362,194
"Welders, Cutters, Solderers, and Brazers",125,374362,195
Producers and Directors,124,374362,196
Jewelers and Precious Stone and Metal Workers,124,374362,197
Mental Health Counselors,124,374362,198
Driver/Sales Workers,119,374362,199
"Educational, Guidance, School, and Vocational Counselors",119,374362,200
"Area, Ethnic, and Cultural Studies Teachers, Postsecondary",118,374362,201
"Treasurers, Controllers, and Chief Financial Officers",118,374362,202
Landscape Architects,115,374362,203
"Clinical, Counseling, and School Psychologists",115,374362,204
Chiropractors,115,374362,205
Personal Care Aides,114,374362,206
Receptionists and Information Clerks,114,374362,207
Health Educators,114,374362,208
First-Line Supervisors of Construction Trades and Extraction Workers,113,374362,209
"Farmworkers, Farm, Ranch, and Aquacultural Animals",112,374362,210
Survey Researchers,111,374362,211
First-Line Supervisors of Production and Operating Workers,111,374362,212
"Dentists, All Other Specialists",111,374362,213
Cabinetmakers and Bench Carpenters,110,374362,214
Urban and Regional Planners,110,374362,215
Network Systems and Data Communications Analysts,110,374362,216
"Atmospheric, Earth, Marine, and Space Sciences Teachers, Postsecondary",109,374362,217
Stock Clerks and Order Fillers,108,374362,218
"Managers, All Other",107,374362,219
"Architecture Teachers, Postsecondary",103,374362,221
"First-Line Supervisors of Mechanics, Installers, and Repairers",103,374362,222
"Agricultural Sciences Teachers, Postsecondary",101,374362,223
Construction Laborers,100,374362,224
Cement Masons and Concrete Finishers,94,374362,225
Billing and Posting Clerks,93,374362,226
Biological Technicians,93,374362,227
"Sociology Teachers, Postsecondary",91,374362,228
Epidemiologists,90,374362,229
Agricultural Equipment Operators,90,374362,230
"Software Developers, Applications, R&D (ACWIA Only)",89,374362,231
Multi-Media Artists and Animators,88,374362,232
Microbiologists,88,374362,233
Auditors,87,374362,234
"Geography Teachers, Postsecondary",87,374362,235
Financial Examiners,85,374362,236
Manicurists and Pedicurists,85,374362,237
File Clerks,83,374362,238
"Meeting, Convention, and Event Planners*",82,374362,239
Librarians,81,374362,240
Animal Trainers,81,374362,241
Aircraft Mechanics and Service Technicians,80,374362,242
"Compensation, Benefits, and Job Analysis Specialists",79,374362,243
Mental Health and Substance Abuse Social Workers,77,374362,244
Rehabilitation Counselors,77,374362,245
Roofers,77,374362,246
Nonfarm Animal Caretakers,76,374362,247
First-Line Supervisors of Personal Service Workers,76,374362,248
Dietitians and Nutritionists,75,374362,249
"Education Administrators, Preschool and Childcare Center/Program",74,374362,250
"Property, Real Estate, and Community Association Managers",74,374362,251
"Financial Managers, Branch or Department",73,374362,252
Retail Salespersons,73,374362,253
"Engineers, All Other",73,374362,254
"Social Work Teachers, Postsecondary",73,374362,255
Waiters and Waitresses,71,374362,256
"Mining and Geological Engineers, Including Mining Safety Engineers",70,374362,257
"Special Education Teachers, Kindergarten and Elementary School",69,374362,258
"Helpers--Brickmasons, Blockmasons, Stonemasons, and Tile and Marble Setters",68,374362,259
Nursing Assistants,68,374362,260
Industrial Engineering Technicians,67,374362,261
"First-Line Supervisors of Landscaping, Lawn Service, and Groundskeeping Workers",65,374362,263
Bus and Truck Mechanics and Diesel Engine Specialists,65,374362,264
"Nursing Instructors and Teachers, Postsecondary",64,374362,265
Customer Service Representatives,64,374362,266
First-Line Supervisors of Housekeeping and Janitorial Workers,61,374362,267
Curators,61,374362,268
Automotive Body and Related Repairers,60,374362,269
Physician Assistants,60,374362,270
"Anthropology and Archeology Teachers, Postsecondary",59,374362,271
"First-Line Supervisors of Farming, Fishing, and Forestry Workers",59,374362,272
First-Line Supervisors/Managers of Retail Sales Workers,59,374362,273
"Painters, Construction and Maintenance",59,374362,274
Industrial Machinery Mechanics,57,374362,275
Tile and Marble Setters,56,374362,276
"Special Education Teachers, Preschool, Kindergarten, and Elementary School",55,374362,277
Prosthodontists,54,374362,278
"Middle School Teachers, Except Special and Vocational Education",54,374362,279
Healthcare Social Workers,54,374362,280
"Production, Planning, and Expediting Clerks",53,374362,281
Industrial-Organizational Psychologists,53,374362,282
Writers and Authors,53,374362,283
Adult Basic and Secondary Education and Literacy Teachers and Instructors,52,374362,284
Computer Network Support Specialists,50,374362,285
"Laborers and Freight, Stock, and Material Movers, Hand",50,374362,286
Laundry and Dry-Cleaning Workers,50,374362,287
"Child, Family, and School Social Workers",48,374362,288
Dental Assistants,48,374362,289
Loan Officers,48,374362,290
Executive Secretaries and Administrative Assistants,48,374362,291
Insurance Underwriters,47,374362,292
"Criminal Justice and Law Enforcement Teachers, Postsecondary",47,374362,293
Film and Video Editors,47,374362,294
Sewing Machine Operators,46,374362,295
Compensation and Benefits Managers,46,374362,296
Computer Security Specialists,46,374362,297
"Heating, Air Conditioning, and Refrigeration Mechanics and Installers",46,374362,298
Geographers,46,374362,299
Tree Trimmers and Pruners,45,374362,300
"Shipping, Receiving, and Traffic Clerks",44,374362,301
Electricians,43,374362,302
Optometrists,43,374362,303
Fitness Trainers and Aerobics Instructors,42,374362,304
"Computer Software Engineers, Applications, Non R&D",42,374362,305
Electro-Mechanical Technicians,42,374362,306
Machinists,42,374362,307
Fabric and Apparel Patternmakers,42,374362,308
Medical Assistants,41,374362,309
"First-Line Supervisors of Helpers, Laborers, and Material Movers, Hand",41,374362,310
First-Line Supervisors of Non-Retail Sales Workers,40,374362,311
Orthodontists,40,374362,312
Nuclear Engineers,40,374362,313
Agricultural Engineers,39,374362,314
Occupational Health and Safety Specialists,39,374362,315
"Biological Scientists, All Other",38,374362,316
Set and Exhibit Designers,38,374362,317
Heavy and Tractor-Trailer Truck Drivers,36,374362,319
"Library Science Teachers, Postsecondary",36,374362,320
Social and Human Service Assistants,36,374362,321
Atmospheric and Space Scientists,36,374362,322
"Environmental Science Teachers, Postsecondary",35,374362,323
Operating Engineers and Other Construction Equipment Operators,35,374362,324
Nannies,34,374362,325
Political Scientists,34,374362,326
"Cooks, All Other",34,374362,327
First-Line Supervisors/Managers of Food Preparation and Serving Workers,34,374362,328
"Software Developers, Systems Software, Non R&D (ACWIA Only)",34,374362,329
"Mechanical Engineers, R&D (ACWIA Only)",33,374362,330
"Bus Drivers, Transit and Intercity",33,374362,331
Brickmasons and Blockmasons,33,374362,332
Cleaners of Vehicles and Equipment,33,374362,333
"Inspectors, Testers, Sorters, Samplers, and Weighers",33,374362,334
Travel Agents,33,374362,335
Social Science Research Assistants,32,374362,336
"Fine Artists, Including Painters, Sculptors, and Illustrators",32,374362,337
Oral and Maxillofacial Surgeons,31,374362,338
Hydrologists,31,374362,339
"Food Servers, Nonrestaurant",31,374362,340
"Financial Specialists, All Other",31,374362,341
"Vocational Education Teachers, Postsecondary",31,374362,342
Vocational Education Teachers Postsecondary,5,374362,342
Animal Breeders,31,374362,343
Cartographers and Photogrammetrists,31,374362,344
Advertising Sales Agents,31,374362,345
Personal and Home Care Aides,31,374362,346
Registered Nurses,31,374362,347
Insurance Sales Agents,31,374362,348
First-Line Supervisors/Managers of Production and Operating Workers,30,374362,349
"Fabric Menders, Except Garment",30,374362,350
"Plumbers, Pipefitters, and Steamfitters",29,374362,351
Recreation Workers,28,374362,352
"Home Economics Teachers, Postsecondary",28,374362,353
"Teachers and Instructors, All Other",28,374362,354
"Teachers and Instructors, All Other*",4,374362,354
"Cooks, Short Order",28,374362,355
Recreational Therapists,28,374362,356
Marriage and Family Therapists,27,374362,357
Athletic Trainers,27,374362,358
First-Line Supervisors/Managers of Construction Trades and Extraction Workers,27,374362,359
Computer Operators,27,374362,360
"Helpers--Painters, Paperhangers, Plasterers, and Stucco Masons",26,374362,361
"Postsecondary Teachers, All Other",26,374362,362
Cargo and Freight Agents,26,374362,363
Chemical Technicians,26,374362,364
Physical Therapists,26,374362,365
"Maintenance Workers, Machinery",25,374362,366
"Helpers--Installation, Maintenance, and Repair Workers",25,374362,367
"Law Teachers, Postsecondary",25,374362,368
"Cooks, Institution and Cafeteria",25,374362,369
Law Clerks,24,374362,370
Zoologists and Wildlife Biologists,24,374362,371
"Agents and Business Managers of Artists, Performers, and Athletes",23,374362,372
"Buyers and Purchasing Agents, Farm Products",23,374362,373
Drywall and Ceiling Tile Installers,23,374362,374
"Hosts and Hostesses, Restaurant, Lounge, and Coffee Shop",23,374362,375
Sociologists,23,374362,376
"Human Resources Assistants, Except Payroll and Timekeeping",23,374362,377
"Sewers, Hand",22,374362,378
Food Batchmakers,22,374362,379
"Education Administrators, All Other",22,374362,380
Farm and Home Management Advisors,22,374362,381
Commercial Pilots,22,374362,382
Child Care Workers,22,374362,383
Audio and Video Equipment Technicians,22,374362,384
Credit Counselors,22,374362,385
Structural Metal Fabricators and Fitters,21,374362,386
Automotive Master Mechanics,21,374362,387
"Electrical and Electronics Repairers, Commercial and Industrial Equipment",21,374362,388
Hazardous Materials Removal Workers,21,374362,389
Transportation Inspectors,21,374362,390
Residential Advisors,21,374362,391
Photographers,20,374362,392
Helpers--Carpenters,20,374362,393
"First-Line Supervisors/Managers of Farming, Fishing, and Forestry Workers",20,374362,394
Appraisers and Assessors of Real Estate,20,374362,395
Podiatrists,20,374362,396
Mechanical Drafters,19,374362,397
Furniture Finishers,19,374362,398
Upholsterers,19,374362,399
Tool and Die Makers,19,374362,400
"Engineering Technicians, Except Drafters, All Other",18,374362,401
Order Clerks,18,374362,402
Structural Iron and Steel Workers,18,374362,403
"Compliance Officers, Except Agriculture, Construction, Health and Safety, and Transportation",18,374362,404
"Designers, All Other",18,374362,405
First-Line Supervisors/Managers of Non-Retail Sales Workers,18,374362,406
"Sales Representatives, Services, All Other",18,374362,407
Plasterers and Stucco Masons,18,374362,408
"Special Education Teachers, Preschool",18,374362,409
Skincare Specialists,18,374362,410
"Computer Specialists, All Other",17,374362,411
"Nursing Aides, Orderlies, and Attendants*",17,374362,412
Public Relations Managers,17,374362,413
Construction Carpenters,17,374362,414
"Hotel, Motel, and Resort Desk Clerks",17,374362,415
Civil Engineering Technicians,17,374362,416
Agricultural and Food Science Technicians,17,374362,417
Medical Equipment Repairers,17,374362,418
Medical Secretaries,17,374362,419
Medical Records and Health Information Technicians,17,374362,420
"Mobile Heavy Equipment Mechanics, Except Engines",16,374362,421
"Farmworkers, Farm and Ranch Animals",16,374362,422
"Electrical Engineers, R&D (ACWIA Only)",16,374362,423
Audiologists,16,374362,424
Dishwashers,16,374362,425
Archivists,15,374362,426
Orthotists and Prosthetists,15,374362,427
Reinforcing Iron and Rebar Workers,15,374362,428
"Pressers, Textile, Garment, and Related Materials",15,374362,429
Substance Abuse and Behavioral Disorder Counselors,15,374362,430
"Forestry and Conservation Science Teachers, Postsecondary",15,374362,431
First-Line Supervisors/Managers of Housekeeping and Janitorial Workers,15,374362,432
Geological and Petroleum Technicians,15,374362,433
Electrical and Electronics Drafters,15,374362,434
"Electronics Engineers, Except Computer, R&D (ACWIA Only)",15,374362,435
"Sales Agents, Securities and Commodities",15,374362,436
Teacher Assistants,14,374362,437
"Human Resources Managers, All Other",14,374362,438
"Insulation Workers, Floor, Ceiling, and Wall",14,374362,439
"Environmental Science and Protection Technicians, Including Health",14,374362,440
"Business Operations Specialists, All Other*",37,374362,441
"Business Operations Specialists, All Other",14,374362,441
Licensed Practical and Licensed Vocational Nurses,14,374362,442
Floral Designers,14,374362,443
Merchandise Displayers and Window Trimmers,14,374362,444
"Educational, Vocational, and School Counselors",14,374362,445
"Education Administrators, Preschool and Child Care Center/Program",14,374362,446
Computer Programmers Non R & D (ACWIA Only),14,374362,447
"Construction and Related Workers, All Other",14,374362,448
"Construction and Related Workers, All Other*",1,374362,448
"Religious Workers, All Other",14,374362,449
First-Line Supervisors/Managers of Office and Administrative Support Workers,13,374362,450
Farm Equipment Mechanics and Service Technicians,13,374362,451
Medical and Clinical Laboratory Technicians,13,374362,452
"Opticians, Dispensing",13,374362,453
"Healthcare Support Workers, All Other",13,374362,454
"Paving, Surfacing, and Tamping Equipment Operators",13,374362,455
First-Line Supervisors/Managers of Personal Service Workers,13,374362,456
"Molders, Shapers, and Casters, Except Metal and Plastic",13,374362,457
"Agricultural Workers, All Other",13,374362,458
"Computer-Controlled Machine Tool Operators, Metal and Plastic",12,374362,459
First-Line Supervisors of Transportation and Material-Moving Machine and Vehicle Operators,12,374362,460
Architectural Drafters,12,374362,461
Bill and Account Collectors,12,374362,462
Surveyors,12,374362,463
Construction and Building Inspectors,12,374362,464
"Software Developers, Systems Software, R&D (ACWIA Only)",12,374362,465
"Painters, Transportation Equipment",12,374362,466
Glaziers,12,374362,467
Computer Systems Engineers/Architects,12,374362,468
Helpers--Roofers,12,374362,469
Massage Therapists,12,374362,470
"Electric Motor, Power Tool, and Related Repairers",12,374362,471
Software Quality Assurance Engineers and Testers,12,374362,472
Dining Room and Cafeteria Attendants and Bartender Helpers,12,374362,473
Electrical and Electronic Equipment Assemblers,12,374362,474
Printing Press Operators,12,374362,475
Watch Repairers,12,374362,476
Carpet Installers,12,374362,477
Paralegals and Legal Assistants,11,374362,478
"Helpers--Pipelayers, Plumbers, Pipefitters, and Steamfitters",11,374362,479
"Computer, Automated Teller, and Office Machine Repairers",11,374362,480
"Social Sciences Teachers, Postsecondary, All Other",11,374362,481
Statistical Assistants,11,374362,482
Transportation Managers,11,374362,483
"Computer Systems Analysts, R&D (ACWIA Only)",11,374362,484
"First-Line Supervisors/Managers of Landscaping, Lawn Service, and Groundskeeping Workers",11,374362,485
"Painting, Coating, and Decorating Workers",11,374362,486
First-Line Supervisors and Manager/Supervisors - Landscaping Workers,11,374362,487
Legal Secretaries,11,374362,488
"Nursing Aides, Orderlies, and Attendants",11,374362,489
Musicians and Singers,10,374362,490
"Counter Attendants, Cafeteria, Food Concession, and Coffee Shop",10,374362,491
"Bakers, Bread and Pastry",10,374362,492
Museum Technicians and Conservators,10,374362,493
"Airline Pilots, Copilots, and Flight Engineers",10,374362,494
"Cutting, Punching, and Press Machine Setters, Operators, and Tenders, Metal and Plastic",10,374362,495
"Dispatchers, Except Police, Fire, and Ambulance",10,374362,496
"Floor Layers, Except Carpet, Wood, and Hard Tiles",10,374362,497
Broadcast Technicians,10,374362,498
Audio-Visual and Multimedia Collections Specialists,10,374362,499
Data Entry Keyers,10,374362,500
Electronics Engineering Technicians,10,374362,501
Medical Appliance Technicians,10,374362,502
"Grinding and Polishing Workers, Hand",10,374362,503
Diagnostic Medical Sonographers,10,374362,504
"Health Technologists and Technicians, All Other",10,374362,505
"Health Technologists and Technicians, All Other*",8,374362,505
"Computer Numerically Controlled Machine Tool Programmers, Metal and Plastic",10,374362,506
"Coating, Painting, and Spraying Machine Setters, Operators, and Tenders",9,374362,507
Shop and Alteration Tailors,9,374362,508
Personnel Recruiters,9,374362,509
Telecommunications Line Installers and Repairers,9,374362,510
Shoe and Leather Workers and Repairers,9,374362,511
Dental Hygienists,9,374362,512
Judicial Law Clerks,9,374362,513
Environmental Engineering Technicians,9,374362,514
Jewelers,9,374362,515
"Drilling and Boring Machine Tool Setters, Operators, and Tenders, Metal and Plastic",9,374362,516
Aerospace Engineering and Operations Technicians,9,374362,517
Nurse Practitioners,9,374362,518
Veterinary Technologists and Technicians,9,374362,519
"Transportation Workers, All Other",9,374362,520
Security and Fire Alarm Systems Installers,9,374362,521
Musical Instrument Repairers and Tuners,9,374362,522
"Legal Support Workers, All Other",9,374362,523
Real Estate Sales Agents,9,374362,524
Pipelayers,9,374362,525
Segmental Pavers,9,374362,526
Tax Preparers,9,374362,527
Helpers--Electricians,9,374362,528
"Molding, Coremaking, and Casting Machine Setters, Operators, and Tenders, Metal and Plastic",9,374362,529
Counter and Rental Clerks,8,374362,530
Marine Engineers,8,374362,531
Radiologic Technologists,8,374362,532
"Multiple Machine Tool Setters, Operators, and Tenders, Metal and Plastic",8,374362,533
"Radio, Cellular, and Tower Equipment Installers and Repairs",8,374362,535
"Personal Care and Service Workers, All Other",8,374362,536
First-Line Supervisors/Managers of Transportation and Material-Moving Machine and Vehicle Operators,8,374362,537
Proofreaders and Copy Markers,8,374362,538
Sound Engineering Technicians,8,374362,539
Astronomers,8,374362,540
Agricultural Inspectors,8,374362,541
"First-Line Supervisors/Managers of Mechanics, Installers, and Repairers",8,374362,542
Security Guards,8,374362,543
Desktop Publishers,8,374362,544
"Telecommunications Equipment Installers and Repairers, Except Line Installers",8,374362,545
Packaging and Filling Machine Operators and Tenders,8,374362,546
Conservation Scientists,7,374362,547
"Grounds Maintenance Workers, All Other",7,374362,548
"Social Workers, All Other",7,374362,549
Forensic Science Technicians,7,374362,550
"Claims Adjusters, Examiners, and Investigators",7,374362,551
Print Binding and Finishing Workers,7,374362,552
"Cutters and Trimmers, Hand",7,374362,553
Choreographers,7,374362,554
"Employment, Recruitment, and Placement Specialists",7,374362,555
Fishers and Related Fishing Workers,7,374362,556
Medical and Public Health Social Workers,7,374362,557
Sheet Metal Workers,7,374362,558
"Civil Engineers, R&D (ACWIA Only)",7,374362,559
Private Sector Executives,7,374362,560
Craft Artists,7,374362,561
Pharmacy Technicians,7,374362,562
"Welding, Soldering, and Brazing Machine Setters, Operators, and Tenders",7,374362,563
"Pesticide Handlers, Sprayers, and Applicators, Vegetation",7,374362,564
"Grinding, Lapping, Polishing, and Buffing Machine Tool Setters, Operators, and Tenders, Metal and Plastic",7,374362,565
"Model Makers, Metal and Plastic",6,374362,566
Occupational Therapy Assistants,6,374362,567
"Secretaries, Except Legal, Medical, and Executive",6,374362,568
"Camera Operators, Television, Video, and Motion Picture",6,374362,569
Respiratory Therapists,6,374362,570
Physical Therapist Assistants,6,374362,571
Ophthalmic Laboratory Technicians,6,374362,572
Clinical Psychologists,6,374362,573
Prepress Technicians and Workers,6,374362,574
First-Line Supervisors and Manager/Supervisors- Construction Trades Workers,6,374362,575
Surveying and Mapping Technicians,6,374362,576
Payroll and Timekeeping Clerks,6,374362,577
Foresters,6,374362,578
Bartenders,6,374362,579
Real Estate Brokers,6,374362,580
"Psychologists, All Other",6,374362,581
Loan Interviewers and Clerks,6,374362,582
Electrical Engineering Technicians,6,374362,583
Tire Repairers and Changers,6,374362,584
Parking Lot Attendants,6,374362,585
"Mixing and Blending Machine Setters, Operators, and Tenders",6,374362,586
Biochemists,6,374362,587
Physical Therapist Aides,6,374362,588
"Plating and Coating Machine Setters, Operators, and Tenders, Metal and Plastic",6,374362,589
"Rotary Drill Operators, Oil and Gas",6,374362,590
Light Truck or Delivery Services Drivers,6,374362,591
Music Directors,6,374362,592
"First-Line Supervisors/Managers of Helpers, Laborers, and Material Movers, Hand",5,374362,593
Industrial Truck and Tractor Operators,5,374362,594
"Metal Workers and Plastic Workers, All Other",5,374362,595
Brokerage Clerks,5,374362,596
"Helpers, Construction Trades, All Other",5,374362,597
Veterinary Assistants and Laboratory Animal Caretakers,5,374362,598
"Career/Technical Education Teachers, Secondary School",5,374362,599
Demonstrators and Product Promoters,5,374362,600
Concierges,5,374362,601
"Truck Drivers, Heavy and Tractor-Trailer",5,374362,602
Broadcast News Analysts,5,374362,603
Heating and Air Conditioning Mechanics,5,374362,604
Dancers,5,374362,605
"Human Resources, Training, and Labor Relations Specialists, All Other*",105,374362,606
"Human Resources, Training, and Labor Relations Specialists, All Other",5,374362,606
Electrical and Electronic Engineering Technicians,5,374362,607
Producers,5,374362,608
"Captains, Mates, and Pilots of Water Vessels",5,374362,609
Radiation Therapists,5,374362,610
"Life Scientists, R&D (ACWIA only)",5,374362,611
Emergency Management Directors,5,374362,612
"Computer Software Engineers, Systems Software, Non R&D",5,374362,613
"Electrical Engineers, Non R&D (ACWIA Only)",5,374362,614
Community Health Workers,5,374362,615
"Electronic Equipment Installers and Repairers, Motor Vehicles",5,374362,616
Pest Control Workers,5,374362,617
Automotive and Watercraft Service Attendants,5,374362,618
Outdoor Power Equipment and Other Small Engine Mechanics,5,374362,619
Medical Equipment Preparers,5,374362,620
Motorboat Mechanics and Service Technicians,4,374362,621
Graduate Teaching Assistants,4,374362,622
Shampooers,4,374362,623
"Community and Social Service Specialists, All Other",4,374362,624
"Community and Social Service Specialists, All Other*",1,374362,624
Electronic Home Entertainment Equipment Installers and Repairers,4,374362,625
Camera and Photographic Equipment Repairers,4,374362,626
"Drafters, All Other",4,374362,627
Aviation Inspectors,4,374362,628
Farmers and Ranchers,4,374362,629
"Electronics Engineers, Except Computer, Non R&D (ACWIA Only)",4,374362,630
Engine and Other Machine Assemblers,4,374362,631
"Life Scientists, All Other",4,374362,632
"Adult Literacy, Remedial Education, and GED Teachers and Instructors",4,374362,633
"Entertainers and Performers, Sports and Related Workers, All Other",4,374362,634
Surgical Technologists,4,374362,635
Commercial Divers,4,374362,636
"Food and Tobacco Roasting, Baking, and Drying Machine Operators and Tenders",4,374362,637
"Layout Workers, Metal and Plastic",4,374362,640
"Extruding, Forming, Pressing, and Compacting Machine Setters, Operators, and Tenders",4,374362,641
"Separating, Filtering, Clarifying, Precipitating, and Still Machine Setters, Operators, and Tenders",4,374362,642
Fundraisers,4,374362,643
"Extruding and Forming Machine Setters, Operators, and Tenders, Synthetic and Glass Fibers",4,374362,644
"Installation, Maintenance, and Repair Workers, All Other",4,374362,645
"Installation, Maintenance, and Repair Workers, All Other*",1,374362,645
"Credit Authorizers, Checkers, and Clerks",4,374362,646
Computer Programmer Non R & D,4,374362,647
Telemarketers,4,374362,648
Nuclear Medicine Technologists,4,374362,649
"Special Education Teachers, All Other",4,374362,650
Marine Architects,4,374362,651
"Office and Administrative Support Workers, All Other",4,374362,653
"Office and Administrative Support Workers, All Other*",4,374362,653
Numerical Tool and Process Control Programmers,4,374362,654
Marking Clerks,4,374362,655
Mathematical Technicians,4,374362,656
"Mechanical Engineers, Non R&D (ACWIA Only)",4,374362,657
"Education, Training, and Library Workers, All Other",4,374362,658
Counseling Psychologists,4,374362,659
"Billing, Cost, and Rate Clerks",3,374362,660
"Assemblers and Fabricators, All Other",3,374362,661
"Arbitrators, Mediators, and Conciliators",3,374362,662
"Life, Physical, and Social Science Technicians, All Other",3,374362,663
Floor Sanders and Finishers,3,374362,664
Anthropologists and Archeologists,3,374362,665
"Career/Technical Education Teachers, Middle School",3,374362,666
"Therapists, All Other*",3,374362,667
"Therapists, All Other",2,374362,667
"Building Cleaning Workers, All Other",3,374362,668
Septic Tank Servicers and Sewer Pipe Cleaners,3,374362,669
Computer Programmers R & D (ACWIA Only),3,374362,670
Taxi Drivers and Chauffeurs,3,374362,671
Program Directors,3,374362,672
Excavating and Loading Machine and Dragline Operators,3,374362,673
Nursery and Greenhouse Managers,3,374362,674
Avionics Technicians,3,374362,675
"Patternmakers, Wood",3,374362,676
Farm Equipment Mechanics,3,374362,677
Travel Guides,3,374362,678
"Milling and Planing Machine Setters, Operators, and Tenders, Metal and Plastic",3,374362,679
Loan Counselors,3,374362,680
Refuse and Recyclable Material Collectors,3,374362,681
"Production Inspectors, Testers, Graders, Sorters, Samplers, Weighers",3,374362,682
Millwrights,3,374362,683
"Production Workers, All Other",3,374362,684
Janitorial Supervisors,3,374362,685
"Interviewers, Except Eligibility and Loan",3,374362,686
"Artists and Related Workers, All Other",3,374362,687
Sculptors,3,374362,688
"Purchasing Agents and Buyers, Farm Products",3,374362,689
"Morticians, Undertakers and Funeral Directors",3,374362,690
Etchers and Engravers,3,374362,691
"First-Line Supervisors and Manager/Supervisors - Animal Care Workers, Except Livestock",3,374362,692
"Counselors, All Other",3,374362,693
Copy Writers,3,374362,694
Nursery Workers,3,374362,695
Motorcycle Mechanics,3,374362,696
"Bakers, Manufacturing",3,374362,697
Elevator Installers and Repairers,3,374362,698
"Pump Operators, Except Wellhead Pumpers",3,374362,699
Crane and Tower Operators,3,374362,700
Chemical Equipment Operators and Tenders,3,374362,701
"Mechanical Engineers, R&D",3,374362,702
Tour Guides and Escorts,3,374362,703
"Farm, Ranch, and Other Agricultural Managers",3,374362,704
Fence Erectors,3,374362,705
Athletes and Sports Competitors,3,374362,706
Water and Wastewater Treatment Plant and System Operators,3,374362,707
Textile Bleaching and Dyeing Machine Operators and Tenders,3,374362,708
"Electronics Engineers, Except Computer, Non R&D",3,374362,709
Machine Feeders and Offbearers,3,374362,710
Radio and Television Announcers,3,374362,711
"Lay-Out Workers, Metal and Plastic",2,374362,712
Industrial Safety and Health Engineers,2,374362,713
"Food Processing Workers, All Other",2,374362,714
"Computer Software Engineers, Systems Software,R&D",2,374362,715
"Coating, Painting, and Spraying Machine Operators and Tenders",2,374362,716
Welder-Fitters,2,374362,717
Cardiovascular Technologists and Technicians,2,374362,718
Meeting and Convention Planners,2,374362,719
Screen Printing Machine Setters and Set-Up Operators,2,374362,720
Parts Salespersons,2,374362,721
Paperhangers,2,374362,722
Radiologic Technologists and Technicians*,2,374362,723
Reservation and Transportation Ticket Agents and Travel Clerks,2,374362,724
Bicycle Repairers,2,374362,725
Funeral Service Managers,2,374362,726
Ship and Boat Captains,2,374362,727
Models,2,374362,728
Pipe Fitters,2,374362,729
Gem and Diamond Workers,2,374362,730
First-Line Supervisors and Manager/Supervisors - Horticultural Workers,2,374362,731
"All other vehicle and mobile equipment mechanics, installers, and repairers",2,374362,732
Airfield Operations Specialists,2,374362,733
"Graders and Sorters, Agricultural Products",2,374362,734
"Computer Software Engineers, Applications,R&D",2,374362,735
"Social Scientists and Related Workers, All Other",2,374362,736
"Mechanical Engineers, Non R&D",2,374362,737
"Mathematical Science Occupations, All Other",2,374362,738
"Electronics Engineers, Except Computer, R&D",2,374362,739
"Directors- Stage, Motion Pictures, Television, and Radio",2,374362,740
"Lifeguards, Ski Patrol, and Other Recreational Protective Service Workers",2,374362,741
First-Line Supervisors and Manager/Supervisors - Animal Husbandry Workers,2,374362,742
"Library Assistants, Clerical",2,374362,743
Occupational Therapy Aides,2,374362,745
Funeral Attendants,2,374362,746
Agricultural Crop Farm Managers,2,374362,747
Skin Care Specialists,2,374362,748
Product Safety Engineers,2,374362,749
Anthropologists,2,374362,750
Correspondence Clerks,2,374362,751
Flight Attendants,2,374362,752
Housekeeping Supervisors,2,374362,753
Solar Photovoltaic Installers,2,374362,754
Custom Tailors,2,374362,755
"Textile Cutting Machine Setters, Operators, and Tenders",2,374362,756
"Extruding and Drawing Machine Setters, Operators, and Tenders, Metal and Plastic",2,374362,757
"Aircraft Structure, Surfaces, Rigging, and Systems Assemblers",2,374362,758
Home Appliance Repairers,2,374362,759
Tapers,2,374362,760
Pharmacy Aides,2,374362,761
"Earth Drillers, Except Oil and Gas",2,374362,762
"Stock Clerks- Stockroom, Warehouse, or Storage Yard",2,374362,763
"Tax Examiners and Collectors, and Revenue Agents",2,374362,764
Insurance Claims and Policy Processing Clerks,2,374362,765
Psychiatric Aides,2,374362,766
Plumbers,2,374362,767
Farm Labor Contractors,2,374362,768
"Media and Communication Workers, All Other",2,374362,769
Electromechanical Equipment Assemblers,2,374362,771
"Rock Splitters, Quarry",2,374362,772
"Insulation Workers, Mechanical",2,374362,773
"Sales Representatives, Electrical/Electronic",2,374362,774
Molding and Casting Workers,2,374362,775
Genetic Counselors,2,374362,776
"Weighers, Measurers, Checkers, and Samplers, Recordkeeping",2,374362,777
"Police, Fire, and Ambulance Dispatchers",2,374362,778
"Service Unit Operators, Oil, Gas, and Mining",2,374362,779
"Rolling Machine Setters, Operators, and Tenders, Metal and Plastic",2,374362,780
"Sales and Related Workers, All Other",2,374362,781
"Sales and Related Workers, All Other*",2,374362,781
Library Technicians,2,374362,782
Mechanical Door Repairers,2,374362,783
Semiconductor Processors,2,374362,784
"Food Preparation and Serving Related Workers, All Other",2,374362,785
"Lathe and Turning Machine Tool Setters, Operators, and Tenders, Metal and Plastic",2,374362,786
"Woodworkers, All Other",2,374362,787
Locksmiths and Safe Repairers,2,374362,788
"Civil Engineers, Non R&D (ACWIA Only)",2,374362,789
Barbers,2,374362,790
"Funeral Service Managers, Directors, Morticians, and Undertakers",2,374362,791
Computer Programmer R&D,1,374362,792
Log Graders and Scalers,1,374362,793
Dentists,1,374362,794
"Coin, Vending, and Amusement Machine Servicers and Repairers",1,374362,795
"Physical Scientists, All Other",1,374362,796
Automotive Glass Installers and Repairers,1,374362,797
"Coil Winders, Tapers, and Finishers",1,374362,798
"Cutting and Slicing Machine Setters, Operators, and Tenders",1,374362,799
Phlebotomists,1,374362,800
"Information and Record Clerks, All Other",1,374362,801
Medical Transcriptionists,1,374362,802
"Roustabouts, Oil and Gas",1,374362,803
Nuclear Technicians,1,374362,805
Terrazzo Workers and Finishers,1,374362,806
"Computer Network Architects, R&D",1,374362,807
Metal-Refining Furnace Operators and Tenders,1,374362,808
"Civil Engineers, R&D",1,374362,809
"Welders, Cutters, and Welder Fitters",1,374362,810
Printing Machine Operators,1,374362,811
Historians,1,374362,812
First-Line Supervisors and Manager/Supervisors - Agricultural Crop Workers,1,374362,813
Electric Home Appliance and Power Tool Repairers,1,374362,814
Power Distributors and Dispatchers,1,374362,815
"Musicians, Instrumental",1,374362,816
Costume Attendants,1,374362,817
"Claims Examiners, Property and Casualty Insurance",1,374362,818
Wellhead Pumpers,1,374362,819
"Protective Service Workers, All Other *",1,374362,820
Web Administrators,1,374362,821
Carpenter Assemblers and Repairers,1,374362,822
Highway Maintenance Workers,1,374362,823
"Computer Network Architects, Non R&D",1,374362,824
"Financial Clerks, All Other",1,374362,825
"Derrick Operators, Oil and Gas",1,374362,826
Emergency Medical Technicians and Paramedics,1,374362,827
Tire Builders,1,374362,828
Postal Service Clerks,1,374362,829
Adhesive Bonding Machine Operators and Tenders,1,374362,830
"Textile Knitting and Weaving Machine Setters, Operators, and Tenders",1,374362,831
Geological Data Technicians,1,374362,832
First-Line Supervisors and Manager/Supervisors- Extractive Workers,1,374362,833
Stringed Instrument Repairers and Tuners,1,374362,834
"Tank Car, Truck, and Ship Loaders",1,374362,835
"Truck Drivers, Light or Delivery Services",1,374362,836
Surveying Technicians,1,374362,837
Service Station Attendants,1,374362,838
Ophthalmic Medical Technicians,1,374362,839
Occupational Health and Safety Technicians,1,374362,840
Government Service Executives,1,374362,841
City Planning Aides,1,374362,842
Stationary Engineers and Boiler Operators,1,374362,843
"Freight, Stock, and Material Movers, Hand",1,374362,844
Actors,1,374362,846
Psychiatric Technicians,1,374362,847
Technical Directors/Managers,1,374362,848
General Farmworkers,1,374362,849
Coroners,1,374362,850
"Door-to-Door Sales Workers, News and Street Vendors, and Related Workers",1,374362,851
Foundry Mold and Coremakers,1,374362,852
"Crushing, Grinding, and Polishing Machine Setters, Operators, and Tenders",1,374362,853
"First-Line Supervisors, Customer Service",1,374362,854
Geologists,1,374362,855
"Model Makers, Wood",1,374362,856
"Sales Representatives, Chemical and Pharmaceutical",1,374362,857
"Sawing Machine Setters, Operators, and Tenders, Wood",1,374362,858
"Computer and Information Systems Managers,Non R&D (ACWIA Only)",1,374362,859
"Electrical Engineers, R&D",1,374362,860
"Motor Vehicle Operators, All Other",1,374362,861
"Heat Treating Equipment Setters, Operators, and Tenders, Metal and Plastic",1,374362,862
Fire-Prevention and Protection Engineers,1,374362,863
Court Clerks,1,374362,864
"Vocational Education Teachers, Secondary School",1,374362,865
Audio-Visual Collections Specialists,1,374362,866
Singers,1,374362,867
Amusement and Recreation Attendants,1,374362,868
Ship Engineers,1,374362,869
First-Line Supervisors and Manager/Supervisors - Logging Workers,1,374362,870
"Insurance Appraisers, Auto Damage",1,374362,871
Cooling and Freezing Equipment Operators and Tenders,1,374362,872
Network Designers,1,374362,873
"Textile Winding, Twisting, and Drawing Out Machine Setters, Operators, and Tenders",1,374362,874
"Office Machine Operators, Except Computer",1,374362,875
Freight Inspectors,1,374362,876
Licensing Examiners and Inspectors,1,374362,877
Archeologists,1,374362,878
Exercise Physiologists,1,374362,879
Educational Psychologists,1,374362,880
"Umpires, Referees, and Other Sports Officials",1,374362,881
"Healthcare Practitioners and Technical Workers, All Other*",4,374362,882
"Healthcare Practitioners and Technical Workers, All Other",1,374362,882
Radio Operators,1,374362,883
"Textile, Apparel, and Furnishings Workers, All Other",1,374362,884
Buffing and Polishing Set-Up Operators,1,374362,885
"Order Fillers, Wholesale and Retail Sales",1,374362,887
Gas Compressor and Gas Pumping Station Operators,1,374362,888
Civil Drafters,1,374362,889
"Employment Interviewers, Private or Public Employment Service",1,374362,890
Water and Liquid Waste Treatment Plant and System Operators,1,374362,891
Registered Nurses*,1,374362,892
"Administrative Law Judges, Adjudicators, and Hearing Officers",1,374362,893
Fiberglass Laminators and Fabricators,1,374362,894
Calibration and Instrumentation Technicians,1,374362,895
"Electrical Engineers, Non R&D",1,374362,896
Storage and Distribution Managers,1,374362,897
Team Assemblers,1,374362,898
Stone Cutters and Carvers,1,374362,899
"Pressers, Delicate Fabrics",1,374362,900
"Precision Mold and Pattern Casters, except Nonferrous Metals",1,374362,901
Tellers,1,374362,902
New Accounts Clerks,1,374362,903
Magnetic Resonance Imaging Technologists,1,374362,904
