Category_Set,Category_Occurrences,Total_Examples,Entity_Number
157 E. 74th Street,30,806179,1
23rd Regiment Armory,108,806179,2
32 Old Slip,80,806179,3
4 World Trade Center,14,806179,4
9/11 Memorial Museum,1,806179,5
"Aaron Davis Hall, City College of New York",7,806179,6
Abyssinian Baptist Church,1157,806179,7
Academy of Music,5335,806179,8
Acik Hava Tiyatrosu,12,806179,9
Acros Fukuoka,5,806179,10
Act City Concert Hall,8,806179,11
Adlai Stevenson High School,6,806179,12
Adrienne Arsht Center for the Performing Arts (Knight Concert Hall),6,806179,13
Aeolian Hall,6322,806179,14
Ahmed Adnan Saygun Arts Centre,10,806179,15
Ak-Sar-Ben Coliseum,6,806179,16
Al Jahili Fort,3,806179,17
Albee Theatre,5,806179,18
Alexander Hall,313,806179,19
Alice Tully Hall,1087,806179,20
Alte Oper,169,806179,21
Alumni Memorial Auditorium,18,806179,22
American Legion Auditorium,12,806179,23
Amphitheater at the Elinor Bunin Munroe Film Center,2,806179,24
Anderson Center for the Arts,14,806179,25
Andrew Jackson Hall,5,806179,26
Angel Orensanz Foundation,160,806179,27
Anhangabau,9,806179,28
Apollo Rooms,1682,806179,29
Apollo Saloon,18,806179,30
Apollo Theater,335,806179,31
Arcadia Auditorium,49,806179,32
Arena Theater,14,806179,33
Arie Crown Theater,10,806179,34
Armory,11,806179,35
Armory Auditorium,6,806179,36
Art Museum,70,806179,37
Artemus W. Ham Concert Hall,9,806179,38
Artpark,24,806179,39
Asia Society,741,806179,40
Assembly Hall,4,806179,41
"Assembly Rooms, Chinese Buildings",24,806179,42
Atatuerk Culture Center,9,806179,43
Athenaeum,20,806179,44
Athens Concert Hall,12,806179,45
Auditorio Alfredo Kraus,16,806179,46
Auditorio de Galicia,5,806179,47
Auditorio Nacional,7,806179,48
Auditorio Nacional de Musica,68,806179,49
Auditorio Palacio de Congresos Principe Felipe,4,806179,50
Auditorio y Palacio de Congresos,16,806179,51
Auditorium,88,806179,52
Auditorium Arena,5,806179,53
Auditorium Hall,16,806179,54
Auditorium Parco della Musica,18,806179,55
Auditorium Parco della Musica - Santa Cecilia Hall,5,806179,56
Auditorium Theatre,38,806179,57
Augusteo,17,806179,58
Aula Magna,12,806179,59
Avery Fisher Hall,235073,806179,60
Aycock Auditorium,6,806179,61
Bailey Hall,295,806179,62
Baita at Eataly,290,806179,63
Baker Hall,9,806179,64
Balboa Park Bowl,7,806179,65
Bank of New York,5,806179,66
Baptist Church,12,806179,67
Barbican Centre,148,806179,68
Baseball Stadium,14,806179,69
Battery Park,3,806179,70
Beethoven-Saal,5,806179,71
Beethovenhalle,36,806179,72
Belasco Theatre,14,806179,73
"Bell House, The",240,806179,74
Berkeley Community Theatre,6,806179,75
Bethany College Auditorium,24,806179,76
Bethel Woods Center for the Arts,617,806179,77
Bijou Theater,52,806179,78
Biltmore Hotel,30,806179,79
Binyanei Ha'ooma,5,806179,80
Blockbuster-Sony Music Entertainment Center,3,806179,81
Blossom Music Center,4,806179,82
Blumenthal Performing Arts Center,7,806179,83
Bob Carr Performing Arts Centre,5,806179,84
Boettcher Concert Hall,9,806179,85
Bolshoi Hall,112,806179,86
Bolshoi Theatre,20,806179,87
Bolshoi Zal,65,806179,88
Boyd's Theatre,7,806179,89
Brick Church,12,806179,90
Broad Street Theatre,21,806179,91
Broadway Tabernacle,114,806179,92
Brookhaven Amphitheater,13,806179,93
Brooklyn Academy of Music,2327,806179,94
"Brooklyn Center for the Performing Arts, Whitman Hall",25,806179,95
Brooklyn Institute of Arts and Sciences,300,806179,96
Brucknerhaus,5,806179,97
Bruno Walter Auditorium,176,806179,98
Bryant Park,27,806179,99
Buckfire residence,12,806179,100
Buckingham Hall,293,806179,101
Bunka Kaikan,56,806179,102
Bunka Kaikan (Chiba-ken),5,806179,103
Burns Theater,6,806179,104
Burtis Auditorium,32,806179,105
Bush-Brown Concert Theater,54,806179,106
Bushnell Auditorium,248,806179,107
Byrnes Auditorium,5,806179,108
C.Y. Stephens Auditorium,106,806179,109
Calderone Theater,8,806179,110
Cam-Plex Heritage Center,80,806179,111
Cambria Theater,24,806179,112
Cameron Indoor Stadium,4,806179,113
Camp Dix,16,806179,114
Camp Kilmer,20,806179,115
Cankarjev dom (Gallus Hall),13,806179,116
Capitol Theatre,11,806179,117
Caramoor Venetian Theater,7,806179,118
Carnegie Chamber Music Hall at Carnegie Hall,276,806179,119
Carnegie Hall,107572,806179,120
Carnegie Lyceum,179,806179,121
Carnegie Music Hall,4,806179,122
Casino,6,806179,123
"Caspary Auditorium, The Rockefeller University",333,806179,124
Castle Garden,91,806179,125
Cathedrale de Chartres,3,806179,126
Caupolicán,7,806179,127
CBS Studio,3,806179,128
Centar,6,806179,129
Centennial Hall,8,806179,130
"Center for the Arts, College of Staten Island / CUNY",1162,806179,131
Central High School,15,806179,132
Centro de Bellas Artes Luis A. Ferré (Sala Antonio Paoli),19,806179,133
Century II Convention Hall,8,806179,134
Century Theatre,329,806179,135
Cercle de l'Union Interalliée,16,806179,136
Châtelet Théâtre,14,806179,137
Chiang Kai Shek Cultural Center,8,806179,138
Chickering Hall,234,806179,139
Church of the Holy Trinity,2212,806179,140
Citibank,214,806179,141
City Auditorium,384,806179,142
City Hall,389,806179,143
City Hall Auditorium,7,806179,144
City Opera House,5,806179,145
City University of New York,1354,806179,146
Civic Arena,4,806179,147
Civic Auditorium,39,806179,148
Civic Center,16,806179,149
Civic Music league,6,806179,150
Clark Studio Theater,18,806179,151
Clemens Center,4,806179,152
Clemson College,6,806179,153
Clove Lake Park,106,806179,154
Clowes Memorial Hall,5,806179,155
Club Alianza,8,806179,156
Co-op City,148,806179,157
"Colden Auditorium, Queens College",112,806179,158
Coliseu dos Recreios,6,806179,159
Coliseum,50,806179,160
Coliseum Theater,6,806179,161
Coliseum Theatre,6,806179,161
College Auditorium,157,806179,162
College of Industrial Arts,24,806179,163
Collingwood Opera House,28,806179,164
Colonial Theatre,16,806179,165
Colonial Theater,6,806179,165
Columbia Music Festival,10,806179,166
Columbia University - Gymnasium,36,806179,167
Community Auditorium (Emens College),5,806179,168
Community Theater,10,806179,169
Concert Hall (Aichi),29,806179,170
Concert Hall Esplanade,20,806179,171
Concert House,5,806179,172
Concertgebouw,100,806179,173
Concha Acustica,6,806179,174
Concord Pavilion,22,806179,175
Constitution Hall,222,806179,176
Convention Center,6,806179,177
Convention Hall,260,806179,178
Convention Hall Ballroom,6,806179,179
Converse Auditorium,7,806179,180
Cooper Union,993,806179,181
Copley Symphony Hall,10,806179,182
Cosmopolitan Club,132,806179,183
Cotton Palace Coliseum,39,806179,184
Court of the Altar,14,806179,185
Court Square Theater,55,806179,186
Court Theatre,10,806179,187
Credit Suisse Headquarters,5,806179,188
Credit Suisse offices,16,806179,189
Crocheron Park,174,806179,190
Crouse-Hinds Theater,2,806179,191
Cultural Center of the Philippines,47,806179,192
Cunningham Park,283,806179,193
CWP Auditorium,84,806179,194
Dade County Auditorium,15,806179,195
Daejeon Culture and Arts Center,22,806179,196
Damrosch Park,61,806179,197
Dane County Memorial Coliseum,20,806179,198
Daniel Recital Hall,207,806179,199
Darling Theatre,32,806179,200
David Geffen Hall,8202,806179,201
David Rubenstein Atrium at Lincoln Center,95,806179,202
Davies Symphony Hall,40,806179,203
De Vink Residence,16,806179,204
De Warande,12,806179,205
Dee Events Center,5,806179,206
Delaware Valley Garden,8,806179,207
Detroit Armory,38,806179,208
Deutsches Museum,18,806179,209
Deutschlandhalle,5,806179,210
Dewitt Clinton High School,4,806179,211
Didi and Oscar Schafer Residence,8,806179,212
DiMenna Center,42,806179,213
Dom Sindikatu,27,806179,214
Donna and Marvin Schwartz Center for the Performing Arts (Emerson Concert Hall),13,806179,215
Donovan Pavilion,33,806179,216
Doubles Club at the Sherry Netherland Hotel,4,806179,217
Dr. Sun Yat-Sen Memorial Hall,78,806179,218
Drake University,1,806179,219
Drury Auditorium,5,806179,220
Dwight Morrow High School,16,806179,221
Dyker Beach Park,18,806179,222
East Pyongyang Grand Theatre,8,806179,223
Eastman Theatre,21,806179,224
Ebbets Field,198,806179,225
Ed Sullivan Theatre,1,806179,226
Edman Memorial Chapel,3,806179,227
Edmunds Activities Center,84,806179,228
Eisenhower Hall,5,806179,229
Eisenhower Park,56,806179,230
Elbphilharmonie,9,806179,231
Electric Industry Center,109,806179,232
Ellis Auditorium,7,806179,233
Elmwood Hall,31,806179,234
Emirates Palace Auditorium,10,806179,235
Erkel Theater,28,806179,236
Esplanade,20,806179,237
Estudio Auditorio,22,806179,238
Fair Park Coliseum,6,806179,239
Falconbridge Club,6,806179,240
Family Theater,8,806179,241
Farley / Speyer Home,18,806179,242
Federal Hall,4,806179,243
Federal Reserve Bank of New York,22,806179,244
Felt Forum,4,806179,245
Festival Hall,123,806179,246
Festival Theater,8,806179,247
Festival Theatre,4,806179,247
Festspielhaus,22,806179,248
Festspielhaus und Festspiele Baden-Baden GmbH,25,806179,249
Fifth Avenue Presbyterian Church,16,806179,250
Filene Center,78,806179,251
Filharmonia Narodowa,58,806179,252
Fine Arts Concert Hall,80,806179,253
Finlandia Hall,16,806179,254
First Baptist Church,5,806179,255
Folketeatret,8,806179,256
Foot Guard Hall,37,806179,257
Fort Monmouth,5,806179,258
Forte Village Resort,100,806179,259
Fox Theatre,3,806179,260
Frauenkirche,14,806179,261
Free Trade Hall,9,806179,262
Fuji Gakuen Hall,8,806179,263
Fulton Opera House,4,806179,264
Fumonkan Hall,24,806179,265
Gaiety Theatre,6,806179,266
Gaillard Municipal Auditorium,19,806179,267
Gammage Center for the Performing Arts,7,806179,268
Garden City High School,7,806179,269
Garden State Arts Center,232,806179,270
Gasteig Philharmonie,23,806179,271
George Huff Gymnasium,6,806179,272
Georgescu Home,27,806179,273
Gerald R. Ford Amphitheater,2748,806179,274
Gerald W. Lynch Theater,51,806179,275
Gewandhaus,20,806179,276
Gill Coliseum,6,806179,277
Girls' Commercial HS,214,806179,278
Glass Center,11,806179,279
Glen Cove High School,38,806179,280
Good Shepherd Faith Presbyterian Church,38,806179,281
Gorky Cultural Park,35,806179,282
Grace Church,289,806179,283
Granada Theater,21,806179,284
Grand Masonic Lodge,5,806179,285
Grand Opera,6,806179,286
Grand Opera House,92,806179,287
Grand Theater,32,806179,288
Grand Theatre de Gand,2,806179,289
Grand Theatre de Monte Carlo,3,806179,290
Gray's Armory,123,806179,291
"Great Hall, City College of New York",607,806179,292
Great Hall - City College,221,806179,292
Great Kills Park,22,806179,293
Great Lawn,2957,806179,294
Greek Theatre,5,806179,295
Greene's Opera House,24,806179,296
Guenther residence,8,806179,297
Guild Hall,330,806179,298
Gymnasium,34,806179,299
Hala Ludowa,4,806179,300
Half Hollow Hills HS Auditorium,4,806179,301
Halic Auditorium,28,806179,302
Halifax Forum,7,806179,303
Hall of Music (Edward C. Elliott),5,806179,304
Hall of Music World's Fair Grounds,253,806179,305
Hall of the Commercial High School,220,806179,306
Halle Muensterland,5,806179,307
Halloran Hospital,5,806179,308
Hancher Auditorium,18,806179,309
Hanoi Opera House,15,806179,310
Harmanus Bleecker Hall,172,806179,311
Harmony Hall,22,806179,312
Harold M. Proshansky Auditorium,14,806179,313
Haseltine residence,34,806179,314
Hauppage High School,11,806179,315
Hayarkon Park,11,806179,316
Heckscher State Park,235,806179,317
Herodes Atticus Theatre,171,806179,318
High School,8,806179,319
High School Auditorium,141,806179,320
High School Gymnasium,27,806179,321
High School of Music & Art,54,806179,322
Hill Auditorium,113,806179,323
Hillwood Recital Hall (Tilles),434,806179,324
Hilton Coliseum,140,806179,325
Hippodrome,51,806179,326
"Hite Residence, Central Park S.",2,806179,327
Hochman residence,18,806179,328
Hochschule Fuer Musik,7,806179,329
Hoff-Barthelson Music School,80,806179,330
Hofstra University Playhouse,7,806179,331
Hollywood Bowl,121,806179,332
Holy Trinity Lutheran Church,96,806179,333
Home of Jack and Shirley Silver,5,806179,334
Home of Mr. & Mrs. James Buckman,10,806179,335
Home of Neil Westreich and Michael O'Keefe,3,806179,336
Home of Paul and Virginia Pellicci,3,806179,337
Hon. Frank and Mrs. Newman Residence,18,806179,338
Honeywell Memorial Center,5,806179,339
Hong Kong Coliseum,16,806179,340
Hong Kong Cultural Centre (Concert Hall),65,806179,341
"Hostos Center for the Arts and Culture, Hostos Community College, CUNY",695,806179,342
Hotel Astor,141,806179,343
Hotel Bristol,605,806179,344
Hotel International,44,806179,345
Hotel Plaza,576,806179,346
House of Yes,200,806179,347
Housing Works Bookstore Care,270,806179,348
Houtrusthallen,5,806179,349
Hull Room,9,806179,350
Hult Center for the Performing Arts,7,806179,351
Hunter College,37,806179,352
Hyogo Performing Arts Center (Grand Hall),6,806179,353
Ibirapuera Park,40,806179,354
Iglesia de Santa Gema,136,806179,355
Iichiko Culture Center (Grand Theatre),6,806179,356
Il Lingotto Conference Center,32,806179,357
Indiana University Auditorium,39,806179,358
Infantry Hall,42,806179,359
Interlochen Arts Center,4,806179,360
International Fair Hall,8,806179,361
Irem Temple,50,806179,362
Irving Hall,377,806179,363
Jackie Gleason Theater,80,806179,364
Jackson Hall,5,806179,365
Jahrhunderthalle Hoechst,25,806179,366
Jakarta Convention Center,23,806179,367
Jamaica Performing Arts Center,45,806179,368
Jardin des Tuileries,5,806179,369
Jefferson County Armory,5,806179,370
Jefferson Theater,12,806179,371
"Johann Strauss Concert Hall, Palais Coburg",45,806179,372
John F. Kennedy Center for the Performing Arts,237,806179,373
John M. Greene Hall,260,806179,374
Johnson Residence (Home of Ann and Charles Johnson),218,806179,375
Jolson's 59th St. Theatre,121,806179,376
Jones Hall for the Performing Arts,24,806179,377
Jorgensen Auditorium,4,806179,378
Josie Robertson Plaza (Lincoln Center),18,806179,379
Jubilee Auditorium,29,806179,380
Juilliard - Juilliard Theater,1174,806179,381
Julia Richman High School,22,806179,382
Junior (North) High School,41,806179,383
Junior High School (R.K. Toaz),12,806179,384
Juniper Valley Park,7,806179,385
Kölner Philharmonie,160,806179,386
Kan'i Hoken Hall,18,806179,387
Kanagawa Kenmin Hall,9,806179,388
Kaohsiung Cultural Center (Chih-Teh Hall),6,806179,389
Keith-Albee Theatre,6,806179,390
Kelly Walsh Auditorium,80,806179,391
Kenmin Kaikan,10,806179,392
Keylor Grand,7,806179,393
Kiel Opera House,11,806179,394
Kleinhans Music Hall,18,806179,395
Kodaira Memorial Hall,9,806179,396
Koncertuset,13,806179,397
Kongresszentrum,5,806179,398
Koninklijke Opera,9,806179,399
Konserthuset,47,806179,400
Konzerthaus,16,806179,401
Konzerthaus Berlin,6,806179,402
"Kravis Center for the Performing Arts (Alexander W. Dreyfoos, Jr. Concert Hall)",13,806179,403
Krueger Auditorium,7,806179,404
Kultur und Kongresszentrum Liederhalle Stuttgart ( Beethovensaal),30,806179,405
Kultur- und Kongresszentrum am Rosengarten,9,806179,406
Kultur- und Kongresszentrum Luzern,234,806179,407
Kulturpalast,6,806179,408
Kurhaus,24,806179,409
Kurhaus-Saal,5,806179,410
Kurtz Residence (Home of Honey M. Kurtz),80,806179,411
Kyoto Concert Hall,5,806179,412
Kyoto Kaikan,12,806179,413
L.D.S. Tabernacle,6,806179,414
L.I. Festival Tent,11,806179,415
L'Addresse Symphonique,11,806179,416
Laeiszhalle,13,806179,417
Laemmlein and Leah Buttenwiester Hall,16,806179,418
Lawrence Memorial Chapel,12,806179,419
Lehman Center for the Performing Arts,19,806179,420
Leighton Concert Hall,5,806179,421
Lewisohn Stadium,153053,806179,422
Lexington Theatre,12,806179,423
Liberty High School,5,806179,424
Library of the Performing Arts,211,806179,425
Liederkranz Hall,192,806179,426
Lincoln Auditorium,5,806179,427
Lincoln Square,294,806179,428
Lincoln Square Theatre,6,806179,429
Lincoln Theater,80,806179,430
Links Club,4,806179,431
Loeb Student Center,782,806179,432
Loew's State Theater,6,806179,433
Lucerna-Saal,7,806179,434
Lumberg Theatre,12,806179,435
Luna Park,48,806179,436
Lyceum Theatre,110,806179,437
Lyric Academy Hall,14,806179,438
Lyric Theatre,935,806179,439
Lyric Theater,6,806179,439
M.J. Wallach Home,3,806179,440
Maazel Home,105,806179,441
Macau Cultural Center,6,806179,442
Madison Square Garden,3434,806179,443
Majestic Theatre,58,806179,444
Majestic Theater,40,806179,444
Poli Theater,12,806179,919
Poli's Theatre,6,806179,919
Mann Auditorium,35,806179,445
Maracanazinho,8,806179,446
Marine Park,55,806179,447
Market Auditorium,5,806179,448
Marvin Theater,8,806179,449
Masonic Auditorium,52,806179,450
Masonic Temple,7,806179,451
Massey Hall,375,806179,452
McAlister Auditorium,5,806179,453
McArthur Court Auditorium,5,806179,454
McCallum Theatre,3,806179,455
McCarter Theatre,68,806179,456
McGuire Air Force Base,11,806179,457
Mead Memorial Chapel,6,806179,458
Meadowbrook Music Festival,81,806179,459
Mecca Auditorium,1693,806179,460
Mechanics Hall,64,806179,461
Memorial Auditorium,301,806179,462
Memorial Coliseum,5,806179,463
Memorial Hall,155,806179,464
Merkin Concert Hall,30970,806179,465
Mershon Auditorium,11,806179,466
Metropolitan Club,8,806179,467
Metropolitan Hall,45,806179,468
Metropolitan Museum of Art,3748,806179,469
Metropolitan Opera House (39th street),3429,806179,470
Metropolitan Opera House (at Lincoln Center),624,806179,471
Metropolitan Theatre,18,806179,472
Miami Beach Auditorium,14,806179,473
Miami Beach Theater,4,806179,474
Michele and Marty Cohen Residence,1,806179,475
Mid-Hudson Civic Center,4,806179,476
Middlesex Theater,29,806179,477
Midland Center for the Arts,18,806179,478
Miller Auditorium,5,806179,479
Miller Field,59,806179,480
"Miller Theatre, Columbia University",319,806179,481
"Milton Court at Guild Hall, Barbican Centre",185,806179,482
Milwaukee Auditorium,25,806179,483
Milwaukee War Memorial PAC,6,806179,484
Minato Mirai Hall,14,806179,485
Mitchel Field,4,806179,486
Monroe High School,214,806179,487
Montclair Theatre,12,806179,488
Monterey County Fairgrounds,4,806179,489
Montgomery Stadium,9,806179,490
Morgan Library,455,806179,491
Mosque Theatre,179,806179,492
Mr. and Mrs. Mike Kahn Residence,18,806179,493
Mt. Holyoke College,7,806179,494
Municipal Auditorium,197,806179,495
Municipal Theatre,12,806179,496
Municipale de Vina del Mar,6,806179,497
Muny Opera,85,806179,498
Mupa  (Bela Bartók National Concert Hall),4,806179,499
Murat Theatre,31,806179,500
Museo de Arte Contemporaneo de Monterrey (MARCO),583,806179,501
Museo Metropolitano,660,806179,502
Museo Nacional de Arte Decorativo,4,806179,503
Museo Rufino Tamayo,27,806179,504
Museum of Art,28,806179,505
"Museum of Modern Art, The",160,806179,506
Music Hall,70,806179,507
Musik- und Kongresshalle Luebeck,25,806179,508
Musikhalle,88,806179,509
Musiksaal des Kasinos,14,806179,510
Musikverein,15,806179,511
Myungsung Presbyterian Church,235,806179,512
Nassau Coliseum,14,806179,513
National Arts Centre,4,806179,514
National Centre for the Performing Arts (Concert Hall),13,806179,515
National Concert Hall,225,806179,516
National Maritime Union,5,806179,517
National Museum,30,806179,518
National Opera & Ballet Theatre,7,806179,519
National Sawdust,2199,806179,520
National Stadium,42,806179,521
National Theatre,731,806179,522
Naturemax Theater,36,806179,523
Neil Westreich and Michael O'Keefe Residence,27,806179,524
Netaji Indoor Stadium,48,806179,525
Neue Galerie,10,806179,526
New Armory,15,806179,527
New Haven Arena,25,806179,528
New Masonic Hall,55,806179,529
New Opera House,1,806179,530
New Theatre,463,806179,531
New York Institute of Technology Broadway Auditorium,40,806179,532
New York Society for Ethical Culture,2698,806179,533
New York State Amphitheatre,5,806179,534
New York State Armory,32,806179,535
New York State Theatre,35,806179,536
New York Theatre Roof,33,806179,537
Newport Casino,43,806179,538
NHK Hall,37,806179,539
Niblo's Concert Room,221,806179,540
Niblo's Concert Saloon,215,806179,541
Niblo's Garden,714,806179,542
Nieuwe Kerk,16,806179,543
Nippon Budokan Hall,14,806179,544
Nixon's Academy of Music,6,806179,545
None,2325,806179,546
Normal Auditorium,14,806179,547
North Meadow,108,806179,548
Northrop Memorial Auditorium,7,806179,549
Norton Center for the Arts (Newlin Hall),6,806179,550
NY Botanical Garden,126,806179,551
NY City Center,36,806179,552
O'Keefe Centre,33,806179,553
Odeon,20,806179,554
Official Residence of the United States Ambassador,42,806179,555
Ohio Wesleyan University,5,806179,556
Olympic Theatre,8,806179,557
One Liberty Plaza,36,806179,558
One World Financial Center,10,806179,559
Open Air Theatre,6,806179,560
Opera House,43,806179,561
Opernplatz,3520,806179,562
Orchard Beach,3132,806179,563
Orchestra Hall,10,806179,564
Orpheum Theatre,8,806179,565
Orpheus Hall,19,806179,566
Orrie De Nooyer Auditorium,6,806179,567
Osaka Gymnasium,7,806179,568
Osaka-jo Hall,16,806179,569
Ovens Auditorium,14,806179,570
P.I. Centennial Building,5,806179,571
Padang,40,806179,572
Page Auditorium,6,806179,573
Palácio de Queluz,90,806179,574
Palace of Arts  (Bela Bartók National Concert Hall),28,806179,575
Palace of Arts (Bela Bartók National Concert Hall),10,806179,575
Palace Theatre,19,806179,576
Palacio Anhembi,25,806179,577
Palacio de Bellas Artes,55,806179,578
Palacio de Congresos,8,806179,579
Palacio des Artes,20,806179,580
Palais de Chaillot,8,806179,581
Palais des Beaux-Arts,120,806179,582
Palais des Congrès,11,806179,583
Palao de la Musica,4,806179,584
Palau de la Musica Catalana,19,806179,585
Palazzo Corsini,20,806179,586
Palazzo Mauro de André,10,806179,587
Palladium Nightclub,16,806179,588
Paramount Theatre,16,806179,589
Park Avenue Armory,184,806179,590
Park Avenue Christian Church,28,806179,591
Park Opera House,86,806179,592
Park Theater,7,806179,593
Park Theatre,32,806179,594
Parsons Theatre,10,806179,595
Peabody Auditorium,5,806179,596
Penn College Auditorium,77,806179,597
People's Church,2,806179,598
Performing Arts Center,21,806179,599
Performing Arts Center (Tulsa),7,806179,600
Petronas Concert Hall,20,806179,601
Philharmonic Auditorium,12,806179,602
Philharmonic Center for the Arts (Hayes Hall),6,806179,603
Philharmonic Hall,52060,806179,604
Philharmonic Hall Karl Szymanowski,8,806179,605
Philharmonie,304,806179,606
Philharmonie (Alfried-Krupp Hall),44,806179,607
"Philharmonie de Paris, La",21,806179,608
Philharmonie Luxembourg (Joséphine-Charlotte),73,806179,609
Pickwick Theatre,5,806179,610
Pine Knob Music Theater,3,806179,611
Pine Knob Theater,5,806179,612
Place des Arts,21,806179,613
Plainfield High School,11,806179,614
Plaza Hotel,553,806179,615
PNC Bank Performing Arts Center,8492,806179,616
Poliedro,20,806179,617
Politeama,7,806179,618
Poly Preparatory Country Day school,5,806179,619
Poly Theatre,14,806179,620
Pondicheri,150,806179,621
Poplar Creek Music Theater,2,806179,622
Powers Theater,7,806179,623
Prefectural Arts Center,6,806179,624
Proctor High School Auditorium,5,806179,625
Prospect Heights High School,24,806179,626
Prospect Park,437,806179,627
Prudden Auditorium,5,806179,628
Prudential Hall,86,806179,629
Public Auditorium,5,806179,630
Public Hall,39,806179,631
Public Special,50,806179,632
Purdue Hall of Music,6,806179,633
Queen Elisabeth Hall,5,806179,634
Queen Elizabeth Theatre,6,806179,635
Queen's Hall,41,806179,636
R.P.I. Field House,18,806179,637
Racquet and Tennis Club,493,806179,638
Rajah Theatre,28,806179,639
Ravinia Park Pavilion,67,806179,640
Red Rocks Theater,8,806179,641
Regent Wall Street Hotel,7,806179,642
Residence of Deputy Chief of Mission,16,806179,643
Rheinhalle,5,806179,644
Rhode Island Auditorium,5,806179,645
Richardson Theater,5,806179,646
Richmond County Bank Ballpark,15,806179,647
Richmond Hill High School,7,806179,648
Right Track Recording,27,806179,649
Rio Theatre,6,806179,650
Riverside Church,71244,806179,651
Robinson Gymnasium,1,806179,652
Roman Theater,5,806179,653
Romig Hill Auditorium,6,806179,654
Rose Theater,585,806179,655
Rosen Home,8,806179,656
Roslyn High School,11,806179,657
Rothschild Park Pavilion,7,806179,658
Roxy Theatre,664,806179,659
Roy Thomson Hall,9,806179,660
Royal Albert Hall,121,806179,661
Royce Hall,13,806179,662
Rubenstein Home,52,806179,663
Russ Auditorium,7,806179,664
Rutgers University,4,806179,665
Ryman Auditorium,156,806179,666
Sachsische Staatstheater Opernhaus,7,806179,667
Saginaw Auditorium,5,806179,668
Sala Kongresowa,9,806179,669
Sala Nezahualcóyotl,66,806179,670
Sala Ollin Yoliztli,15,806179,671
Sala São Paulo,43,806179,672
Sala Sava,16,806179,673
Salle du conservatoire,2,806179,674
Salle du Palais des fetes,4,806179,675
Salle du Pavillon,7,806179,676
Salle Pleyel,77,806179,677
Salle Rameau,2,806179,678
Salon Alfons el Magnanim,18,806179,679
Salt Lake Tabernacle,36,806179,680
Salve Regina College,33,806179,681
Samuels Opera House,213,806179,682
Sankei Hall,7,806179,683
Santa Barbara Bowl,19,806179,684
Schauspielhaus,7,806179,685
Schimmel Center for the Arts,16,806179,686
Seaside Park,15,806179,687
Segerstrom Concert Hall (Renée and Henry),27,806179,688
Sejong Center for the Performing Arts,102,806179,689
Semperopera,20,806179,690
Senders Freies Berlin,11,806179,691
Senior (North) High School,48,806179,692
Seoul Arts Center (Concert Hall),114,806179,693
Sesquicentennial Auditorium,7,806179,694
Sha Tin Town Hall,5,806179,695
Shanghai Grand Theatre Performing Arts Centre (Lyric),497,806179,696
Shanghai Poly Grand Theatre,46,806179,697
Shanghai Symphony Hall,166,806179,698
Shanghai Symphony Hall--Chamber Hall,10,806179,699
Shanmukhananda Hall,47,806179,700
Shaw Foundation Symphony Stage,320,806179,701
Sheep Meadow,254,806179,702
Sheridan High School,80,806179,703
Shilla Hotel,33,806179,704
Shimin Kaikan,17,806179,705
Shimin Kaikan (Nagoya),31,806179,706
Shirotori Century Plaza,5,806179,707
Shrine Auditorium,11,806179,708
Shubert Theater,16,806179,709
Shubert-Majestic Theatre,45,806179,710
Sidney Lanier Auditorium,9,806179,711
Silvermine Festival,51,806179,712
Singapore Indoor Stadium,6,806179,713
Siri Fort Cultural Center,9,806179,714
Slot Zeist,136,806179,715
Small Fair Hall,8,806179,716
Smetana Hall,11,806179,717
Smith Fieldhouse (George Albert),6,806179,718
Smith Opera House,8,806179,719
Snug Harbor,6173,806179,720
Soldiers Memorial Hall,49,806179,721
Sonic City,6,806179,722
South Street Seaport,80,806179,723
Spa Theatre,267,806179,724
Spor ve Sergi Saravi Hall,36,806179,725
Sports Arena,4,806179,726
Spreckels Theatre,6,806179,727
Springer Concert Hall (College of Staten Island),1278,806179,728
St. Baafs Kathedraal,3,806179,729
St. Paul the Apostle,1,806179,730
St. Regis Hotel,406,806179,731
St. Thomas More Church,4,806179,732
Staatsoper,12,806179,733
Stadsteater,10,806179,734
Stadthalle,53,806179,735
Staedtischer Saalbau,7,806179,736
Stanley Theater,20,806179,737
State Armory,78,806179,738
State Gymnasium,7,806179,739
State Opera House (Hungarian),24,806179,740
State Street Casino,6,806179,741
Staten Island Community College,5,806179,742
Steinway Hall,1678,806179,743
Stock Pavilion,13,806179,744
Strand Theatre,38,806179,745
Students' Auditorium,41,806179,746
Studio 8H,119,806179,747
Stuyvesant High School,10,806179,748
SubCulture,390,806179,749
Sumida Triphony Hall,1,806179,750
Suntory Hall,220,806179,751
Superstar Theatre,4,806179,752
Symphony Center (Morton H. Meyerson),6,806179,753
Symphony Center (Orchestra Hall),96,806179,754
Symphony Hall,282,806179,755
Symphony Society Auditorium,6,806179,756
Symphony Space,66,806179,757
Syria Mosque,171,806179,758
Takahashi Residence (Home of Motomu and Megumi Takahashi),12,806179,759
Tanglewood,100,806179,760
Tata Theatre,3,806179,761
Tchaikovsky Conservatory Hall,138,806179,762
Teatr Wielki - Opera Narodowa,10,806179,763
Teatro 9 de Octubre,7,806179,764
Teatro alla Scala,98,806179,765
Teatro Argentina,10,806179,766
Teatro Astor,12,806179,767
Teatro Bolivar,15,806179,768
Teatro Carlo Felice,2,806179,769
Teatro Colón,254,806179,770
Teatro Colombia,7,806179,771
Teatro Comunale,17,806179,772
Teatro Cultura Artistica,16,806179,773
Teatro de la Universidad de Puerto Rico,6,806179,774
Teatro di San Carlo,7,806179,775
Teatro Gran Rex,6,806179,776
Teatro Guimerá,20,806179,777
Teatro Imperio,8,806179,778
Teatro Juárez,51,806179,779
Teatro Junín,8,806179,780
Teatro La Fenice,12,806179,781
Teatro Lirico di Cagliari,549,806179,782
Teatro Morlacchi,6,806179,783
Teatro Municipal,261,806179,784
Teatro Nacional,41,806179,785
Teatro Perez Galdos,4,806179,786
Teatro Real,188,806179,787
Teatro Regio,46,806179,788
Teatro Rivera Indarte,6,806179,789
Teatro Solis,11,806179,790
Teatro Teresa Carreno,21,806179,791
Teatro Verdi,5,806179,792
Teck Theater,2,806179,793
Temple of Dendur at the Metropolitan Museum of Art,4,806179,794
Temple of Music,8,806179,795
Terminal Auditorium,7,806179,796
Théâtre National de l'Opéra,32,806179,797
Théâtre St-Denis,7,806179,798
Thailand Cultural Center,16,806179,799
Thammasat University,18,806179,800
The Academy,7,806179,801
The Armory,54,806179,802
The Auditorium,40,806179,803
The Boathouse,6,806179,804
The Cathedral Church of Saint John the Divine,142,806179,805
The Century Theatre,7,806179,806
The Coliseum,437,806179,807
The Empire Hotel,1,806179,808
The Equitable Building,224,806179,809
The Forum,23,806179,810
The Great Hall of the People,6,806179,811
The Green Space at WQXR,253,806179,812
The Greene Space,4,806179,813
The Mansion at Natirar,196,806179,814
The Mosque,31,806179,815
The New School,48,806179,816
The New York Yacht Club,3,806179,817
The Public Theater,266,806179,818
The Sport Center,3,806179,819
The Stanley H. Kaplan Penthouse,8721,806179,820
The State Theatre,4,806179,821
Theâtre des Champs-Élysées,46,806179,822
Theatre de L'Opera,4,806179,823
Theatre royale d'Anvers,2,806179,824
Theatre royale de la monnaie,5,806179,825
"Theresa L. Kaufmann Concert Hall, 92nd St. YMHA",1631,806179,826
Three West Club,1,806179,827
Tilles Center for the Performing Arts (Main),681,806179,828
Titania Palast,12,806179,829
Tivoli Gardens Concert Hall,32,806179,830
Tokyo Gymnasium,7,806179,831
Tokyo Opera City Concert Hall,59,806179,832
Toler Auditorium,1,806179,833
Tomlinson Hall,2,806179,834
Tonhalle,113,806179,835
Town Hall,4039,806179,836
Township Auditorium,13,806179,837
Transparent Factory,32,806179,838
Trocadéro,3,806179,839
U.S. Ambassador's Residence,16,806179,840
U.S. Consulate Shanghai,3,806179,841
U.S.S. Prairie State,4,806179,842
Union Club,1,806179,843
Union Theater,13,806179,844
United Nations General Assembly Hall,215,806179,845
United States Embassy,12,806179,846
Universidad Catolica,27,806179,847
University Armory,6,806179,848
University Armory Hall,2,806179,849
University Auditorium,29,806179,850
University Club,1,806179,851
University Fieldhouse,4,806179,852
University of Arizona,8,806179,853
University of North Carolina (Memorial Hall),12,806179,854
Unknown Venue,1275,806179,855
unnamed park,7,806179,856
Upper Story,20,806179,857
US Ambassador Residence,42,806179,858
US Ambasador Residence,12,806179,858
US Consul General Residence,10,806179,859
Usher Hall,174,806179,860
Vadászterem [Hunters Hall] in the Hungarian Parliament,9,806179,861
Van Cortlandt Park,456,806179,862
Van Curler Opera House,6,806179,863
Van Wezel Performing Arts Hall,17,806179,864
Varosy Theater,6,806179,865
venue to be announced,8,806179,866
Verizon Hall at Kimmel Center,52,806179,867
Veterans' Memorial Auditorium,8,806179,868
Victoria Concert Hall,296,806179,869
Victoria Hall,64,806179,870
Villa Louvigny,231,806179,871
Villa Taverna,12,806179,872
Villanova University,4,806179,873
Volkshaus,20,806179,874
Volkswagen Halle,31,806179,875
Wölffer Estate Vineyard,18,806179,876
Waikiki Shell,18,806179,877
Wait Chapel Auditorium,4,806179,878
Waldorf-Astoria Hotel,1132,806179,879
Walk Festival Hall,106,806179,880
Wallraf-Richartz Museum,5,806179,881
Walt Disney Concert Hall,5,806179,882
Walter Reade Theater (Furman Gallery),55,806179,883
War Department Theatre,7,806179,884
War Memorial Auditorium,12,806179,885
War Memorial Performing Arts Center,19,806179,886
Warner Theater,2,806179,887
Warners Fresno Theatre,5,806179,888
Washington Avenue Armory,5,806179,889
Washington Pavilion of Arts and Sciences,10,806179,890
Webster Hall,5,806179,891
"Weill Music Room, Carnegie Hall",114,806179,892
Weill Recital Hall at Carnegie Hall,120,806179,893
Wells College,20,806179,894
Westchester Community College,293,806179,895
Westchester County Center,29,806179,896
Westchester Premier Theatre,5,806179,897
Westover School,11,806179,898
White House,12,806179,899
White House - Rose Garden,6,806179,900
Whithorne Residence,10,806179,901
Whitney Museum of American Art,30,806179,902
Wiener Konzerthaus (Grosser Saal),126,806179,903
Wieting Opera House,113,806179,904
William Neal Reynolds Coliseum,15,806179,905
William Penn High School,5,806179,906
Willow Grove Park,1277,806179,907
Winfield House,3,806179,908
Winnipeg Auditorium,16,806179,909
Winter Garden,7,806179,910
Winter Garden Atrium (at the WFC),20,806179,911
Woodland Auditorium,14,806179,912
Woolsey Hall,214,806179,913
Wychwood House,24,806179,914
Y.M.C.A. Stadium,7,806179,915
Yale Bowl,6,806179,916
YMCA Auditorium,14,806179,917
York Opera House,30,806179,918
