Category_Set,Category_Occurrences,Total_Examples,Entity_Number
20's & 30's Social,230,31212,1
20's Social,30,31212,2
3-D Paper Crafts,1,31212,3
80's Dancing,3,31212,4
90's Music,2,31212,5
A Spiritual Path to Higher Creativity,5,31212,6
Acting and Writing,10,31212,7
Active Parents,14,31212,8
"Acustical Music, Music Jam Sessions, Vinyl Records",7,31212,9
Adaptive Technology,2,31212,10
Adoptive Parents,1,31212,11
Adult Education,1,31212,12
Adult Entertainment Industry,5,31212,13
Adult Paper Craft Classes,2,31212,14
Adventure sports,1,31212,15
Aerial Performance Art,1,31212,16
African American Literature,1,31212,17
African Art,1,31212,18
African Dance,12,31212,19
African-American Art,2,31212,20
African-American Women in Technology,2,31212,21
Afro-Cuban Music,1,31212,22
Aging Parents,1,31212,23
Altered Art,2,31212,24
Alternative Health and Wellness,5,31212,25
Alternative Music,1,31212,26
Alternative Photography,1,31212,27
Alternative Sports,1,31212,28
Amateur Photography,6,31212,29
American Sign Language,9,31212,30
American Sign Language Classes,3,31212,30
ASL Sign Languages,1,31212,30
Animal Lovers and Pets,1,31212,32
Any Activities both Indoor and Outdoor,5,31212,33
Apple/Macintosh technology,3,31212,34
Applied Spirituality,1,31212,35
Appreciate and Enjoy Music Concerts,2,31212,36
Appropriate Technology,1,31212,37
"Argentine Tango literature, Music, Lyrics",2,31212,38
Argentine Tango Movies and Video,1,31212,39
Art,329,31212,40
Art Classes,5,31212,40
Arts Education,2,31212,40
Art and art marketing,4,31212,41
Art and Culture,7,31212,42
Art and Fashion,1,31212,43
Art and Performing Arts,4,31212,44
Art Creating Art and Perfecting Our Art,6,31212,46
"Art Deco, Art Noveau",1,31212,47
Art Exhibit,14,31212,48
Art for Arts sake,1,31212,49
Art Galleries,74,31212,50
Art History,6,31212,51
Art Journaling,3,31212,52
Art Museums,53,31212,53
Art Photography,2,31212,54
Art Quilting,1,31212,55
Art Therapy,3,31212,56
Art Walks and Tours,22,31212,57
Arts & Crafts - Show & Sale Fairs,2,31212,58
Arts & Crafts for Adults,1,31212,59
Arts & Crafts for Kids,2,31212,60
Arts & Entertainment,63,31212,61
Arts & Entertainment - Day & Night Group Trips,2,31212,62
Arts and Craft,3,31212,63
Arts and Literature,1,31212,64
Arts and Social Arts,6,31212,65
Asian Fashion,1,31212,67
Asian Movies,1,31212,68
Attachment Parenting,13,31212,70
Audio Visual Technology,2,31212,71
Australian Culture,6,31212,72
B-Movies,10,31212,73
B2B Networking,53,31212,74
Baby Sign Language,1,31212,75
Balance Sports,1,31212,76
Ballroom Dancing,47,31212,77
Baroque Music,1,31212,78
Baseball at a sports bar,9,31212,79
Bay Area Business Network,2,31212,80
Beach Sports,2,31212,81
Beauty Industry,60,31212,82
Belly Dance,8,31212,83
Belly Dance Lessons,2,31212,83
Belly dance performance,1,31212,83
Bellydance Dance Belly Dancing,1,31212,83
Biology Technological Developments Aging Life,2,31212,87
Biotechnology Industry Organization,5,31212,88
Black and White Photography,3,31212,89
Black Business Network,3,31212,90
Black Culture,15,31212,91
Blues Dancing,3,31212,92
Board Games,132,31212,93
Body Language,1,31212,94
Bollywood Movies,6,31212,95
Book Arts,1,31212,96
"Book Club, Movies",7,31212,97
Book writing,31,31212,98
Books and Literature,1,31212,99
Boomer Wellness and Well-Being,1,31212,100
Brazilian Music,11,31212,101
British Movies,1,31212,102
"Brunch, Lunch, Coffee, Tea, Dinner & Movies",8,31212,103
Business and Spirituality,2,31212,104
Business Education,8,31212,105
Business Networking for Women,7,31212,106
Business Networking International (BNI),8,31212,107
Business Referral Networking,427,31212,108
Business Technology,1,31212,109
Business to Business Network Marketing,9,31212,110
Canasta Card Game,3,31212,111
"Candy & Ice Cream Lovers, Games & Parents",1,31212,112
Card Games,98,31212,113
Care and Healthcare Professionals Networking,3,31212,114
Career & Professional Networking,17,31212,115
Caribbean Art,1,31212,116
Cash Flow Game,5,31212,117
Casino Gaming,2,31212,118
Casual Games,3,31212,119
Casual Sports,5,31212,120
Catholic prayer and spirituality,1,31212,121
Celtic Culture,8,31212,122
Centers for Spiritual Living,2,31212,123
Ceramic Arts,4,31212,124
"Chair Dance, Lap Dance",2,31212,125
Chamber Music,24,31212,126
Chicago Parents,1,31212,127
Chief Technology Officer,5,31212,128
Childbirth Education,3,31212,129
Childrens Art Education,1,31212,130
Chinese language,77,31212,131
Chinese Tea Culture,4,31212,132
christian business networking,1,31212,133
Christians in the Fashion Industry,1,31212,134
Classic literature,2,31212,135
Clothing and Fashion Designers,51,31212,136
Clothing Optional Recreation,16,31212,137
Coffee and Tea Socials,47,31212,138
Collaborative Photo Shoots,1,31212,139
College Sports,1,31212,140
Commercial Photography Workshop,1,31212,141
"Communication, Social Skills",7,31212,142
Comparative Literature,1,31212,143
Computer Gaming,18,31212,144
Concept Art,1,31212,145
Console Gaming,22,31212,146
Contemporary Art,25,31212,147
Continuing Education,4,31212,148
Corporate Social Responsibility,13,31212,149
Country Dancing,6,31212,150
Country Music,3,31212,151
Country Western Dancing,2,31212,152
Country Western Music,2,31212,153
"Cover Letters, Resume Writing, Practice Interviews",1,31212,154
Craft Bartenders,3,31212,155
Craft Beer,38,31212,156
Crafts,92,31212,157
Craft Classes,1,31212,157
creative spiritual practice,1,31212,159
Creative Writing,156,31212,160
Creativity Acting Writing Directing,3,31212,160
Creativity Art,2,31212,162
Credit Score Education and Awareness,3,31212,163
Cribbage Card Game,1,31212,164
Crochet Knit and other Portable Hand Crafts,1,31212,165
Cult Movies,5,31212,166
Cultural Activities,67,31212,167
Cultural Outings,1,31212,167
Cultural Diversity,23,31212,168
Culture,122,31212,170
Culture Exchange,245,31212,171
Cyborg Culture and Technology,3,31212,172
Dallas Cowboys Meetup Group for Games,1,31212,173
"Dance - Ballroom, Latin & Salsa",3,31212,174
Dancing,477,31212,175
Dance Dance Dance,4,31212,175
Dance Class Lets Dance,3,31212,175
Dance Dance Dance and Burn Up The Floor!,6,31212,177
Dance Fitness,35,31212,178
Dance Lessons,169,31212,179
dance music,5,31212,180
Dance Parties,20,31212,181
Dance: African Dance and Drumming,3,31212,182
Dancing & Nightlife,5,31212,184
Daytime Women's Social,2,31212,185
Deaf Culture Sign Languages,5,31212,186
Deaf Education,1,31212,187
deep house music,5,31212,188
Dental Technology,1,31212,189
Desi Culture,9,31212,190
Desi Music/Karaoke,1,31212,191
Designer Fashion Clothing Show,5,31212,192
Dice Games,1,31212,193
Digital Art,19,31212,194
Digital Photography,161,31212,195
Dinner and a Movie,52,31212,196
Disney Movies,2,31212,197
Divorced Parents,16,31212,198
Documentary Photography,1,31212,199
dog sports,1,31212,200
Dramatic Arts Theatre,12,31212,201
Drinking Games,3,31212,202
Dual Sport,2,31212,203
Early Childhood Education,6,31212,204
Earth-Based Spirituality,29,31212,205
East Asian History and Culture,5,31212,206
"Eating, Drinking, Talking, Laughing, Etc",280,31212,207
Ecstatic Dance,7,31212,208
Education,160,31212,209
Education & Technology,334,31212,210
Education of Wine,1,31212,211
Education Policy,1,31212,212
Education Reform,1,31212,213
Educational Tutor,4,31212,214
Electronic Dance Music,27,31212,215
Electronics Technology,1,31212,216
Emerging Fashion,1,31212,217
Emerging Fashion Designers,1,31212,217
Emerging Technologies,12,31212,219
Employee Wellness,2,31212,220
English as a Second Language,110,31212,221
English is a Simple Language,1,31212,222
English Language,106,31212,223
English Writing Skills,1,31212,224
Enhancing the Lives of our Pets and Other Pets,2,31212,225
Entertainment Industry,51,31212,226
"Environment, Green, Kids, Parents, Moms, Dads",1,31212,227
Environmental Education,12,31212,228
Environmental Wellness,1,31212,229
Erotic Literature,1,31212,230
erotic writing,1,31212,230
Esperanto an Easy to Learn International Language,2,31212,232
Esperanto the Fair Language for World Peace,1,31212,233
Essay Writing,2,31212,234
Euro Games,23,31212,235
European Culture,19,31212,236
European Languages & Culture,2,31212,236
EVENT AND GLAMOUR PHOTOGRAPHY,1,31212,238
Exotic Dancing,1,31212,239
Extreme Sports,11,31212,240
Fabric Crafts,8,31212,241
Family & Pets,4,31212,242
Fantasy literature,3,31212,243
Fantasy Sports,3,31212,244
Fashion & Accessory Design,1,31212,245
Fashion 2.0,9,31212,246
Fashion and Photography,2,31212,247
Fashion and Style,202,31212,248
Fashion Bloggers,16,31212,249
Fashion Boutique,4,31212,250
Fashion Clothes Exchange,6,31212,251
Fashion Clothing and Manufacture for Profit,26,31212,252
Fashion Design,85,31212,253
Fashion Designers,5,31212,253
Fashion Education,2,31212,255
Fashion Entrepreneurs,70,31212,256
Fashion Freelancers in NYC,1,31212,257
fashion illustration,3,31212,258
Fashion Industry,136,31212,259
Fashion Lovers,2,31212,260
Fashion Marketing,3,31212,261
fashion models,2,31212,262
Fashion Photography,88,31212,263
Fashion Retailer,27,31212,264
Fashion Shows,24,31212,265
Fashion Stylists,7,31212,266
Fashion Swap,5,31212,267
Fashion Trends,3,31212,268
Fashion/Glamour Photography,13,31212,269
Fiber Arts,5,31212,270
Fiction Writing,36,31212,271
Fighting Games,2,31212,272
Filipino Language and Culture,4,31212,273
Filipino Martial Arts,4,31212,274
Film Festivals; Outdoor Movies; Random Movies,3,31212,275
Film Photography,5,31212,276
Film/Video Education and Training,1,31212,277
Financial Education,105,31212,278
Financial Technology,108,31212,279
Financial Wellness,2,31212,280
Fine Art Photography,8,31212,281
Fine Arts,94,31212,282
Fitness and Wellness,1,31212,283
"Fitness, Sports & Recreation, Outdoors",2,31212,284
Flemish Language,3,31212,285
Flower Photography,1,31212,286
Focus on Holistic Health and Wellness,6,31212,287
Food and Drink,184,31212,288
Food and Music Festivals,4,31212,289
Food and Wine Lovers,1,31212,290
food industry,4,31212,291
Food Photography,11,31212,292
Food Writing,2,31212,293
Footwear Industry,1,31212,294
Foreign Movie Horror Movie Indie Movie other Movie,2,31212,295
Freestyle Dance,1,31212,296
French Culture,54,31212,297
French Language,97,31212,298
French Language Lovers; French Language;,20,31212,298
French Language Teachers,1,31212,300
Friday Night Socials,3,31212,301
Friends & Supporters of LGBT/GLBT,21,31212,302
Fun and Fashionable Women,1,31212,303
Games,168,31212,304
Gaming,125,31212,304
Gaming Tournaments,8,31212,304
Game,2,31212,304
Game Design,65,31212,305
Game Development,79,31212,306
Game Inventors,1,31212,307
Game Modding,5,31212,308
Game Night,163,31212,309
Game of Thrones,5,31212,310
Game Watching Parties,2,31212,311
"Games: Party Games, Social Games, Strategy Games",8,31212,313
Gay Networking Business Professionals,2,31212,316
Gay Outdoors,7,31212,317
Gay Parents,10,31212,318
Gay Social Networking,14,31212,319
Gay Sports,1,31212,320
Geek Crafts,1,31212,321
German Culture,15,31212,322
German Language,35,31212,323
Get away from Facebook & Social Media & BE Social!,1,31212,324
Gifted Education,2,31212,325
Glamour Photography,31,31212,326
GLBT Spirituality,2,31212,327
Going to the Movies,1,31212,328
Golf and Business Networking,1,31212,329
Google Technology User Group,19,31212,330
Goth Music,2,31212,331
Gourmet food fine wine intelligent conversation,3,31212,332
Grant Writing,1,31212,333
Graphic Arts,7,31212,334
"Grass Volleyball, Beach Volleyball, Social,",2,31212,335
Greek Culture,8,31212,336
Green Technology,16,31212,337
Groovy Programming Language,3,31212,338
Group Art,33,31212,339
Group Photo Shoots,65,31212,340
Grunge Music,1,31212,341
Handmade Cards & Crafts,1,31212,342
Handmade Crafts,48,31212,343
Harry Potter Movies,2,31212,344
Headshot Photography,1,31212,345
Healing Arts,4,31212,346
Healing through Art and Creative Art Workshops,1,31212,347
Health and Technology,3,31212,348
Health and Wellness • Wellness • Holistic Health,22,31212,349
Health Education,21,31212,350
Health Information Technology,45,31212,351
"Health, Wellness and Image",4,31212,352
Heath & wellness,1,31212,353
Hellenic Language and Culture,6,31212,354
"Higher Consciousness Living, Spirituality",7,31212,355
Higher Education,19,31212,356
"Hiking, Biking, Outdoors, Socials for Over 40's",3,31212,357
HipHop and R&B Music,5,31212,358
Historic European Martial Arts,1,31212,359
Holistic Parents,1,31212,360
Holistic Pet Care,1,31212,361
"Holistic Wellness: Reiki, Essential Oils",4,31212,362
Home Decor Interior Fashion,7,31212,363
Horse Education,3,31212,364
Hospitality Industry,12,31212,365
Hotel Industry,7,31212,366
How To Dance and Dance For Fun,4,31212,367
Hustle Dancing,3,31212,368
Improv games,3,31212,369
Indie Music,9,31212,370
Indigenous African Spiritual Technologies,1,31212,371
Indigenous Spirituality,1,31212,372
Industrial,1,31212,373
Industrial Design,23,31212,374
Industrial Hemp,4,31212,375
Industrial Networking,5,31212,376
Information Technology,73,31212,377
Information Technology in Business,47,31212,378
Integral Spirituality,7,31212,379
International Business Networking,3,31212,380
Investment Education,11,31212,381
iOS Game Development,7,31212,382
iPhone Photography,4,31212,383
Irish Culture,9,31212,384
Irish Gaelic language,1,31212,385
Irish Music,3,31212,386
Irish Sport,1,31212,387
IT Networking Professional Associations,3,31212,388
Italian Culture,32,31212,389
Italian Language,44,31212,390
Italian Literature,2,31212,391
Italian Music,1,31212,392
Ivy League Business Networking,6,31212,393
Jammers - they write and perform their music,1,31212,394
Japanese Culture,80,31212,395
Japanese Fashion,3,31212,396
Japanese Language,64,31212,397
Japanese Language Proficiency Test,1,31212,398
Japanese Martial Arts,16,31212,399
Japanese Street Fashion,1,31212,400
Jazz Music,6,31212,401
Jewelry and accessory crafting fun,3,31212,402
Jewish Business Networking,4,31212,403
Jewish Parenting,5,31212,404
Jewish Social,48,31212,405
Journal Writing,4,31212,406
Kids Crafts,1,31212,407
Korean Language,45,31212,408
Korean Language & Culture,4,31212,409
Korean Martial Arts,1,31212,410
Korean Movies,6,31212,411
Landscape Photography,54,31212,412
Language & Cultural Exchange,1,31212,413
Language & Culture,413,31212,414
Language Exchange,123,31212,415
Language Learning,9,31212,416
Language Teachers,1,31212,417
Language Translations,11,31212,418
Languages,10,31212,419
Latin American Literature,2,31212,420
Latin Dance,84,31212,421
Latin Music,58,31212,422
Latin music bachata and salsa music,2,31212,423
Latino Culture,64,31212,424
Latino/a Business Networking,11,31212,425
Learn a Foreign Language,3,31212,426
Learn how to take better photos,1,31212,427
Learn to Dance,3,31212,428
Learn to Eat Well and Live Well,1,31212,429
Learning How to Take Better Photos,2,31212,430
Lebanese Culture/Arabic Language,3,31212,431
Lesbian Literature,6,31212,432
LGBT,297,31212,433
LGBT Book Club,5,31212,434
LGBT Business Networking,1,31212,435
LGBT camera club,1,31212,436
LGBT Christians,4,31212,437
LGBT Church,1,31212,438
LGBT Families,9,31212,439
LGBT Families Bay Area,1,31212,440
LGBT Families San Francisco,1,31212,441
LGBT Film,1,31212,442
LGBT Friendly,76,31212,443
LGBT GLBT Families,3,31212,444
LGBT Health & Wellness,2,31212,445
LGBT High-Tech Workers,1,31212,446
LGBT Mothers and Fathers,1,31212,447
LGBT Networking,1,31212,448
LGBT NY,1,31212,449
LGBT Parenting,1,31212,450
LGBT Parents,9,31212,451
LGBT photographers,1,31212,452
Lgbt Professionals,1,31212,453
LGBT Rights,4,31212,454
lgbt singles,2,31212,455
LGBT Social Activism,3,31212,456
LGBT Social Group,197,31212,457
LGBT Spirituality,2,31212,458
LGBT Sports,4,31212,459
LGBT Support,4,31212,460
LGBT travel,2,31212,461
Life Science Professionals Networking,2,31212,462
Line Dancing,3,31212,463
Literary Writing,1,31212,464
Literature,133,31212,465
Literature and Writing,3,31212,466
Literature Discussions,2,31212,467
"Literature, Poetry, Arts, Music",1,31212,468
Live Music & Art Shows,2,31212,469
Live Music & Dancing,3,31212,470
Live Music and Music Education,8,31212,471
"Live Music, Dancing & Networking",1,31212,472
"Live Music, Outdoors, Concerts, Festivals, Culture",5,31212,473
Living Well with Type 1 Diabetes,3,31212,474
Local French Language Resources,1,31212,475
Location Based Technologies,3,31212,476
Location Photography,17,31212,477
Lolita Fashion,1,31212,478
Makeup and Fashion,9,31212,479
Malaysian Culture,1,31212,480
Male Spirituality,1,31212,481
Mambo Dancing,1,31212,482
Mandarin Language,38,31212,483
Manufacturers and Suppliers for fashion industry,1,31212,484
Married Women 35+ Social Club,3,31212,485
Martial Arts,74,31212,486
Massage Education,5,31212,487
"Media, Entertainment, Fashion and Technology",4,31212,488
Medical Device Technology,36,31212,489
Medical Education,1,31212,490
Medieval Martial Arts,1,31212,491
Meditation Dance,2,31212,492
Memoir Writing Workshop,1,31212,493
Men's Fashion,4,31212,494
Men's Social Networking,9,31212,495
Metal Arts,1,31212,496
Michigan Sports,1,31212,497
Microsoft SharePoint Technology,12,31212,498
Microsoft Technologies,3,31212,499
Middle Eastern Dance and Music,2,31212,500
Midnight Movies,1,31212,501
Mind Body Wellness,27,31212,502
Mixed Martial Arts,24,31212,503
Mixed Media Art,6,31212,504
Mobile Social,5,31212,505
Mobile Technology,474,31212,506
Model Photography,68,31212,507
MODELING INDUSTRY,1,31212,508
Models Photo Testing for their Portfolio,1,31212,509
Modern Dance,4,31212,510
Modern literature,6,31212,511
Mortgage Education,2,31212,512
Mosaic Outdoor Club,1,31212,513
movie buffs,1,31212,514
Movie Classics,1,31212,515
Movie Fanatics,1,31212,516
Movie Makers,1,31212,517
Movie Making,2,31212,518
Movie Nights,80,31212,519
Movie Parties At Somebodys House,1,31212,520
Movie Production,6,31212,521
Movie Screening,2,31212,522
Movie Watchers,1,31212,523
Movies in Movie Theaters,33,31212,524
movies in movie theatres,1,31212,525
"Movies, Bowling, Concerts, and Local Events",2,31212,526
Multi-Languages Exchanges Party,1,31212,527
Multicultural literature,1,31212,528
Multiplayer Gaming,10,31212,529
Music,371,31212,530
Music - dancing - concerts - live music-parties,3,31212,531
Music & Creativity,1,31212,532
Music & Sound,1,31212,533
Music and Parties,1,31212,534
Music Appreciation,11,31212,535
music business networking,7,31212,536
music business strategies,2,31212,537
Music composition,5,31212,538
music education,1,31212,539
Music Festivals,8,31212,540
Music for every Age and Experience,1,31212,541
Music Group,1,31212,542
Music Industry,38,31212,543
Music Knowledge,1,31212,544
Music Lovers,4,31212,545
Music Production,45,31212,546
Music Technology,10,31212,547
Music Theory,2,31212,548
Music Therapy,1,31212,549
Music Videos,1,31212,550
Musicals,11,31212,551
National Novel Writing Month,1,31212,552
Native American Crafts,1,31212,553
Native American Spirituality,4,31212,554
Natural Health & Wellness,3,31212,555
Natural Language Processing,68,31212,556
Natural Parenting,5,31212,557
Natural Pet Health,1,31212,558
"Nature and Outdoors: Hiking, Camping, Biking",2,31212,559
Nature Photography,66,31212,560
Neighborhood Watch,1,31212,561
Network for Single Professionals,1,31212,562
Networking & Social Gatherings,5,31212,563
Networking and Professional Development,1,31212,564
Networking for Christian Professionals in Business,2,31212,565
Networking for Marketing Professionals,4,31212,566
Networking for Technology Professionals,3,31212,567
Networking for Young Professionals,6,31212,568
Networking in the fashion industry,4,31212,569
Networking with HR Professionals,50,31212,570
Networking Writing publishing related,2,31212,571
New Age Literature,2,31212,572
New Age Spirituality,4,31212,573
New Clinical Technologies,1,31212,574
New Games,1,31212,575
New Parents,79,31212,576
New Technology,1239,31212,577
New York Business to Business Networking,3,31212,578
New York City Music Industry,1,31212,579
"Night Life, Social, Movies, Fun & Games Night",13,31212,580
Night Photography,6,31212,581
NLP for Health & Wellness,1,31212,582
Non-fiction writing,13,31212,583
Nonprofit Technology,15,31212,584
Novel Writing,51,31212,585
Off-Leash Dog Recreation,34,31212,586
Older Parents,1,31212,587
Oldies Music,3,31212,588
On location Photography Workshops,1,31212,589
Online Education,25,31212,590
Online Education & Technology For Educators and HR,15,31212,591
Options Education,1,31212,592
Other Languages as 1st and 2nd Languages,1,31212,593
Outdoor  Fitness,230,31212,594
Outdoor Adventurers For Women,4,31212,595
Outdoor Adventures,220,31212,596
Outdoor Adventures for Infants and Toddlers,1,31212,597
Outdoor Basketball,8,31212,598
Outdoor Cooking Recipes,1,31212,599
Outdoor Fitness Boot Camp,20,31212,600
Outdoor Games,1,31212,601
Outdoor Music Concerts,3,31212,602
Outdoor Photography,2,31212,603
Outdoor Recreation & Outdoor Adventures,11,31212,604
outdoor sketching,1,31212,605
Outdoor Soccer,74,31212,606
Outdoor Sports,1,31212,607
Outdoor Survival Skills,3,31212,608
Outdoor Tennis,26,31212,609
Outdoor Volleyball,19,31212,610
Outdoor Volunteer Opportunities,2,31212,611
Outdoor Workout Bootcamp,6,31212,612
Outdoor Yoga,25,31212,613
Outdoor/Indoor Pub Crawls,1,31212,614
Outdoors,676,31212,615
Painting Fine Art Nudes,2,31212,616
Pali Language,1,31212,617
Paper Arts,1,31212,618
Paper Crafts,16,31212,619
Parental Alienation,1,31212,620
Parenting Advice,3,31212,621
Parents,179,31212,622
parents helping parents,4,31212,623
Parents Meeting Parents,3,31212,624
Parents of Biracial Children,2,31212,625
parents of gifted children,4,31212,626
Parents of Kids with Asperger's,6,31212,627
Parents of Preschoolers,2,31212,628
Parents of School Aged Children,2,31212,629
Parents of Special Needs Children,6,31212,630
Parents of Teenagers,1,31212,631
Parents of Teens,3,31212,632
Parents of Tweens,1,31212,633
Parents With Young Children,2,31212,634
Parks & Recreation,2,31212,635
Partners for Fashion,1,31212,636
party games,7,31212,637
Pathfinder Roleplaying Game,4,31212,638
PC Gaming,26,31212,639
Performing Arts,348,31212,640
Persian Culture,15,31212,641
Persian Language,12,31212,642
"Personal Spiritual Growth, Spiritual Celebration",3,31212,643
Pet Businesses,1,31212,644
Pet Care,3,31212,645
Pet Cats and Kittens,3,31212,646
Pet Friendly,3,31212,647
Pet Health and Wellness,1,31212,648
Pet Lovers,8,31212,649
Pet Natural Health and Wellness,1,31212,650
Pet Sitting,1,31212,651
Pets,40,31212,652
Pets and Animals,2,31212,653
Philosophy-Science-and-Arts.,5,31212,654
"Philosophy, Science, Environment and Culture.",2,31212,655
Photo Critique,1,31212,656
Photo Critique & Judging,2,31212,657
Photo Editing,2,31212,658
Photo Journalism,1,31212,659
Photo Restoration & Retouching with Photoshop CS5,1,31212,660
Photo Retouching,2,31212,661
Photo Safari,1,31212,662
Photo Shoots,5,31212,663
Photo Walks,17,31212,664
Photo Walks in Northern California,1,31212,665
Photo Workshops,3,31212,666
Photography,263,31212,667
Photography Business,6,31212,668
Photography Classes,115,31212,669
Photography Exhibitions,4,31212,670
Photography on Location-Using Natural Light.,1,31212,671
Photography Social Club,1,31212,672
Play Cricket Recreationally,5,31212,673
"play writing, screenwriting",17,31212,674
Playing cards board games and other games too,1,31212,675
Playing Music,16,31212,676
Plus size fashion,2,31212,677
Poetry Writing,20,31212,678
Poker Cash Games,20,31212,679
Pole Dancing,4,31212,680
Pop Culture,1,31212,681
Pop Music,3,31212,682
Portrait Photography,73,31212,683
PreK-12 Education + Technology Integration,3,31212,684
Preventive Wellness,2,31212,685
Professional & Bussiness Networking,1,31212,686
Professional and Social Networking,6,31212,687
Professional Lesbian Women,45,31212,688
Professional Lesbian/Gay Couples Social Club,1,31212,689
Professional Network Marketers Group,1,31212,690
Professional Networking,1582,31212,691
Professional Networking for Actors,5,31212,692
Professional Photography,3,31212,693
Professional Women Networking,1,31212,694
Professional Women's Networking Group,4,31212,695
Programming Languages,154,31212,696
Psychic & Spiritual Matters,2,31212,697
R & B Music,2,31212,698
Real Estate Investment Education,156,31212,699
Real Estate Technology,10,31212,700
Recording Music,24,31212,701
Recreational Sports,187,31212,702
Restaurant Industry,19,31212,703
Rock Music,30,31212,704
Rockabilly Music,2,31212,705
Role-Playing Games,18,31212,706
roleplaying games,1,31212,707
Roleplaying Games (RPGs),47,31212,708
Romanian Parents,1,31212,709
Roots & Culture Music,1,31212,710
Russian Language,30,31212,711
Russian Language Classes,7,31212,712
Russian Literature,2,31212,713
Russian Movies,1,31212,714
Same Sex Parenting,1,31212,715
scary movies,1,31212,716
Schafkopf Card Game,1,31212,717
Sci Fi Movies,5,31212,718
Science and Spirituality,3,31212,719
Science Education,5,31212,720
Science Technology Engineering Math,6,31212,721
Screen Writing,1,31212,722
Screening of Short Movies and Documentaries.,4,31212,723
Semantic Technologies,3,31212,724
Seniors Social,13,31212,725
Sensual and Erotic Education,44,31212,726
Serenity (movie),2,31212,727
Sexual Education,29,31212,728
SharePoint Technologies,10,31212,729
Shooting Sports,1,31212,730
Short Story Writing,27,31212,731
Siberian Huskies who need Social Interaction,2,31212,732
Sicilian Literature & Poetry,1,31212,733
Sign Language,1,31212,734
Single Parent Day Trips,1,31212,735
Single Parent Support,13,31212,736
Single Parents,58,31212,737
Single Parents and Kids,2,31212,738
Single Parents of Teenagers,1,31212,739
Single Parents of Toddlers,1,31212,740
Single Parents without other parent local,1,31212,741
"Single Parents, Divorced Parents, Widowed Parents",5,31212,742
Single Professional Parents,2,31212,743
Single Professionals who love the Creative Arts,1,31212,744
Singles Dancing,13,31212,745
Singles Dancing Parties,2,31212,746
"Singles, Friends, Social Network, Enjoying Life",3,31212,747
Slavic Cultures and languages,3,31212,748
Sleeping Well,3,31212,749
Small and Home-Based Business Networking,4,31212,750
Small Business Networking,63,31212,751
Small Business Networking and Referrals Services,1,31212,752
Small Business Technology,18,31212,753
Snow Sports + Winter Sports + Outdoor Sports,3,31212,754
"Soca Music, Hip Hop Music, R&B Music, Reggae Music",2,31212,755
Social,1447,31212,756
Social Activism,4,31212,757
Social and Professional Networking for Educators,4,31212,758
Social Anxiety,43,31212,759
Social Connection & Mentorship,1,31212,760
Social Crafting,1,31212,761
Social Dancing,168,31212,762
Social Enterprise,29,31212,763
Social Entrepreneurship,128,31212,764
Social Equality,4,31212,765
Social events for 50+ singles,12,31212,766
Social Games,4,31212,767
Social Get togethers for Italian Greyhound owners,1,31212,768
Social Group for Girls,13,31212,769
Social Innovation,53,31212,770
Social Intelligence,1,31212,771
Social Justice,101,31212,772
Social Marketing,4,31212,773
Social Media,169,31212,774
Social Media for Social Change,7,31212,775
Social Media for Social Good,3,31212,775
Social Media Marketing,283,31212,777
Social Moms,1,31212,778
Social Network For Outdoor Activities,3,31212,779
Social Networking,1848,31212,780
Social Networking Business Networking Jobs,10,31212,781
Social Networking for Media Professionals,1,31212,782
Social Networking for Mental Health Professionals,6,31212,783
Social Networking for Widows & Widowers,5,31212,784
"Social Networking, Chat, Chew and Chocolate",1,31212,785
Social Skills,5,31212,786
Social Software,6,31212,787
Social Work,6,31212,788
Social Welfare,2,31212,788
"Social, Social, Social",17,31212,790
"Social, Sporting and Cultural Activities",1,31212,791
Socialism,6,31212,792
Socialization For Dogs,7,31212,793
Socializing Among Desis,2,31212,794
Socializing for 40+,32,31212,795
Socializing For The Disabled,7,31212,796
Socializing for young women,7,31212,797
Socially Environmentally Responsible Investing,4,31212,798
Solar Power Education,1,31212,799
Soul Dance,1,31212,800
Southern Rock Music,1,31212,801
Spanish & English Language Exchange,27,31212,802
Spanish Culture,30,31212,803
Spanish Language,111,31212,804
Spanish Literature,2,31212,805
Special Education,16,31212,806
Special Education Advocacy,2,31212,807
Special Education Law,1,31212,808
Speech Language Pathology,2,31212,809
Spell Crafting,1,31212,810
Spiritual Alchemy,4,31212,811
Spiritual Awareness,1,31212,812
spiritual awareness and spiritual awareness events,1,31212,812
Spiritual Books and Philosophy,1,31212,814
Spiritual Coaching,1,31212,815
Spiritual Community,2,31212,816
Spiritual Development,18,31212,817
Spiritual Discussion,2,31212,818
Spiritual Evolution,4,31212,819
Spiritual Exercises,3,31212,820
Spiritual Exploration,1,31212,821
Spiritual Growth,434,31212,822
Spiritual Guidance,1,31212,823
Spiritual Healing,42,31212,824
spiritual music,1,31212,825
Spiritual Psychology,13,31212,826
Spiritual Wellness,1,31212,827
Spirituality,916,31212,828
Spiritualism,62,31212,828
Spirituality & Spiritual Growth,8,31212,830
Sport Bikes,18,31212,831
Sport Touring Motorcycles,1,31212,832
"Sports & Recreation, Outdoor and Indoor Activities",5,31212,833
Sports and Recreation,271,31212,834
Sports and Socials,190,31212,835
Sports Bar,5,31212,836
Sports Business,11,31212,837
Sports Cars,10,31212,838
Sports Fan,73,31212,839
Sports Performance,2,31212,840
Stay at Home Parents,13,31212,841
Step-Parents,2,31212,842
Stepping up your game in Real Estate,1,31212,843
Storytelling Games,3,31212,844
Strategic Technology,1,31212,845
Strategy Games,67,31212,846
Street dance,3,31212,847
Street Photography,47,31212,848
Studio Photography,53,31212,849
Success Education,1,31212,850
Swedish Language,1,31212,851
"Swing Dance: Lindy, Blues, Balboa, Charleston",5,31212,852
Swing Dancing,35,31212,853
Tabletop Games,5,31212,854
Tabletop Games = Board Games + Card Games,1,31212,855
Tabletop Role Playing and Board Games,49,31212,856
Talent and Runway Fashion Shows,7,31212,857
Tango Music,6,31212,858
Tea Education,2,31212,859
Teaching English as a Foreign Language,3,31212,860
Teaching English as a Second Language,8,31212,861
Team Sport,8,31212,862
Technical Writing,4,31212,863
Technological Singularity,15,31212,864
Technology,625,31212,865
"Technology (Computer Forensics, Data Recovery)",3,31212,866
"Technology (Security, Audits)",17,31212,867
Technology Consulting,3,31212,868
Technology Entrepreneurs,4,31212,869
Technology Innovation,14,31212,870
Technology Networking,3,31212,871
Technology Professionals,134,31212,872
Telecommunications Industry,8,31212,873
Textile Arts,5,31212,874
Thai Language and Culture,8,31212,875
The Art of Listening,2,31212,876
The Future of Video Games,29,31212,877
Theater Industry,16,31212,878
Therapy Cats & Pets,1,31212,879
Total Wellness: Body + Mind + Soul,2,31212,880
Trader Education,3,31212,881
Trading Education,1,31212,881
Trading Card Games,3,31212,882
Trance Dance,5,31212,884
Trans Guys Social Group,1,31212,885
Transforming Education,1,31212,886
travel industry,2,31212,887
Travel Photography,61,31212,888
travel technology,6,31212,889
Turkish Belly Dance,1,31212,890
UFC and Boxing Matches Sports Bar Nights,8,31212,891
Underground Music,2,31212,892
Uniformed Services Professional Networking,1,31212,893
Urban Educators,7,31212,894
Vegan Education,16,31212,895
Video Game Entrepreneurs,6,31212,896
Vietnamese Culture,5,31212,897
Vietnamese Language & Cultural,1,31212,898
"Vocal Harmony, A Capella, Shape Note Music",1,31212,899
VoIP and Technology,7,31212,900
Volleyball Social,18,31212,901
Waldorf Inspired Crafts,1,31212,902
Watch Miami Dolphins Games NY Area,1,31212,903
Watching Movies,158,31212,904
watching rugby,1,31212,905
Water Sports,41,31212,906
Web Technology,852,31212,908
Web & New Technology,7,31212,908
Web Writing,2,31212,909
Wedding Photography,14,31212,910
Wellness,790,31212,911
Well Being,6,31212,911
Wellness & Well-Being,3,31212,913
Wellness and Complentary Lifestyels and Therapies,1,31212,914
Wellness Coaching,6,31212,915
West Coast Swing Dancing,6,31212,916
Western Martial Arts,3,31212,917
Whale Watching,1,31212,918
Why Wellness Works: How to Eat Move & Think Well,1,31212,919
Wildlife Photography,1,31212,920
Wine,356,31212,921
"Wine , Cheese and Chocolate Socials",1,31212,922
Wine & Food Events,1,31212,923
Wine and Food Lovers,6,31212,924
Wine and Food Pairing,94,31212,925
Wine Education,34,31212,926
Wine Tasting and Food,3,31212,927
"Wine,WineTasting,Wine and Food Pairing,WineLovers",20,31212,928
Winter and Summer Sports,4,31212,929
Winter Sports,24,31212,930
Witch craft,2,31212,931
Woman Entrepreneurs Business Networking,4,31212,932
Women and Spirituality,2,31212,933
Women Business Networking,23,31212,934
Women Science Technology Engineering & Mathematics,11,31212,935
Women's Business Networking,215,31212,936
Women's Health and Wellness,20,31212,937
Women's Networking,147,31212,938
Women's Social,749,31212,939
Women's Sports,17,31212,940
Women's Support Group Health and Wellness,1,31212,941
Womens Meetup for Small Business Networking,2,31212,942
work at home parents,2,31212,943
Working Parents,15,31212,944
World Languages,1,31212,945
world literature,1,31212,946
"WoW, World of Warcraft, Video Games",1,31212,947
Writing,311,31212,948
write,2,31212,948
Writing Fiction Books,1,31212,950
Writing for pleasure,1,31212,951
Writing for Self Discovery,6,31212,952
Writing Lyrics,1,31212,953
Writing Workshops,81,31212,954
"Yoga Dance Classes with World Music, Meditations",2,31212,955
"Yoga Dance, a Unique Movement Experience",1,31212,956
Young Adult Literature,2,31212,957
Young Professional Networking,12,31212,958
Youth Outdoor Education,2,31212,959
Science & Technology,2,31212,960
Science and Technology,1,31212,960
