label,Attribute_name,total_vals,num_nans,num_of_dist_val,mean,std_dev,min_val,max_val,%_dist_val,%_nans,sample_1,sample_2,sample_3,sample_4,sample_5,has_delimiters,has_url,has_email,has_date,mean_word_count,std_dev_word_count,mean_stopword_total,stdev_stopword_total,mean_char_count,stdev_char_count,mean_whitespace_count,stdev_whitespace_count,mean_delim_count,stdev_delim_count,is_list,is_long_sentence
1,Docket Number,22012,0,4063,0,0,0,0,18.45811376,0,14CP093909,14CP077657,17CP092736,15CP061142,19CP076202,FALSE,FALSE,FALSE,FALSE,1,0,0,0,10,0,0,0,0,0,FALSE,FALSE
7,Violation Number,22012,0,19448,0,0,0,0,88.3518081,0,P004545108,P004475343,P005299979,P004659175,P005875254,FALSE,FALSE,FALSE,FALSE,1,0,0,0,10,0,0,0,0,0,FALSE,FALSE
2,Issued Date,22012,0,1747,0,0,0,0,7.936580047,0,6/10/14,6/5/14,9/12/17,4/15/15,11/7/19,FALSE,FALSE,FALSE,TRUE,1,0,0,0,6.8,0.4,0,0,0,0,FALSE,FALSE
7,Issuing Department,22012,0,2,0,0,0,0,0.009085953,0,POLICE,BLDINGS,BLDINGS,BLDINGS,BLDINGS,FALSE,FALSE,FALSE,FALSE,1,0,0,0,6.8,0.4,0,0,0,0,FALSE,FALSE
2,Last Hearing Date,22012,0,413,0,0,0,0,1.876249319,0,9/5/14 9:00,8/1/14 1:00,11/3/17 9:00,6/5/15 1:00,1/3/20 9:00,FALSE,FALSE,FALSE,TRUE,2,0,0,0,11.2,0.4,1,0,1,0,FALSE,FALSE
8,Property Address,22012,0,2432,0,0,0,0,11.04851899,0,5211 S HERMITAGE ,948 N HAMLIN ,3544 W 62ND PL ,3544 W 62ND ,5433 S SAWYER ,FALSE,FALSE,FALSE,FALSE,4.2,0.4,0,0,14.2,1.720465053,3.2,0.4,3.2,0.4,FALSE,FALSE
1,Entity or Person(s),22012,0,270,0,0,0,0,1.226603671,0,"JP MORGAN CHASE BANK, ","MIDFIRST BANK, ","CITI MORTGAGE INC, ","DEUTSCHE BANK, ","FEDERAL NATL MTG ASSN, ",TRUE,FALSE,FALSE,FALSE,4,0.894427191,0,0,18.8,3.370459909,3,0.894427191,3,0.894427191,TRUE,FALSE
1,Disposition Description,22012,0,16,0,0,0,0,0.072687625,0,City non-suit,City Non suit - Motion to set-aside default - Granted,Default - Liable by prove-up,Liable - By plea,Not liable - City failed to establish prima facie case,FALSE,FALSE,FALSE,FALSE,6.2,3.249615362,0.6,0.489897949,32.8,17.63405796,5.2,3.249615362,5.2,3.249615362,FALSE,FALSE
0,Total Fines,22012,0,28,404.1295657,1152.895655,0,8500,0.127203344,0,0,1300,4300,6000,600,FALSE,FALSE,FALSE,TRUE,1,0,0,0,3.2,1.166190379,0,0,0,0,FALSE,FALSE
7,Total Administrative Costs,22012,0,1,0,0,0,0,0.004542977,0,0,0,0,0,0,FALSE,FALSE,FALSE,TRUE,1,0,0,0,1,0,0,0,0,0,FALSE,FALSE
7,Interest Amount,22012,0,1,0,0,0,0,0.004542977,0,0,0,0,0,0,FALSE,FALSE,FALSE,TRUE,1,0,0,0,1,0,0,0,0,0,FALSE,FALSE
7,Collection Costs or Attorney Fees,22012,0,1,0,0,0,0,0.004542977,0,0,0,0,0,0,FALSE,FALSE,FALSE,TRUE,1,0,0,0,1,0,0,0,0,0,FALSE,FALSE
7,Court Cost,22012,0,3,0,0,0,0,0.01362893,0,0,0,40,0,0,FALSE,FALSE,FALSE,TRUE,1,0,0,0,2.4,1.2,0,0,0,0,FALSE,FALSE
0,Original Total Amount Due,22012,0,40,0,0,0,0,0.181719062,0,0,0,377.88,1223.88,1703.28,FALSE,FALSE,FALSE,TRUE,1,0,0,0,4.8,2.4,0,0,0,0,FALSE,FALSE
0,Total Paid,22012,0,68,0,0,0,0,0.308922406,0,0,0,30,88,42,FALSE,FALSE,FALSE,TRUE,1,0,0,0,3.2,1.166190379,0,0,0,0,FALSE,FALSE
0,Current Amount Due,22012,0,536,0,0,0,0,2.435035435,0,0,0,1767.67,5997.29,1732.42,FALSE,FALSE,FALSE,TRUE,1,0,0,0,5,2.529822128,0,0,0,0,FALSE,FALSE
1,Violation Type,22012,0,6,0,0,0,0,0.027257859,0,13-12-125  Duty to secure and maintain vacant building.,13-12-140  Watchman required,7-24-099(a)     Cannabis - up to 15 grams,"193105 Register and secure vacant building. (13-12-125 (a)(1), 13-12-125 (b)(1) ).",193110 Insure and secure vacant building. (13-12-125 (a).,FALSE,FALSE,FALSE,FALSE,8.6,2.576819745,1.8,0.979795897,52.6,18.05103875,7.6,2.576819745,7.6,2.576819745,FALSE,FALSE