Entity or Person(s),times_entered,total,percent_of_entries,group,class
"AMALGAMATED BANK, ",4,22012,0.000181719,1,
"AMERICAN HOME MORTGAGE SERVICING INC, ",4,22012,0.000181719,2,-1
"AMERICAN HOME MORGAGE SERVICE INC, ",3,22012,0.000136289,2,3
"AMER HOME MORTGAGE SER INC, ",2,22012,9.09E-05,2,3
"AMERICAN HOME MORTGAGE, ",2,22012,9.09E-05,2,7
"AMERIQUEST MORT CO, ",2,22012,9.09E-05,3,-1
"AMERIQUEST MORTGAGE CO, ",2,22012,9.09E-05,3,3
"ARGENT MORTGAGE CO LLC, ",2,22012,9.09E-05,4,
"AURORA LOAN SERVICES LLC, ",38,22012,0.001726331,5,-1
"AURORA LOAN SERV LLC, ",2,22012,9.09E-05,5,3
"AZTEC AMERICAN BANK, ",6,22012,0.000272579,6,
"BAC HOME LOANS SERVICING, ",10,22012,0.000454298,7,-1
"BAC HOME LOANS SERVICING, LP C/O C T CORPORATION SYSTEM, ",1,22012,4.54E-05,7,7
"BAC HOME LOANS SERVICING, LP C/O PATRICIA M HOLDEN, ",1,22012,4.54E-05,7,7
"BANCO POPULAR, ",4,22012,0.000181719,8,
"BANK OF NEW YORK MELLON, ",675,22012,0.030665092,9,-1
"BNY MELLON TRUST, ",73,22012,0.003316373,9,37
"BANK NY MELLON, ",41,22012,0.00186262,9,37
"BANK NEW YORK MELLON, ",36,22012,0.001635472,9,3
"BANK OF NEW YORK, ",27,22012,0.001226604,9,3
"BNY MELLON, ",14,22012,0.000636017,9,3
"BNY MELLON TRUSTEE ON BEHALF OF THE HOLDERS OF THE, ",12,22012,0.000545157,9,37
"BNY TRUST, ",10,22012,0.000454298,9,37
"BANK OF NEW YORK MELLON CORP, ",8,22012,0.000363438,9,37
"BANK NEW YORK MELLON TRUST, ",6,22012,0.000272579,9,7
"BANK OF MELLON, ",6,22012,0.000272579,9,7
"BANK OF N Y MELLON, ",6,22012,0.000272579,9,3
"BNY, ",6,22012,0.000272579,9,3
"BANK NEW YORK TRUST, ",2,22012,9.09E-05,9,7
"BANK OF NEW YORK TRUSTEE CWABS 2005 06, ",2,22012,9.09E-05,9,7
"THE BANK OF NEW YORK MELLON FKA THE OF NEW YORK, ",1,22012,4.54E-05,9,7
"BANK OF AMERICA, ",2396,22012,0.108849718,10,-1
"BANK OF AMERICA NA, ",250,22012,0.011357441,10,7
"BANK OF AMERICA NATL ASSN, ",6,22012,0.000272579,10,7
"BANK OF AMERICA, NA C/O PATRICIA M HOLDEN, ",3,22012,0.000136289,10,7
"BANK UNTIED, ",2,22012,9.09E-05,11,
"BAYVIEW LOAN SERVICING LLC, ",405,22012,0.018399055,12,-1
"BAYVIEW LOAN SERVICING, ",54,22012,0.002453207,12,7
"BRANCH BANKING AND TRUST CO, ",15,22012,0.000681446,13,
"CARRINGTON MORTGAGE, ",30,22012,0.001362893,14,
"CHASE HOME FINANCE LLC, ",260,22012,0.011811739,15,-1
"CHASE HOME FINANCE, ",146,22012,0.006632746,15,7
"CHASE HOME FINANCE LLC C/O CT CORPORATION SYSTEM, ",8,22012,0.000363438,15,7
"CHASE HOME, ",6,22012,0.000272579,15,7
"CHASE HOME FINANCING, ",2,22012,9.09E-05,15,7
"CHASE REO GROUP LLC, ",297,22012,0.01349264,16,-1
"CHASE REO GROUP LLC C/O ANTWAN REID, ",60,22012,0.002725786,16,7
"CITIBANK, ",81,22012,0.003679811,17,-1
"CITI BANK, ",40,22012,0.001817191,17,4
"CITI FINANCIAL INC, ",24,22012,0.001090314,18,-1
"CITIFINANCIAL INC, ",12,22012,0.000545157,18,7
"CITIFINANCIAL SERVICES INC, ",6,22012,0.000272579,18,7
"CITI FINANCIAL SERVICES INC, ",3,22012,0.000136289,18,7
"CITI INVESTMENT GROUP, ",4,22012,0.000181719,19,
"CITI MORTGAGE INC, ",666,22012,0.030256224,20,-1
"CITI MORTGAGE, ",248,22012,0.011266582,20,7
"CITIMORTGAGE, ",78,22012,0.003543522,20,4
"CITI MORTAGE, ",18,22012,0.000817736,20,7
"CITI PROPERTY HOLDINGS INC, ",6,22012,0.000272579,21,
"COUNTRY WIDE HOME LOAN, ",16,22012,0.000726876,22,
"COVENANT BANK, ",30,22012,0.001362893,23,
"DEUTSCHE BANK, ",843,22012,0.038297292,24,-1
"DEUTSHE BANK NATIONAL TRUST, ",16,22012,0.000726876,24,7
"DEUTSHE BANK, ",14,22012,0.000636017,24,2
"DEAUTSCHE BANK, ",6,22012,0.000272579,24,2
"DEUTSCHE, ",6,22012,0.000272579,24,7
"DEUTSCHE NATL BANK, ",5,22012,0.000227149,24,7
"DEUTSCHE BK, ",4,22012,0.000181719,24,3
"DEUTSCHE BNAK, ",4,22012,0.000181719,24,2
"DEPT OF HUD, ",2,22012,9.09E-05,25,
"DEUTSCHE BANK NATL TRUST CO, ",381,22012,0.017308741,26,-1
"DEUTSCHE BANK NATL TRUST, ",264,22012,0.011993458,26,7
"DEUTSCHE BANK NATIONAL TRUST, ",194,22012,0.008813375,26,7
"DEUTSCHE BANK AND TRUST, ",157,22012,0.007132473,26,2
"DEUTSCHE BANK NATIONAL TRUST CO, ",143,22012,0.006496456,26,3
"DEUTSCHE BANK NATL TR CO, ",116,22012,0.005269853,26,23
"DEUTSCHE BANK NATIONAL TRUST COMPANY, ",73,22012,0.003316373,26,37
"DEUTSCHE BANK NATIONAL, ",55,22012,0.002498637,26,37
"DEUTSCHE BANK TRUST, ",32,22012,0.001453752,26,37
"DEUTSCH BANK NATL TRUST CO, ",17,22012,0.000772306,26,2
"DEUTSCHE BANK TRUST CO, ",12,22012,0.000545157,26,7
"DEUTSCHE BANK NA, ",8,22012,0.000363438,26,27
"DEUTSCHE BANK NATL TRUST CO. ATTN:  MBS PROPERTY INQUIRY, ",6,22012,0.000272579,26,27
"DEUTSCHE BANK TRUST NATL CO, ",6,22012,0.000272579,26,7
"DEUTSCHE BANK NATL TRUST , ATTN: MBS PROPERTY INQUIRY, ",4,22012,0.000181719,26,27
"DEUTSCHE BK NAT'L TR CO TRUSTEE OF ARGENT MTG SECURITIES INC ASSET-BACKED PASS THRU CERT SERIES 2006-W4, ",4,22012,0.000181719,26,37
"DEUTSCH BANK AND TRUST, ",2,22012,9.09E-05,26,27
"DEUTSCHE BANK NATINAL TRUST CO, ",2,22012,9.09E-05,26,2
"DEUTSCHE BANK NATIONAL TRUST CO., ",2,22012,9.09E-05,26,3
"DEUTSCHE BANK NAT'L TRUST CO TRUSTEE FOR HSI ASSET SECURITIZATION CORP, ",1,22012,4.54E-05,26,237
"EMC MORTGAGE CORP, ",6,22012,0.000272579,27,
"FEDERAL NATL MTG ASSN, ",561,22012,0.025486098,28,-1
"FANNIE MAE, ",321,22012,0.014582955,28,7
"FEDERAL NATIONAL MORTGAGE, ",42,22012,0.00190805,28,3
"FEDERAL NATL MORTGAGE ASSN, ",6,22012,0.000272579,28,23
"FEDERAL NATINAL MORTGAGE ASSOC, ",2,22012,9.09E-05,28,23
"FEDERAL NATIONAL MORTGAGE ASSN NATIONAL PROPERTY DISPOSITION CENTER, ",2,22012,9.09E-05,28,237
"FIRST BANK, ",1,22012,4.54E-05,28,7
"FEDERAL HOME LOAN MORTGAGE CORP, ",62,22012,0.002816645,29,-1
"FEDERAL HOME LOAN MORT CORP, ",56,22012,0.002544067,29,3
"FEDERAL HOME LOAN MTG CORP, ",30,22012,0.001362893,29,3
"FEDERAL HOME LOAN MORTGAGE, ",26,22012,0.001181174,29,37
"FEDERAL HOME MORTGAGE, ",10,22012,0.000454298,29,37
"FEDERAL HOME LOAN MRT, ",4,22012,0.000181719,29,37
"FEDERAL HOME MORT CORP, ",2,22012,9.09E-05,29,3
"FIRST MIDWEST BANK, ",24,22012,0.001090314,30,
"FLAG STAR BANK, ",9,22012,0.000408868,31,
"FLEET MORTGAGE CORP, ",2,22012,9.09E-05,32,
"FORECLOSURE BUYING GROUP, LLC C/O DONALD J KINDWALD, ",1,22012,4.54E-05,33,
"FRANKLIN AMER MORTGAGE CO, ",2,22012,9.09E-05,34,
"FRANKLIN CREDIT MANAGEMENT, ",8,22012,0.000363438,35,-1
"FRANKLIN CREDIT MANG CORP, ",4,22012,0.000181719,35,37
"FRANKLIN CREDIT MANG CORP CO, ",2,22012,9.09E-05,35,37
"FRANKLIN CREDIT MGT, ",2,22012,9.09E-05,35,37
"GENWORTH FINANCIAL, ",3,22012,0.000136289,36,
"GMAC MORTGAGE LLC, ",210,22012,0.009540251,37,-1
"GMAC MORTGAGE, ",128,22012,0.00581501,37,7
"GMAC MORTGAGE CORP, ",32,22012,0.001453752,37,7
"GREEN POINT MORTGAGE FUNDING INC, ",24,22012,0.001090314,38,-1
"GREEN TREE FINANCIAL, ",6,22012,0.000272579,38,7
"GREEN TREE SERVICING, LLC C/O C T CORPORATION SYSTEM, ",1,22012,4.54E-05,38,7
"H S B C BANK, ",67,22012,0.003043794,39,-1
"H S B C, ",14,22012,0.000636017,39,7
"H S B C BANK USA NA, ",4,22012,0.000181719,39,7
"H S B C BANK NA, ",2,22012,9.09E-05,39,7
"HINSDALE BANK AND TRUST, ",10,22012,0.000454298,40,
"HOME ACQUISTIONS INC, ",16,22012,0.000726876,41,-1
"HOME ACQUISITIONS INC C/O JONATHAN SMITH, ",8,22012,0.000363438,41,7
"HOME EQ SERVICING CORP, ",23,22012,0.001044885,42,-1
"HOME EQ SERVICE CORP, ",12,22012,0.000545157,42,3
"HOUSING AND URBAN DEVELOPMENT, ",112,22012,0.005088134,43,-1
"HOUSING & URBAN DEVELOPMENT, ",6,22012,0.000272579,43,3
"HOUSING AND URBAN DEVELOP, ",6,22012,0.000272579,43,3
"HOUSING ECONOMIC NETWORK INC C/O LARRY FLOYD, ",6,22012,0.000272579,44,
"HOUSING URBAN DEVELOPMENT, ",303,22012,0.013765219,45,
"HSBC BANK, ",365,22012,0.016581864,46,-1
"HSBC BANK USA, ",280,22012,0.012720334,46,7
"HSBC BANK USA NA, ",71,22012,0.003225513,46,7
"HSBC BANK NA, ",34,22012,0.001544612,46,7
"HSBC, ",18,22012,0.000817736,46,7
"HSBC BANK N A, ",2,22012,9.09E-05,46,7
"HSBC BANK USA NTAL ASSN, ",2,22012,9.09E-05,46,7
"HSBC BK USA TRUST, ",14,22012,0.000636017,47,-1
"HSBC BK USA TRUSTEE 2006 ASAP 5, ",6,22012,0.000272579,47,7
"HSBC MORTGAGE, ",42,22012,0.00190805,48,-1
"HSBC MORTGAGE AND SERV INC, ",2,22012,9.09E-05,48,7
"INDY MAC BANK, ",6,22012,0.000272579,49,-1
"INDYMAC FEDERAL BANK, ",4,22012,0.000181719,49,7
"J N L FINANCIAL LLC, ",2,22012,9.09E-05,50,
"J P MORGAN CHASE BANK, ",272,22012,0.012356896,51,-1
"J P MORGAN CHASE, ",42,22012,0.00190805,51,7
"J P MORGAN CHASE BANK NA, ",25,22012,0.001135744,51,7
"J P M C PROPERTIES, ",4,22012,0.000181719,51,7
"J P MORGAN BANK NA, ",2,22012,9.09E-05,51,7
"JNL FINANCIAL LLC, ",22,22012,0.000999455,52,-1
"JNL FINANCIAL, ",14,22012,0.000636017,52,7
"JP MORGAN CHASE BANK, ",1011,22012,0.045929493,53,-1
"JP MORGAN CHASE, ",288,22012,0.013083772,53,7
"JP MORGAN CHASE BANK NA, ",187,22012,0.008495366,53,7
"JP MOGAN CHASE BANK, ",6,22012,0.000272579,53,2
"JPMC SPECIALITY MORT, ",4,22012,0.000181719,54,
"LASALLE BANK, ",36,22012,0.001635472,55,
"LITTON LOAN SERVICING LP, ",38,22012,0.001726331,56,-1
"LITTON LOAN SERVICING, ",37,22012,0.001680901,56,7
"LITTOW LOAN, ",6,22012,0.000272579,56,27
"LITTON LOAN SERVICING LP C/O CORPORATION SERVICE CO, ",3,22012,0.000136289,56,7
"MB FINANCIAL BANK NA, ",6,22012,0.000272579,57,-1
"M B FINANCIAL BANK NA, ",4,22012,0.000181719,57,2
"MARQUETTE BANK, ",65,22012,0.002952935,58,
"MERRILL LYNCH MORTGAGE INC, ",6,22012,0.000272579,59,
"METLIFE HOME LOANS, ",14,22012,0.000636017,60,
"METROPOLITAN BANK, ",6,22012,0.000272579,61,
"MIDFIRST BANK, ",340,22012,0.01544612,62,-1
"MID FIRST BANK, ",73,22012,0.003316373,62,2
"MIDWEST BANK AND TRUST, ",4,22012,0.000181719,62,27
"MONEY LINE MORTGAGE LLC, ",41,22012,0.00186262,63,
"NATION STAR MORTGAGE LLC, ",210,22012,0.009540251,64,
"NATION WIDE REO LLC, ",18,22012,0.000817736,65,
"NATIONAL ASSET MANAGEMENT GROUP LLC, ",74,22012,0.003361803,66,-1
"NATIONAL ASSET MANAGEMENT GROUP, ",18,22012,0.000817736,66,7
"NATIONAL ASSET MGMT GROUP LLC, ",18,22012,0.000817736,66,37
"NATIONAL CITY BANK, ",26,22012,0.001181174,67,
"NATIONWIDE REO LLC, ",374,22012,0.016990732,68,-1
"NATIONWIDE REO LLC C/O PETER DRAVILAS, ",36,22012,0.001635472,68,7
"NATIONWIDE REO LLC C/O PETER DRAVILLAS, ",18,22012,0.000817736,68,7
"NORTH STAR TRUST COMPANY, ",12,22012,0.000545157,69,-1
"NORTHERN TRUST COMPANY, ",6,22012,0.000272579,69,2
"NORTH STAR TRUST CO. TR#6211, ",1,22012,4.54E-05,69,37
"OAK FINANCIAL INC, ",18,22012,0.000817736,70,
"OCWEN BANK, ",6,22012,0.000272579,71,
"OCWEN LOAN SERVICING LLC, ",363,22012,0.016491005,72,-1
"OCWEN LOAN SERVICING, ",72,22012,0.003270943,72,7
"OCWEN LOAN SERVICES LLC, ",9,22012,0.000408868,72,3
"ONE WEST BANK FSB, ",81,22012,0.003679811,73,-1
"ONE WEST BANK, ",73,22012,0.003316373,73,7
"P H H MORT CORP, ",12,22012,0.000545157,74,
"PARK FEDERAL SAVINGS, ",14,22012,0.000636017,75,
"PARK NATIONAL BANK TRUST, ",9,22012,0.000408868,76,
"PHH MORTGAGE CORP, ",18,22012,0.000817736,77,-1
"PHH MORT CORP, ",16,22012,0.000726876,77,3
"PNC MORTGAGE, ",144,22012,0.006541886,78,-1
"PNC MORTGAGE/NATIONAL CITY BANK, ",6,22012,0.000272579,78,7
"QUANTUM SERVICING CORPORATION, ",33,22012,0.001499182,79,-1
"QUANTIM SERVICING CORPORATION, ",6,22012,0.000272579,79,2
"REO DIRECT LLC, ",52,22012,0.002362348,80,-1
"REO DIRECT PARTNERS, ",4,22012,0.000181719,80,7
"REO PARTNERS LLC, ",432,22012,0.019625659,81,
"REO PROPERTY, ",6,22012,0.000272579,82,
"REPUBLIC BANK OF CHICAGO, ",18,22012,0.000817736,83,
"SAON MORTGAGE SERVICES, ",2,22012,9.09E-05,84,
"SAXON MORTGAGE SERV INC, ",16,22012,0.000726876,85,-1
"SAXON MORTGAGE, ",8,22012,0.000363438,85,7
"SAX TON MORTGAGE SERV INC, ",2,22012,9.09E-05,85,2
"SAXON MORTGAGE SERVICES, ",2,22012,9.09E-05,85,3
"SAXTON MORTGAGE SERV, ",2,22012,9.09E-05,85,27
"SAXTON MORTGAGE SERVICE INC, ",2,22012,9.09E-05,85,27
"SAXTON MORTGAGE SERVICES INC, ",2,22012,9.09E-05,85,27
"SEATTLE MORTGAGE CO, ",12,22012,0.000545157,86,
"SEAWAY BANK AND TRUST, ",2,22012,9.09E-05,87,
"SHORE BANK, ",43,22012,0.00195348,88,
"SMITH ROTHCHILD FINANCIAL, ",47,22012,0.002135199,89,-1
"SMITH ROTHCHILD FINANCIAL CO, ",18,22012,0.000817736,89,7
"SMITH ROTHCHILD FINANCIAL INC, ",14,22012,0.000636017,89,7
"SMITH ROTHCHILD FINANCIAL COMPANY, ",12,22012,0.000545157,89,7
"SMITH ROTHCHILD FIN CO, ",6,22012,0.000272579,89,37
"SOUTH PORT BANK, ",2,22012,9.09E-05,90,
"SPRING LEAF FINANCIAL, ",6,22012,0.000272579,91,
"STANDARD BANK AND TRUST CO, ",68,22012,0.003089224,92,-1
"STANDARD BANK AND TRUST, ",10,22012,0.000454298,92,7
"SUBURBAN BANK, ",6,22012,0.000272579,93,-1
"SUBURBAN BANK AND TRUST, ",4,22012,0.000181719,93,7
"TCF NATL BANK, ",42,22012,0.00190805,94,
"US BANK, ",1341,22012,0.060921316,95,-1
"US BANK NA, ",274,22012,0.012447756,95,7
"U S BANK, ",187,22012,0.008495366,95,2
"U S BANK AND TRUST, ",165,22012,0.007495911,95,27
"U S BANK N A, ",128,22012,0.00581501,95,27
"US BANK AND TRUST, ",104,22012,0.004724696,95,27
"U S BANK NA, ",92,22012,0.004179538,95,27
"US BANK N A, ",76,22012,0.003452662,95,7
"US BANK TRUST, ",70,22012,0.003180084,95,27
"U S BANK NATIONAL, ",37,22012,0.001680901,95,27
"U S BANK NA TRUST, ",24,22012,0.001090314,95,27
"U S BANK AND TRUST C/O LEGAL DEPARTMENT, ",17,22012,0.000772306,95,27
"US BANK NATIONAL ASSOC, ",16,22012,0.000726876,95,7
"US BANK NATIONAL ASSOCIATION, ",12,22012,0.000545157,95,7
"US BANK NATL ASSN C/O LEGAL DEPT., ",8,22012,0.000363438,95,7
"U S BANK AN TRUST, ",6,22012,0.000272579,95,27
"U S NATIONAL BANK, ",3,22012,0.000136289,95,27
"US BANK NA TRUST C/O LEGAL DEPARTMENT, ",3,22012,0.000136289,95,7
"U S BANK AND TRUST NA, ",2,22012,9.09E-05,95,27
"U S BANK ASSOCIATION, ",2,22012,9.09E-05,95,27
"US BANK LEGAL DEPT, ",2,22012,9.09E-05,95,7
"US BANK NA TRUST 8441, ",2,22012,9.09E-05,95,7
"US BANK NA TRUST LEGAL DEPARTMENT, ",2,22012,9.09E-05,95,7
"US BANK, NA C/O JEANNE ESCOBEDO, TRUST LEGAL DEPARTMENT, ",2,22012,9.09E-05,95,7
"WACHOVIA FINANCIAL SERVICE, ",25,22012,0.001135744,96,-1
"WACHOVA FINANCIAL SERVICE, ",18,22012,0.000817736,96,2
"WACHOVIA FINANCIAL SEVICE, ",6,22012,0.000272579,96,2
"WACHOVIA MORTGAGE CORP, ",16,22012,0.000726876,97,-1
"WACHOVIA MORTGAGE, ",4,22012,0.000181719,97,7
"WELLS FARGO BANK, ",1576,22012,0.071597311,98,-1
"WELLS FARGO BANK NA, ",623,22012,0.028302744,98,7
"WELLS FARGO, ",260,22012,0.011811739,98,7
"WELLS FARGO BANK N A, ",153,22012,0.006950754,98,7
"WELLS FARGO FINANCIAL NA, ",6,22012,0.000272579,98,7
"WELLS FRGO BK, ",1,22012,4.54E-05,98,3
"WELLS FARGO HOME MORTGAGE, ",67,22012,0.003043794,99,-1
"WELLS FARGO HOME MORT, ",6,22012,0.000272579,99,3
"WMC MORTGAGE CORP, ",4,22012,0.000181719,100,