label,Attribute_name,total_vals,num_nans,num_of_dist_val,mean,std_dev,min_val,max_val,%_dist_val,%_nans,sample_1,sample_2,sample_3,sample_4,sample_5,has_delimiters,has_url,has_email,has_date,mean_word_count,std_dev_word_count,mean_stopword_total,stdev_stopword_total,mean_char_count,stdev_char_count,mean_whitespace_count,stdev_whitespace_count,mean_delim_count,stdev_delim_count,is_list,is_long_sentence
7,Timestamp,439,0,438,0,0,0,0,99.77220957,0,10/1/20 20:28,11/1/20 9:55,11/1/20 16:33,11/1/20 11:13,10/1/20 21:17,FALSE,FALSE,FALSE,TRUE,2,0,0,0,19,0,1,0,1,0,FALSE,FALSE
7,Name,439,5,420,0,0,0,0,95.67198178,1.138952164,Rajat mann,Utkarsh tyagi,Adarsh Chawla,Kshitiz Sindhwani,Pragun Mangla,FALSE,FALSE,FALSE,FALSE,2,0,0,0,13.2,2.227105745,1,0,1,0,FALSE,FALSE
7,Email id,439,69,364,0,0,0,0,82.91571754,15.71753986,Rajat.mann@yahoo.com,utyagi319@gmail.com,adarshchawla01@gmail.com,Kshitizsindhwani491@gmail.com,pragunmangla3@gmail.com,FALSE,FALSE,TRUE,FALSE,1,0,0,0,23,3.521363372,0,0,0,0,FALSE,FALSE
1,Gender,439,0,2,0,0,0,0,0.455580866,0,Male,Female,Male,Female,Male,FALSE,FALSE,FALSE,FALSE,1,0,0,0,4.8,0.979795897,0,0,0,0,FALSE,FALSE
1,Age ,439,0,5,0,0,0,0,1.138952164,0,18-25,Less than 18,25-40,40-60,Above 60,FALSE,FALSE,FALSE,FALSE,1.6,0.8,0.2,0.4,7,2.75680975,0.6,0.8,0.6,0.8,FALSE,FALSE
1,City (from which you do online shopping),439,0,90,0,0,0,0,20.50113895,0,Delhi,Delhi ,New delhi,Vellore,Gurgaon,FALSE,FALSE,FALSE,FALSE,1.4,0.489897949,0,0,6.8,1.326649916,0.4,0.489897949,0.4,0.489897949,FALSE,FALSE
1,State,439,0,71,0,0,0,0,16.17312073,0,Delhi,Tamil nadu ,Haryana,Rajasthan,Tamil Nadu,FALSE,FALSE,FALSE,FALSE,1.6,0.8,0,0,8.4,2.154065923,0.6,0.8,0.6,0.8,FALSE,FALSE
1,Highest Education received ,439,0,17,0,0,0,0,3.872437358,0,Graduation,High School,Research scholar ,12th,Currently in school,FALSE,FALSE,FALSE,FALSE,2,0.894427191,0.2,0.4,12.2,5.344155686,1,0.894427191,1,0.894427191,FALSE,FALSE
1,Profession,439,0,14,0,0,0,0,3.189066059,0,Job,Student,Business,Legal,House wife,FALSE,FALSE,FALSE,FALSE,1.2,0.4,0,0,6.6,2.416609195,0.2,0.4,0.2,0.4,FALSE,FALSE
1,Annual Income,439,6,5,0,0,0,0,1.138952164,1.366742597,Not Earning,1-6 Lakh,6-15 Lakh,More than 15 Lakh,,FALSE,FALSE,FALSE,FALSE,2.2,0.979795897,0.2,0.4,9.6,4.543126677,1.2,0.979795897,1.2,0.979795897,FALSE,FALSE
1,Word of Mouth (recommended by a friend),439,0,5,2.767653759,0.985429943,0,4,1.138952164,0,1,3,2,4,0,FALSE,FALSE,FALSE,TRUE,1,0,0,0,1,0,0,0,0,0,FALSE,FALSE
1,"Conventional Advertisements like TV, Newspaper Ads, etc",439,0,5,2.029612756,0.936010818,0,4,1.138952164,0,2,0,1,3,4,FALSE,FALSE,FALSE,TRUE,1,0,0,0,1,0,0,0,0,0,FALSE,FALSE
1,"Social Media like Facebook, Instagram, TikTok, YouTube, etc.",439,0,5,2.077448747,1.087689179,0,4,1.138952164,0,2,1,0,3,4,FALSE,FALSE,FALSE,TRUE,1,0,0,0,1,0,0,0,0,0,FALSE,FALSE
1,Web series/ Movies,439,0,5,1.79498861,1.126961944,0,4,1.138952164,0,3,0,2,1,4,FALSE,FALSE,FALSE,TRUE,1,0,0,0,1,0,0,0,0,0,FALSE,FALSE
1,Price of the item (comparatively lower than the price that is offered in offline markets),439,0,5,3.277904328,0.812902323,0,4,1.138952164,0,3,4,2,1,0,FALSE,FALSE,FALSE,TRUE,1,0,0,0,1,0,0,0,0,0,FALSE,FALSE
1,The item is made up of high quality,439,0,5,3.382687927,0.792488121,0,4,1.138952164,0,0,3,4,2,1,FALSE,FALSE,FALSE,TRUE,1,0,0,0,1,0,0,0,0,0,FALSE,FALSE
1,Return and Exchange Policy,439,0,5,3.161731207,0.929786862,0,4,1.138952164,0,3,4,2,1,0,FALSE,FALSE,FALSE,TRUE,1,0,0,0,1,0,0,0,0,0,FALSE,FALSE
1,Reviews and Ratings,439,0,5,3.202733485,0.878698457,0,4,1.138952164,0,2,3,4,1,0,FALSE,FALSE,FALSE,TRUE,1,0,0,0,1,0,0,0,0,0,FALSE,FALSE
1,Seller of the Product,439,0,5,2.257403189,1.147358499,0,4,1.138952164,0,1,2,3,0,4,FALSE,FALSE,FALSE,TRUE,1,0,0,0,1,0,0,0,0,0,FALSE,FALSE
1,Description of the product along with display picture from various angles,439,0,5,3.161731207,0.889725053,0,4,1.138952164,0,3,1,4,2,0,FALSE,FALSE,FALSE,TRUE,1,0,0,0,1,0,0,0,0,0,FALSE,FALSE
1,Number of days of Delivery,439,0,5,2.690205011,1.069208595,0,4,1.138952164,0,2,1,3,4,0,FALSE,FALSE,FALSE,TRUE,1,0,0,0,1,0,0,0,0,0,FALSE,FALSE
1,Delivery Charges,439,0,5,3.013667426,1.054244048,0,4,1.138952164,0,4,3,1,0,2,FALSE,FALSE,FALSE,TRUE,1,0,0,0,1,0,0,0,0,0,FALSE,FALSE
1,Electronics,439,0,5,2.307517084,1.102373907,0,4,1.138952164,0,2,3,4,0,1,FALSE,FALSE,FALSE,TRUE,1,0,0,0,1,0,0,0,0,0,FALSE,FALSE
1,Apparels (Clothes),439,0,5,2.134396355,1.191341786,0,4,1.138952164,0,1,2,0,4,3,FALSE,FALSE,FALSE,TRUE,1,0,0,0,1,0,0,0,0,0,FALSE,FALSE
1,Home and Furnishing,439,0,5,1.261958998,1.072406779,0,4,1.138952164,0,3,1,2,0,4,FALSE,FALSE,FALSE,TRUE,1,0,0,0,1,0,0,0,0,0,FALSE,FALSE
1,"Baby, Beauty and Personal Care",439,0,5,1.603644647,1.299232443,0,4,1.138952164,0,3,1,2,0,4,FALSE,FALSE,FALSE,TRUE,1,0,0,0,1,0,0,0,0,0,FALSE,FALSE
1,Books and Stationery,439,0,5,1.835990888,1.266523,0,4,1.138952164,0,1,2,3,4,0,FALSE,FALSE,FALSE,TRUE,1,0,0,0,1,0,0,0,0,0,FALSE,FALSE
1,Grocery,439,0,5,1.437357631,1.348269231,0,4,1.138952164,0,3,0,4,1,2,FALSE,FALSE,FALSE,TRUE,1,0,0,0,1,0,0,0,0,0,FALSE,FALSE
6,Which among the following E-Commerce Website have you ever opened?,439,0,256,0,0,0,0,58.3143508,0,"Flipkart, Bestylish","Flipkart, Amazon, Snapdeal, PayTm Mall, Jabong, Myntra, BigBasket","Flipkart, Amazon, Snapdeal, PayTm Mall, Jabong, Ebay, Bewakoof.com, Myntra, BigBasket, Lenskart.com","Flipkart, Amazon, PayTm Mall, Home Shop18, BigBasket","Flipkart, Amazon, Snapdeal, PayTm Mall, Home Shop18, Myntra, Healthkart",TRUE,FALSE,FALSE,FALSE,7.4,3.006659276,0,0,61.2,26.09521029,6.4,3.006659276,6.4,3.006659276,TRUE,FALSE
6,"Which shopping platforms did you shop from, in the last one year?",439,5,121,0,0,0,0,27.56264237,1.138952164,"PayTm Mall, Bewakoof.com","Flipkart, PayTm Mall","Flipkart, Amazon, Jabong, Myntra","Flipkart, Amazon","Flipkart, Amazon, PayTm Mall",TRUE,FALSE,FALSE,FALSE,3.2,0.748331477,0,0,24,5.656854249,2.2,0.748331477,2.2,0.748331477,TRUE,FALSE
1,Which online shopping website do you use the most?,439,5,9,0,0,0,0,2.050113895,1.138952164,PayTm Mall,Flipkart,Amazon,Myntra,Bewakoof.com,FALSE,FALSE,FALSE,FALSE,1.2,0.4,0,0,8.4,2.332380758,0.2,0.4,0.2,0.4,FALSE,FALSE
1,Please specify the reason why you didn’t stick to one particular platform. Choose Option 1 if you have always shopped from one online platform,439,0,134,0,0,0,0,30.523918,0,Because of fast delivery,I always stick with a particular shopping platform,"Because of price variance, Because of After sales service, Because of return and exchange policy, Because of fast delivery, Because the product range was more on another platform, Bad past experience with my previous platform, I shop different categories from different platforms (like Electronics from Amazon, Footwear from Flipkart, etc.), I saw good discounts on one platform as compared to others on special occasions (like Diwali, New Year, etc.)","I shop different categories from different platforms (like Electronics from Amazon, Footwear from Flipkart, etc.)","I always stick with a particular shopping platform, Because of price variance, Because of return and exchange policy, Because the product range was more on another platform",TRUE,FALSE,FALSE,FALSE,24.6,23.53380547,6.6,6.343500611,162,153.3688365,23.6,23.53380547,23.6,23.53380547,FALSE,TRUE
1,How many online shopping orders do you place annually?,439,0,4,0,0,0,0,0.911161731,0,20-Oct,Less than 10,More than 30,20-30,Less than 10,FALSE,FALSE,FALSE,FALSE,2.2,0.979795897,0.6,0.489897949,9.2,3.42928564,1.2,0.979795897,1.2,0.979795897,FALSE,FALSE
1,What is your “Average Cart Value”?,439,0,5,0,0,0,0,1.138952164,0,"Between Rs. 10,000- Rs. 20,000","Between Rs. 5,000- Rs. 10,000","Between Rs. 1,000- Rs. 5,000","More than Rs. 20,000","Less than Rs. 1,000",TRUE,FALSE,FALSE,FALSE,4.6,0.489897949,0.4,0.489897949,25.2,4.707440918,3.6,0.489897949,3.6,0.489897949,TRUE,FALSE
1,What is the maximum cart value you ever shopped?,439,0,5,0,0,0,0,1.138952164,0,"Between Rs. 1,000- Rs. 5,000","Between Rs. 10,000- Rs. 20,000","More than Rs. 20,000","Between Rs. 5,000- Rs. 10,000","Less than Rs.1,000",TRUE,FALSE,FALSE,FALSE,4.4,0.8,0.4,0.489897949,25,4.979959839,3.4,0.8,3.4,0.8,TRUE,FALSE
1,"Thinking of the last time you put items in your shopping cart but did not finish the online purchase, which of the following describes why you didn’t complete the transaction?",439,0,12,0,0,0,0,2.733485194,0,I wanted to compare prices on other sites,Product price was higher than I was willing to pay,I was not ready to purchase the product,I changed my mind,Just wanted to save to products in my cart for later consideration,FALSE,FALSE,FALSE,FALSE,8.4,2.653299832,3.4,1.356465997,42.6,15.9574434,7.4,2.653299832,7.4,2.653299832,FALSE,FALSE
1,Which device do you use for Online Shopping?,439,0,3,0,0,0,0,0.683371298,0,Website on Laptop/Computer,Mobile App,Website on Mobile,Mobile App,Mobile App,FALSE,FALSE,FALSE,FALSE,2.4,0.489897949,0.4,0.489897949,14.6,6.311893535,1.4,0.489897949,1.4,0.489897949,FALSE,FALSE
1,Which of the following value-addition services do you like the most on online shopping platform?,439,0,8,0,0,0,0,1.822323462,0,“People who bought this also bought” section,Personalized product pages based on location,Getting personal emails for special discounts,Image and Voice Search Options,Platform’s own payment wallet like AmazonPay etc,FALSE,FALSE,FALSE,FALSE,6.2,0.748331477,1.4,0.489897949,42.2,6.273754857,5.2,0.748331477,5.2,0.748331477,FALSE,FALSE
1, Which factors enhance your convenience for online shopping?,439,0,62,0,0,0,0,14.12300683,0,Do not have to travel,Low price as compared to offline markets,"Low price as compared to offline markets, Offers, Comparison of Prices","Huge variety of items and choices, Do not have to travel, Being able to shop 24*7, Comparison of Prices","Huge variety of items and choices, Do not have to travel, Offers, Being able to shop 24*7",TRUE,FALSE,FALSE,FALSE,11.8,5.455272679,4.2,1.939071943,64.6,30.34864083,10.8,5.455272679,10.8,5.455272679,TRUE,TRUE
1,Why do you prefer Offline shopping over Online Shopping? (Tick the first option if you prefer Online Shopping)? Select your Top 2 choices* ,439,0,38,0,0,0,0,8.656036446,0,I can bargain to lower price in offline shopping,I prefer Online Shopping!,"I can actually touch, feel and experience the product","I can bargain to lower price in offline shopping, I can actually touch, feel and experience the product","I can actually touch, feel and experience the product, I don’t have to wait for my order to arrive",TRUE,FALSE,FALSE,FALSE,11.8,5.775811631,4.4,3.382306905,65.4,30.21655176,10.8,5.775811631,10.8,5.775811631,TRUE,TRUE
1, Will you be more attracted to the platform with content in the native language?,439,0,3,0,0,0,0,0.683371298,0,No,Maybe,Yes,No,No,FALSE,FALSE,FALSE,FALSE,1,0,0,0,2.8,1.166190379,0,0,0,0,FALSE,FALSE
1,Which payment option do you prefer the most while making an online purchase?,439,0,8,0,0,0,0,1.822323462,0,Cash on Delivery,Debit Card,UPI like GooglePay,Credit Card,Net Banking,FALSE,FALSE,FALSE,FALSE,2.4,0.489897949,0.2,0.4,13.2,3.18747549,1.4,0.489897949,1.4,0.489897949,FALSE,FALSE
1, Do you prefer pre-online payment if there is an extra discount on it?,439,0,3,0,0,0,0,0.683371298,0,Maybe,Yes,No,Maybe,Maybe,FALSE,FALSE,FALSE,FALSE,1,0,0,0,4,1.264911064,0,0,0,0,FALSE,FALSE
1,"Will you buy a subscription service offered by an online shopping platform that includes one-day delivery, exclusive deals, and offers, video streaming?",439,0,3,0,0,0,0,0.683371298,0,Yes,Maybe,No,Maybe,Yes,FALSE,FALSE,FALSE,FALSE,1,0,0,0,3.6,1.2,0,0,0,0,FALSE,FALSE